id	ref_score	var_score	delta
chr17:41276135:T>G	-0.8578420877456665	-0.8579897880554199	-0.00014770030975341797
chr17:41276135:T>C	-0.8578420877456665	-0.8581473231315613	-0.0003052353858947754
chr17:41276135:T>A	-0.8578420877456665	-0.8579041957855225	-6.210803985595703e-05
chr17:41276134:T>G	-0.858279824256897	-0.8585151433944702	-0.0002353191375732422
chr17:41276134:T>C	-0.858279824256897	-0.8582425713539124	3.725290298461914e-05
chr17:41276134:T>A	-0.858279824256897	-0.8583540320396423	-7.420778274536133e-05
chr17:41276133:C>T	-0.8582576513290405	-0.8581556081771851	0.00010204315185546875
chr17:41276133:C>G	-0.8582576513290405	-0.8585665225982666	-0.0003088712692260742
chr17:41276133:C>A	-0.8582576513290405	-0.8584460020065308	-0.00018835067749023438
chr17:41276132:A>T	-0.8582541942596436	-0.8584887981414795	-0.0002346038818359375
chr17:41276132:A>G	-0.8582541942596436	-0.8581480383872986	0.0001061558723449707
chr17:41276132:A>C	-0.8582541942596436	-0.858424186706543	-0.00016999244689941406
chr17:41276131:A>T	-0.8584305047988892	-0.8586040139198303	-0.0001735091209411621
chr17:41276131:A>G	-0.8584305047988892	-0.8586753606796265	-0.0002448558807373047
chr17:41276131:A>C	-0.8584305047988892	-0.8586822152137756	-0.0002517104148864746
chr17:41276130:G>T	-0.8585972189903259	-0.8584752082824707	0.00012201070785522461
chr17:41276130:G>C	-0.8585972189903259	-0.8588846325874329	-0.0002874135971069336
chr17:41276130:G>A	-0.8585972189903259	-0.8585425615310669	5.46574592590332e-05
chr17:41276129:T>G	-0.8587231040000916	-0.8584107160568237	0.00031238794326782227
chr17:41276129:T>C	-0.8587231040000916	-0.8589795231819153	-0.00025641918182373047
chr17:41276129:T>A	-0.8587231040000916	-0.8586762547492981	4.684925079345703e-05
chr17:41276128:A>T	-0.8587799668312073	-0.8585024476051331	0.00027751922607421875
chr17:41276128:A>C	-0.8587799668312073	-0.8587650060653687	1.4960765838623047e-05
chr17:41276127:A>T	-0.8589563965797424	-0.8594218492507935	-0.0004654526710510254
chr17:41276127:A>G	-0.8589563965797424	-0.859243631362915	-0.0002872347831726074
chr17:41276127:A>C	-0.8589563965797424	-0.8593238592147827	-0.0003674626350402832
chr17:41276126:C>T	-0.8590236902236938	-0.8591306805610657	-0.00010699033737182617
chr17:41276126:C>G	-0.8590236902236938	-0.8596407771110535	-0.0006170868873596191
chr17:41276126:C>A	-0.8590236902236938	-0.8593847751617432	-0.0003610849380493164
chr17:41276125:C>T	-0.8589833974838257	-0.8592965006828308	-0.00031310319900512695
chr17:41276125:C>G	-0.8589833974838257	-0.8593301773071289	-0.00034677982330322266
chr17:41276125:C>A	-0.8589833974838257	-0.8593400120735168	-0.0003566145896911621
chr17:41276124:T>G	-0.8590731024742126	-0.8596688508987427	-0.0005957484245300293
chr17:41276124:T>C	-0.8590731024742126	-0.859260618686676	-0.0001875162124633789
chr17:41276124:T>A	-0.8590731024742126	-0.859556257724762	-0.0004831552505493164
chr17:41276123:T>G	-0.8593184351921082	-0.8594176769256592	-9.924173355102539e-05
chr17:41276123:T>C	-0.8593184351921082	-0.8596394658088684	-0.0003210306167602539
chr17:41276123:T>A	-0.8593184351921082	-0.8594549894332886	-0.00013655424118041992
chr17:41276122:G>T	-0.8591400980949402	-0.8596173524856567	-0.00047725439071655273
chr17:41276122:G>C	-0.8591400980949402	-0.8597787022590637	-0.0006386041641235352
chr17:41276122:G>A	-0.8591400980949402	-0.8592941761016846	-0.00015407800674438477
chr17:41276121:T>G	-0.8593000173568726	-0.8591769933700562	0.00012302398681640625
chr17:41276121:T>C	-0.8593000173568726	-0.8590479493141174	0.00025206804275512695
chr17:41276121:T>A	-0.8593000173568726	-0.858870804309845	0.0004292130470275879
chr17:41276120:C>T	-0.8591769337654114	-0.8593639731407166	-0.00018703937530517578
chr17:41276120:C>G	-0.8591769337654114	-0.8593128323554993	-0.00013589859008789062
chr17:41276120:C>A	-0.8591769337654114	-0.8593198657035828	-0.00014293193817138672
chr17:41276119:T>G	-0.8590519428253174	-0.8596715331077576	-0.0006195902824401855
chr17:41276119:T>C	-0.8590519428253174	-0.859271228313446	-0.0002192854881286621
chr17:41276119:T>A	-0.8590519428253174	-0.8592318296432495	-0.0001798868179321289
chr17:41276118:T>G	-0.8589038252830505	-0.859397292137146	-0.000493466854095459
chr17:41276118:T>C	-0.8589038252830505	-0.8592944145202637	-0.00039058923721313477
chr17:41276118:T>A	-0.8589038252830505	-0.8599745631217957	-0.0010707378387451172
chr17:41276117:T>G	-0.8589270114898682	-0.8593220710754395	-0.00039505958557128906
chr17:41276117:T>C	-0.8589270114898682	-0.8593730330467224	-0.00044602155685424805
chr17:41276117:T>A	-0.8589270114898682	-0.8595479130744934	-0.0006209015846252441
chr17:41276116:C>T	-0.8587859869003296	-0.8596051931381226	-0.0008192062377929688
chr17:41276116:C>G	-0.8587859869003296	-0.8595009446144104	-0.0007149577140808105
chr17:41276116:C>A	-0.8587859869003296	-0.8593508005142212	-0.0005648136138916016
chr17:41276115:T>G	-0.8589751124382019	-0.8595409393310547	-0.0005658268928527832
chr17:41276115:T>C	-0.8589751124382019	-0.8590309619903564	-5.5849552154541016e-05
chr17:41276115:T>A	-0.8589751124382019	-0.8595596551895142	-0.0005845427513122559
chr17:41276114:T>G	-0.8586171865463257	-0.8588128089904785	-0.00019562244415283203
chr17:41276114:T>C	-0.8586171865463257	-0.8586257696151733	-8.58306884765625e-06
chr17:41276114:T>A	-0.8586171865463257	-0.858662486076355	-4.5299530029296875e-05
chr17:41276113:T>G	-0.8584810495376587	-0.8599931597709656	-0.0015121102333068848
chr17:41276113:T>C	-0.8584810495376587	-0.8599421381950378	-0.0014610886573791504
chr17:41276113:T>A	-0.8584810495376587	-0.8597596287727356	-0.0012785792350769043
chr17:41276112:A>T	-0.8584899306297302	-0.8597865700721741	-0.0012966394424438477
chr17:41276112:A>G	-0.8584899306297302	-0.8597105145454407	-0.0012205839157104492
chr17:41276112:A>C	-0.8584899306297302	-0.8597659468650818	-0.0012760162353515625
chr17:41276111:C>T	-0.8586328029632568	-0.859442949295044	-0.0008101463317871094
chr17:41276111:C>G	-0.8586328029632568	-0.8594827651977539	-0.0008499622344970703
chr17:41276111:C>A	-0.8586328029632568	-0.859460711479187	-0.0008279085159301758
chr17:41276110:C>T	-0.8583473563194275	-0.8589333891868591	-0.0005860328674316406
chr17:41276110:C>G	-0.8583473563194275	-0.8593961000442505	-0.001048743724822998
chr17:41276110:C>A	-0.8583473563194275	-0.859312891960144	-0.0009655356407165527
chr17:41276109:T>G	-0.8583033084869385	-0.859167218208313	-0.0008639097213745117
chr17:41276109:T>C	-0.8583033084869385	-0.859277069568634	-0.0009737610816955566
chr17:41276109:T>A	-0.8583033084869385	-0.8597884774208069	-0.0014851689338684082
chr17:41276108:A>T	-0.8585672378540039	-0.8594282269477844	-0.0008609890937805176
chr17:41276108:A>G	-0.8585672378540039	-0.8584662675857544	0.00010097026824951172
chr17:41276108:A>C	-0.8585672378540039	-0.8591085076332092	-0.0005412697792053223
chr17:41276107:A>T	-0.8585336804389954	-0.858924925327301	-0.00039124488830566406
chr17:41276107:A>G	-0.8585336804389954	-0.8590055704116821	-0.0004718899726867676
chr17:41276107:A>C	-0.8585336804389954	-0.858825147151947	-0.00029146671295166016
chr17:41276106:A>T	-0.858508825302124	-0.860249400138855	-0.001740574836730957
chr17:41276106:A>G	-0.858508825302124	-0.8592451810836792	-0.0007363557815551758
chr17:41276106:A>C	-0.858508825302124	-0.8598425388336182	-0.0013337135314941406
chr17:41276105:T>G	-0.8584606647491455	-0.8586435914039612	-0.00018292665481567383
chr17:41276105:T>C	-0.8584606647491455	-0.8590285181999207	-0.0005678534507751465
chr17:41276105:T>A	-0.8584606647491455	-0.8586679100990295	-0.0002072453498840332
chr17:41276104:A>T	-0.8582032918930054	-0.8592369556427002	-0.0010336637496948242
chr17:41276104:A>G	-0.8582032918930054	-0.8589865565299988	-0.0007832646369934082
chr17:41276104:A>C	-0.8582032918930054	-0.8589361310005188	-0.0007328391075134277
chr17:41276103:G>T	-0.8580762147903442	-0.8601298928260803	-0.002053678035736084
chr17:41276103:G>C	-0.8580762147903442	-0.8592718839645386	-0.001195669174194336
chr17:41276103:G>A	-0.8580762147903442	-0.8594226241111755	-0.0013464093208312988
chr17:41276102:A>T	-0.8583851456642151	-0.8584125638008118	-2.7418136596679688e-05
chr17:41276102:A>G	-0.8583851456642151	-0.8589349389076233	-0.0005497932434082031
chr17:41276102:A>C	-0.8583851456642151	-0.8586742281913757	-0.00028908252716064453
chr17:41276101:C>T	-0.8586224317550659	-0.8590078353881836	-0.0003854036331176758
chr17:41276101:C>G	-0.8586224317550659	-0.8594707250595093	-0.0008482933044433594
chr17:41276101:C>A	-0.8586224317550659	-0.8588576912879944	-0.0002352595329284668
chr17:41276100:G>T	-0.8586611747741699	-0.8599327206611633	-0.0012715458869934082
chr17:41276100:G>C	-0.8586611747741699	-0.8600345253944397	-0.0013733506202697754
chr17:41276100:G>A	-0.8586611747741699	-0.8597107529640198	-0.0010495781898498535
chr17:41276099:A>T	-0.8582781553268433	-0.8588423728942871	-0.0005642175674438477
chr17:41276099:A>G	-0.8582781553268433	-0.8587687611579895	-0.0004906058311462402
chr17:41276099:A>C	-0.8582781553268433	-0.8590439558029175	-0.0007658004760742188
chr17:41276098:G>T	-0.8579879403114319	-0.8571098446846008	0.0008780956268310547
chr17:41276098:G>C	-0.8579879403114319	-0.8572745323181152	0.0007134079933166504
chr17:41276098:G>A	-0.8579879403114319	-0.8582954406738281	-0.00030750036239624023
chr17:41276097:A>T	-0.8582084774971008	-0.8584058284759521	-0.00019735097885131836
chr17:41276097:A>G	-0.8582084774971008	-0.8597994446754456	-0.0015909671783447266
chr17:41276097:A>C	-0.8582084774971008	-0.858868420124054	-0.000659942626953125
chr17:41276096:A>T	-0.8581793308258057	-0.8591145277023315	-0.0009351968765258789
chr17:41276096:A>G	-0.8581793308258057	-0.8588573336601257	-0.0006780028343200684
chr17:41276096:A>C	-0.8581793308258057	-0.8589518666267395	-0.0007725358009338379
chr17:41276095:G>T	-0.8584800362586975	-0.8598573803901672	-0.0013773441314697266
chr17:41276095:G>C	-0.8584800362586975	-0.8601709604263306	-0.0016909241676330566
chr17:41276095:G>A	-0.8584800362586975	-0.8598154187202454	-0.0013353824615478516
chr17:41276094:C>T	-0.8586081862449646	-0.8587273955345154	-0.00011920928955078125
chr17:41276094:C>G	-0.8586081862449646	-0.8604121208190918	-0.0018039345741271973
chr17:41276094:C>A	-0.8586081862449646	-0.8607091307640076	-0.0021009445190429688
chr17:41276093:G>T	-0.8588002324104309	-0.8587286472320557	7.158517837524414e-05
chr17:41276093:G>C	-0.8588002324104309	-0.8587758541107178	2.4378299713134766e-05
chr17:41276093:G>A	-0.8588002324104309	-0.8585151433944702	0.00028508901596069336
chr17:41276092:C>T	-0.8584989309310913	-0.8583400845527649	0.00015884637832641602
chr17:41276092:C>G	-0.8584989309310913	-0.8589414954185486	-0.0004425644874572754
chr17:41276092:C>A	-0.8584989309310913	-0.8597899079322815	-0.0012909770011901855
chr17:41276091:A>T	-0.858754575252533	-0.8614567518234253	-0.002702176570892334
chr17:41276091:A>G	-0.858754575252533	-0.8595044612884521	-0.0007498860359191895
chr17:41276091:A>C	-0.858754575252533	-0.8617451190948486	-0.002990543842315674
chr17:41276090:A>T	-0.8586439490318298	-0.8590211868286133	-0.00037723779678344727
chr17:41276090:A>G	-0.8586439490318298	-0.8590506911277771	-0.0004067420959472656
chr17:41276090:A>C	-0.8586439490318298	-0.8591172099113464	-0.00047326087951660156
chr17:41276089:C>T	-0.8584185242652893	-0.8600588440895081	-0.00164031982421875
chr17:41276089:C>G	-0.8584185242652893	-0.8590908646583557	-0.0006723403930664062
chr17:41276089:C>A	-0.8584185242652893	-0.8601487874984741	-0.0017302632331848145
chr17:41276088:T>G	-0.8582456111907959	-0.860026478767395	-0.001780867576599121
chr17:41276088:T>C	-0.8582456111907959	-0.861016035079956	-0.0027704238891601562
chr17:41276088:T>A	-0.8582456111907959	-0.8610166311264038	-0.00277101993560791
chr17:41276087:T>G	-0.8585189580917358	-0.8599031567573547	-0.0013841986656188965
chr17:41276087:T>C	-0.8585189580917358	-0.8589084148406982	-0.00038945674896240234
chr17:41276087:T>A	-0.8585189580917358	-0.8594939708709717	-0.0009750127792358398
chr17:41276086:C>T	-0.8585911989212036	-0.8622169494628906	-0.0036257505416870117
chr17:41276086:C>G	-0.8585911989212036	-0.8615384101867676	-0.002947211265563965
chr17:41276086:C>A	-0.8585911989212036	-0.8623916506767273	-0.0038004517555236816
chr17:41276085:T>G	-0.8583800792694092	-0.8623948693275452	-0.004014790058135986
chr17:41276085:T>C	-0.8583800792694092	-0.8619900345802307	-0.003609955310821533
chr17:41276085:T>A	-0.8583800792694092	-0.8624118566513062	-0.004031777381896973
chr17:41276084:T>G	-0.8586360216140747	-0.8603575229644775	-0.001721501350402832
chr17:41276084:T>C	-0.8586360216140747	-0.859527587890625	-0.000891566276550293
chr17:41276084:T>A	-0.8586360216140747	-0.8601668477058411	-0.0015308260917663574
chr17:41276083:C>T	-0.858927309513092	-0.8602275848388672	-0.0013002753257751465
chr17:41276083:C>G	-0.858927309513092	-0.8621574640274048	-0.003230154514312744
chr17:41276083:C>A	-0.858927309513092	-0.8621158599853516	-0.0031885504722595215
chr17:41276082:A>T	-0.8588833212852478	-0.8629961609840393	-0.004112839698791504
chr17:41276082:A>G	-0.8588833212852478	-0.8619633913040161	-0.0030800700187683105
chr17:41276082:A>C	-0.8588833212852478	-0.8628595471382141	-0.003976225852966309
chr17:41276081:T>G	-0.8591136932373047	-0.8592539429664612	-0.00014024972915649414
chr17:41276081:T>C	-0.8591136932373047	-0.8594451546669006	-0.00033146142959594727
chr17:41276081:T>A	-0.8591136932373047	-0.8593435287475586	-0.00022983551025390625
chr17:41276080:G>T	-0.8592883348464966	-0.861167848110199	-0.0018795132637023926
chr17:41276080:G>C	-0.8592883348464966	-0.8620975017547607	-0.00280916690826416
chr17:41276080:G>A	-0.8592883348464966	-0.862678587436676	-0.0033902525901794434
chr17:41276079:T>G	-0.8595393300056458	-0.8628814816474915	-0.003342151641845703
chr17:41276079:T>C	-0.8595393300056458	-0.8616628050804138	-0.0021234750747680664
chr17:41276079:T>A	-0.8595393300056458	-0.8619994521141052	-0.0024601221084594727
chr17:41276078:T>G	-0.8596187233924866	-0.8604273796081543	-0.0008086562156677246
chr17:41276078:T>C	-0.8596187233924866	-0.8596203923225403	-1.6689300537109375e-06
chr17:41276078:T>A	-0.8596187233924866	-0.8605318069458008	-0.000913083553314209
chr17:41276077:T>G	-0.8597638607025146	-0.8622500896453857	-0.0024862289428710938
chr17:41276077:T>C	-0.8597638607025146	-0.86156165599823	-0.001797795295715332
chr17:41276077:T>A	-0.8597638607025146	-0.8630920052528381	-0.0033281445503234863
chr17:41276076:T>G	-0.8600261807441711	-0.8613453507423401	-0.0013191699981689453
chr17:41276076:T>C	-0.8600261807441711	-0.8607308268547058	-0.000704646110534668
chr17:41276076:T>A	-0.8600261807441711	-0.8625147938728333	-0.0024886131286621094
chr17:41276075:A>T	-0.860167920589447	-0.8618286848068237	-0.001660764217376709
chr17:41276075:A>G	-0.860167920589447	-0.8606351613998413	-0.0004672408103942871
chr17:41276075:A>C	-0.860167920589447	-0.8620097041130066	-0.0018417835235595703
chr17:41276074:C>T	-0.8601382970809937	-0.8607473969459534	-0.0006090998649597168
chr17:41276074:C>G	-0.8601382970809937	-0.8625739812850952	-0.0024356842041015625
chr17:41276074:C>A	-0.8601382970809937	-0.8644168376922607	-0.00427854061126709
chr17:41276073:A>T	-0.8603857159614563	-0.864874005317688	-0.0044882893562316895
chr17:41276073:A>G	-0.8603857159614563	-0.8624716997146606	-0.0020859837532043457
chr17:41276073:A>C	-0.8603857159614563	-0.8643529415130615	-0.003967225551605225
chr17:41276072:G>T	-0.8605047464370728	-0.8608425259590149	-0.00033777952194213867
chr17:41276072:G>C	-0.8605047464370728	-0.8606804013252258	-0.00017565488815307617
chr17:41276072:G>A	-0.8605047464370728	-0.8607411980628967	-0.0002364516258239746
chr17:41276071:T>G	-0.8609442114830017	-0.8598067164421082	0.0011374950408935547
chr17:41276071:T>C	-0.8609442114830017	-0.8611172437667847	-0.00017303228378295898
chr17:41276071:T>A	-0.8609442114830017	-0.8621664643287659	-0.0012222528457641602
chr17:41276070:A>T	-0.8610278367996216	-0.8647971749305725	-0.0037693381309509277
chr17:41276070:A>G	-0.8610278367996216	-0.8638966679573059	-0.002868831157684326
chr17:41276070:A>C	-0.8610278367996216	-0.8645885586738586	-0.0035607218742370605
chr17:41276069:A>T	-0.8611714243888855	-0.8611379861831665	3.343820571899414e-05
chr17:41276069:A>G	-0.8611714243888855	-0.8611874580383301	-1.6033649444580078e-05
chr17:41276069:A>C	-0.8611714243888855	-0.8609973788261414	0.00017404556274414062
chr17:41276068:T>G	-0.8610641360282898	-0.8621311187744141	-0.0010669827461242676
chr17:41276068:T>C	-0.8610641360282898	-0.8631887435913086	-0.002124607563018799
chr17:41276068:T>A	-0.8610641360282898	-0.8626315593719482	-0.0015674233436584473
chr17:41276067:T>G	-0.8613183498382568	-0.8613775968551636	-5.924701690673828e-05
chr17:41276067:T>C	-0.8613183498382568	-0.8613507747650146	-3.24249267578125e-05
chr17:41276067:T>A	-0.8613183498382568	-0.8622276782989502	-0.0009093284606933594
chr17:41276066:A>T	-0.8614872694015503	-0.8623571395874023	-0.0008698701858520508
chr17:41276066:A>G	-0.8614872694015503	-0.8619078397750854	-0.00042057037353515625
chr17:41276066:A>C	-0.8614872694015503	-0.8623292446136475	-0.000841975212097168
chr17:41276065:C>T	-0.861452579498291	-0.8625001311302185	-0.0010475516319274902
chr17:41276065:C>G	-0.861452579498291	-0.866058886051178	-0.004606306552886963
chr17:41276065:C>A	-0.861452579498291	-0.8623325824737549	-0.0008800029754638672
chr17:41276064:G>T	-0.8616134524345398	-0.8654448986053467	-0.0038314461708068848
chr17:41276064:G>C	-0.8616134524345398	-0.8637664914131165	-0.00215303897857666
chr17:41276064:G>A	-0.8616134524345398	-0.8635368943214417	-0.0019234418869018555
chr17:41276063:A>T	-0.8617790341377258	-0.8619417548179626	-0.0001627206802368164
chr17:41276063:A>G	-0.8617790341377258	-0.8619871735572815	-0.00020813941955566406
chr17:41276063:A>C	-0.8617790341377258	-0.8623867630958557	-0.0006077289581298828
chr17:41276062:T>G	-0.8618605732917786	-0.8627694249153137	-0.0009088516235351562
chr17:41276062:T>C	-0.8618605732917786	-0.8627285361289978	-0.0008679628372192383
chr17:41276062:T>A	-0.8618605732917786	-0.8626609444618225	-0.0008003711700439453
chr17:41276061:A>T	-0.8618046641349792	-0.8665586113929749	-0.0047539472579956055
chr17:41276061:A>G	-0.8618046641349792	-0.8648472428321838	-0.00304257869720459
chr17:41276061:A>C	-0.8618046641349792	-0.8666167855262756	-0.004812121391296387
chr17:41276060:C>T	-0.8619471192359924	-0.8627209663391113	-0.0007738471031188965
chr17:41276060:C>G	-0.8619471192359924	-0.8629186153411865	-0.0009714961051940918
chr17:41276060:C>A	-0.8619471192359924	-0.8633416295051575	-0.001394510269165039
chr17:41276059:G>T	-0.8621053695678711	-0.8637557625770569	-0.001650393009185791
chr17:41276059:G>C	-0.8621053695678711	-0.8648326992988586	-0.002727329730987549
chr17:41276059:G>A	-0.8621053695678711	-0.8672083616256714	-0.005102992057800293
chr17:41276058:T>G	-0.8624317646026611	-0.8669443130493164	-0.0045125484466552734
chr17:41276058:T>C	-0.8624317646026611	-0.8630678653717041	-0.0006361007690429688
chr17:41276058:T>A	-0.8624317646026611	-0.8659384846687317	-0.0035067200660705566
chr17:41276057:C>T	-0.8623462915420532	-0.8630639314651489	-0.0007176399230957031
chr17:41276057:C>G	-0.8623462915420532	-0.8625173568725586	-0.0001710653305053711
chr17:41276057:C>A	-0.8623462915420532	-0.8626630306243896	-0.0003167390823364258
chr17:41276056:T>G	-0.8624273538589478	-0.862987220287323	-0.0005598664283752441
chr17:41276056:T>C	-0.8624273538589478	-0.863660991191864	-0.0012336373329162598
chr17:41276056:T>A	-0.8624273538589478	-0.8674991726875305	-0.005071818828582764
chr17:41276055:T>G	-0.8627632260322571	-0.864718496799469	-0.001955270767211914
chr17:41276055:T>C	-0.8627632260322571	-0.8633370399475098	-0.0005738139152526855
chr17:41276055:T>A	-0.8627632260322571	-0.8654488325119019	-0.0026856064796447754
chr17:41276054:T>G	-0.8628930449485779	-0.8644354343414307	-0.0015423893928527832
chr17:41276054:T>C	-0.8628930449485779	-0.8631746768951416	-0.0002816319465637207
chr17:41276054:T>A	-0.8628930449485779	-0.8643032312393188	-0.0014101862907409668
chr17:41276053:T>G	-0.8630018830299377	-0.8638722896575928	-0.0008704066276550293
chr17:41276053:T>C	-0.8630018830299377	-0.8633970618247986	-0.00039517879486083984
chr17:41276053:T>A	-0.8630018830299377	-0.8663791418075562	-0.003377258777618408
chr17:41276052:A>T	-0.8629828095436096	-0.866177499294281	-0.0031946897506713867
chr17:41276052:A>G	-0.8629828095436096	-0.864324688911438	-0.0013418793678283691
chr17:41276052:A>C	-0.8629828095436096	-0.8659811019897461	-0.0029982924461364746
chr17:41276051:G>T	-0.8630173206329346	-0.8637961745262146	-0.0007788538932800293
chr17:41276051:G>C	-0.8630173206329346	-0.8641759753227234	-0.0011586546897888184
chr17:41276051:G>A	-0.8630173206329346	-0.8632875680923462	-0.0002702474594116211
chr17:41276050:A>T	-0.862914502620697	-0.8640153408050537	-0.0011008381843566895
chr17:41276050:A>G	-0.862914502620697	-0.8632286190986633	-0.0003141164779663086
chr17:41276050:A>C	-0.862914502620697	-0.8646793365478516	-0.001764833927154541
chr17:41276049:A>T	-0.8628973364830017	-0.8678174614906311	-0.0049201250076293945
chr17:41276049:A>G	-0.8628973364830017	-0.8656970858573914	-0.0027997493743896484
chr17:41276049:A>C	-0.8628973364830017	-0.8676587343215942	-0.004761397838592529
chr17:41276048:T>G	-0.863269567489624	-0.8645324110984802	-0.0012628436088562012
chr17:41276048:T>C	-0.863269567489624	-0.8635808825492859	-0.00031131505966186523
chr17:41276048:T>A	-0.863269567489624	-0.8648002743721008	-0.0015307068824768066
chr17:41276047:C>T	-0.8635578751564026	-0.8631027936935425	0.0004550814628601074
chr17:41276047:C>G	-0.8635578751564026	-0.8635961413383484	-3.826618194580078e-05
chr17:41276047:C>A	-0.8635578751564026	-0.8678754568099976	-0.004317581653594971
chr17:41276046:T>G	-0.8634577989578247	-0.864322304725647	-0.0008645057678222656
chr17:41276046:T>C	-0.8634577989578247	-0.8660122156143188	-0.0025544166564941406
chr17:41276046:T>A	-0.8634577989578247	-0.8662183284759521	-0.0027605295181274414
chr17:41276045:C>T	-0.863936185836792	-0.8635145425796509	0.0004216432571411133
chr17:41276045:C>G	-0.863936185836792	-0.8638331294059753	0.00010305643081665039
chr17:41276045:C>A	-0.863936185836792	-0.8637769818305969	0.00015920400619506836
chr17:41276044:A>T	-0.8638885617256165	-0.865970253944397	-0.0020816922187805176
chr17:41276044:A>G	-0.8638885617256165	-0.8652335405349731	-0.0013449788093566895
chr17:41276044:A>C	-0.8638885617256165	-0.8659228682518005	-0.002034306526184082
chr17:41276043:C>T	-0.8641096353530884	-0.8646668791770935	-0.000557243824005127
chr17:41276043:C>G	-0.8641096353530884	-0.8653677701950073	-0.0012581348419189453
chr17:41276043:C>A	-0.8641096353530884	-0.8638501167297363	0.0002595186233520508
chr17:41276042:A>T	-0.8637966513633728	-0.8684837222099304	-0.004687070846557617
chr17:41276042:A>G	-0.8637966513633728	-0.8643330335617065	-0.0005363821983337402
chr17:41276042:A>C	-0.8637966513633728	-0.8652751445770264	-0.0014784932136535645
chr17:41276041:G>T	-0.8634035587310791	-0.864949107170105	-0.001545548439025879
chr17:41276041:G>C	-0.8634035587310791	-0.8654642105102539	-0.0020606517791748047
chr17:41276041:G>A	-0.8634035587310791	-0.8646190166473389	-0.0012154579162597656
chr17:41276040:G>C	-0.8635883927345276	-0.8659875392913818	-0.002399146556854248
chr17:41276040:G>A	-0.8635883927345276	-0.8668143153190613	-0.0032259225845336914
chr17:41276038:T>G	-0.8641557097434998	-0.8636436462402344	0.0005120635032653809
chr17:41276038:T>C	-0.8641557097434998	-0.8642995953559875	-0.00014388561248779297
chr17:41276037:A>T	-0.8642473220825195	-0.8664505481719971	-0.002203226089477539
chr17:41276037:A>G	-0.8642473220825195	-0.8654878735542297	-0.001240551471710205
chr17:41276037:A>C	-0.8642473220825195	-0.8661313056945801	-0.0018839836120605469
chr17:41276036:G>T	-0.8642498850822449	-0.8644348382949829	-0.0001849532127380371
chr17:41276036:G>C	-0.8642498850822449	-0.8646270632743835	-0.0003771781921386719
chr17:41276036:G>A	-0.8642498850822449	-0.864088773727417	0.00016111135482788086
chr17:41276035:A>T	-0.8645753264427185	-0.8655760884284973	-0.0010007619857788086
chr17:41276035:A>G	-0.8645753264427185	-0.8655441403388977	-0.0009688138961791992
chr17:41276035:A>C	-0.8645753264427185	-0.8677385449409485	-0.0031632184982299805
chr17:41276034:C>T	-0.8646709322929382	-0.8675026893615723	-0.002831757068634033
chr17:41276034:C>G	-0.8646709322929382	-0.8660532236099243	-0.001382291316986084
chr17:41276034:C>A	-0.8646709322929382	-0.8671249747276306	-0.002454042434692383
chr17:41276033:C>T	-0.8647663593292236	-0.8697929978370667	-0.005026638507843018
chr17:41276033:C>G	-0.8647663593292236	-0.8699014186859131	-0.005135059356689453
chr17:41276033:C>A	-0.8647663593292236	-0.8698995113372803	-0.005133152008056641
chr17:41276032:A>T	-0.8650699853897095	-0.8700815439224243	-0.005011558532714844
chr17:41276032:A>G	-0.8650699853897095	-0.8697584271430969	-0.004688441753387451
chr17:41276032:A>C	-0.8650699853897095	-0.8698768615722656	-0.004806876182556152
chr17:41276031:T>G	-0.8649969100952148	-0.8696312308311462	-0.0046343207359313965
chr17:41276031:T>C	-0.8649969100952148	-0.8654865622520447	-0.000489652156829834
chr17:41276031:T>A	-0.8649969100952148	-0.8685249090194702	-0.003527998924255371
chr17:41276030:T>G	-0.8652371168136597	-0.8668313026428223	-0.0015941858291625977
chr17:41276030:T>C	-0.8652371168136597	-0.86673903465271	-0.001501917839050293
chr17:41276030:T>A	-0.8652371168136597	-0.8663264513015747	-0.001089334487915039
chr17:41267819:A>T	-0.8513845801353455	-0.8518144488334656	-0.0004298686981201172
chr17:41267819:A>G	-0.8513845801353455	-0.8515275716781616	-0.0001429915428161621
chr17:41267819:A>C	-0.8513845801353455	-0.8517091274261475	-0.00032454729080200195
chr17:41267818:A>T	-0.8511298894882202	-0.8514484167098999	-0.0003185272216796875
chr17:41267818:A>G	-0.8511298894882202	-0.8512429594993591	-0.00011307001113891602
chr17:41267818:A>C	-0.8511298894882202	-0.8515386581420898	-0.0004087686538696289
chr17:41267817:A>T	-0.850949764251709	-0.8514485955238342	-0.0004988312721252441
chr17:41267817:A>G	-0.850949764251709	-0.8511602282524109	-0.0002104640007019043
chr17:41267817:A>C	-0.850949764251709	-0.8513227105140686	-0.00037294626235961914
chr17:41267816:G>T	-0.8508390784263611	-0.8511109352111816	-0.00027185678482055664
chr17:41267816:G>C	-0.8508390784263611	-0.8509775996208191	-0.0001385211944580078
chr17:41267816:G>A	-0.8508390784263611	-0.8505773544311523	0.00026172399520874023
chr17:41267815:A>T	-0.8504444360733032	-0.8510177135467529	-0.000573277473449707
chr17:41267815:A>G	-0.8504444360733032	-0.8506036400794983	-0.00015920400619506836
chr17:41267815:A>C	-0.8504444360733032	-0.8512374758720398	-0.0007930397987365723
chr17:41267814:G>T	-0.8504034876823425	-0.8504822254180908	-7.873773574829102e-05
chr17:41267814:G>C	-0.8504034876823425	-0.8504788279533386	-7.534027099609375e-05
chr17:41267814:G>A	-0.8504034876823425	-0.8503509759902954	5.251169204711914e-05
chr17:41267813:G>T	-0.8502259850502014	-0.8504312038421631	-0.00020521879196166992
chr17:41267813:G>C	-0.8502259850502014	-0.8506938219070435	-0.000467836856842041
chr17:41267813:G>A	-0.8502259850502014	-0.850108802318573	0.00011718273162841797
chr17:41267812:G>T	-0.8499712944030762	-0.8502848148345947	-0.0003135204315185547
chr17:41267812:G>C	-0.8499712944030762	-0.8503676056861877	-0.00039631128311157227
chr17:41267812:G>A	-0.8499712944030762	-0.8502236008644104	-0.0002523064613342285
chr17:41267811:G>T	-0.8504258990287781	-0.8504891395568848	-6.324052810668945e-05
chr17:41267811:G>C	-0.8504258990287781	-0.8506978154182434	-0.00027191638946533203
chr17:41267811:G>A	-0.8504258990287781	-0.8502261638641357	0.00019973516464233398
chr17:41267810:G>T	-0.850348949432373	-0.8503087162971497	4.023313522338867e-05
chr17:41267810:G>C	-0.850348949432373	-0.8504814505577087	-0.00013250112533569336
chr17:41267810:G>A	-0.850348949432373	-0.8501811623573303	0.0001677870750427246
chr17:41267809:G>T	-0.8500841856002808	-0.850238025188446	-0.0001538395881652832
chr17:41267809:G>C	-0.8500841856002808	-0.8503795862197876	-0.00029540061950683594
chr17:41267809:G>A	-0.8500841856002808	-0.8500334620475769	5.072355270385742e-05
chr17:41267808:G>T	-0.8500153422355652	-0.8500496745109558	-3.4332275390625e-05
chr17:41267808:G>C	-0.8500153422355652	-0.85026615858078	-0.00025081634521484375
chr17:41267808:G>A	-0.8500153422355652	-0.8498374223709106	0.00017791986465454102
chr17:41267807:A>T	-0.8497874736785889	-0.8496108055114746	0.0001766681671142578
chr17:41267807:A>G	-0.8497874736785889	-0.8497651815414429	2.2292137145996094e-05
chr17:41267807:A>C	-0.8497874736785889	-0.8499025106430054	-0.0001150369644165039
chr17:41267806:T>G	-0.8496357202529907	-0.849764347076416	-0.00012862682342529297
chr17:41267806:T>C	-0.8496357202529907	-0.8497694730758667	-0.00013375282287597656
chr17:41267806:T>A	-0.8496357202529907	-0.8496168851852417	1.8835067749023438e-05
chr17:41267805:G>T	-0.8495317101478577	-0.8496297001838684	-9.799003601074219e-05
chr17:41267805:G>C	-0.8495317101478577	-0.8507052659988403	-0.001173555850982666
chr17:41267805:G>A	-0.8495317101478577	-0.849594235420227	-6.252527236938477e-05
chr17:41267804:G>T	-0.849585771560669	-0.8497989177703857	-0.00021314620971679688
chr17:41267804:G>C	-0.849585771560669	-0.8501582741737366	-0.000572502613067627
chr17:41267804:G>A	-0.849585771560669	-0.8496549129486084	-6.914138793945312e-05
chr17:41267803:G>T	-0.84969162940979	-0.8500707745552063	-0.00037914514541625977
chr17:41267803:G>C	-0.84969162940979	-0.850074052810669	-0.00038242340087890625
chr17:41267803:G>A	-0.84969162940979	-0.8497615456581116	-6.99162483215332e-05
chr17:41267802:A>T	-0.8495190143585205	-0.8499701619148254	-0.00045114755630493164
chr17:41267802:A>G	-0.8495190143585205	-0.8496280908584595	-0.00010907649993896484
chr17:41267802:A>C	-0.8495190143585205	-0.8502142429351807	-0.0006952285766601562
chr17:41267801:C>T	-0.8493387699127197	-0.8494750261306763	-0.00013625621795654297
chr17:41267801:C>G	-0.8493387699127197	-0.8493363261222839	2.4437904357910156e-06
chr17:41267801:C>A	-0.8493387699127197	-0.8488897085189819	0.00044906139373779297
chr17:41267800:G>T	-0.849135160446167	-0.8494763374328613	-0.00034117698669433594
chr17:41267800:G>C	-0.849135160446167	-0.8491819500923157	-4.678964614868164e-05
chr17:41267800:G>A	-0.849135160446167	-0.8493950963020325	-0.0002599358558654785
chr17:41267799:A>T	-0.8491474986076355	-0.8494219183921814	-0.00027441978454589844
chr17:41267799:A>G	-0.8491474986076355	-0.8492778539657593	-0.0001303553581237793
chr17:41267799:A>C	-0.8491474986076355	-0.8499998450279236	-0.0008523464202880859
chr17:41267798:T>G	-0.8489887118339539	-0.8501700162887573	-0.0011813044548034668
chr17:41267798:T>C	-0.8489887118339539	-0.8500338196754456	-0.0010451078414916992
chr17:41267798:T>A	-0.8489887118339539	-0.8504155278205872	-0.0014268159866333008
chr17:41267797:C>T	-0.849025547504425	-0.8503531813621521	-0.0013276338577270508
chr17:41267797:C>G	-0.849025547504425	-0.850756049156189	-0.001730501651763916
chr17:41267797:C>A	-0.849025547504425	-0.850794792175293	-0.00176924467086792
chr17:41267796:A>T	-0.8487151265144348	-0.849523663520813	-0.0008085370063781738
chr17:41267796:A>G	-0.8487151265144348	-0.8488425016403198	-0.00012737512588500977
chr17:41267796:A>C	-0.8487151265144348	-0.8493488430976868	-0.0006337165832519531
chr17:41267795:G>T	-0.8491572141647339	-0.8496899008750916	-0.000532686710357666
chr17:41267795:G>C	-0.8491572141647339	-0.8502026200294495	-0.0010454058647155762
chr17:41267795:G>A	-0.8491572141647339	-0.8495216369628906	-0.0003644227981567383
chr17:41267794:A>T	-0.8484562635421753	-0.849672257900238	-0.0012159943580627441
chr17:41267794:A>G	-0.8484562635421753	-0.8507071137428284	-0.002250850200653076
chr17:41267794:A>C	-0.8484562635421753	-0.8503231406211853	-0.0018668770790100098
chr17:41267793:C>T	-0.8486353158950806	-0.8490831255912781	-0.00044780969619750977
chr17:41267793:C>G	-0.8486353158950806	-0.8495238423347473	-0.000888526439666748
chr17:41267793:C>A	-0.8486353158950806	-0.8492834568023682	-0.0006481409072875977
chr17:41267792:C>T	-0.8481360673904419	-0.8491495251655579	-0.0010134577751159668
chr17:41267792:C>G	-0.8481360673904419	-0.84918612241745	-0.0010500550270080566
chr17:41267792:C>A	-0.8481360673904419	-0.8494687676429749	-0.001332700252532959
chr17:41267791:T>G	-0.8483198285102844	-0.849976122379303	-0.0016562938690185547
chr17:41267791:T>C	-0.8483198285102844	-0.8495277166366577	-0.001207888126373291
chr17:41267791:T>A	-0.8483198285102844	-0.8499985933303833	-0.001678764820098877
chr17:41267790:C>T	-0.848054051399231	-0.8484268188476562	-0.00037276744842529297
chr17:41267790:C>G	-0.848054051399231	-0.8485431671142578	-0.0004891157150268555
chr17:41267790:C>A	-0.848054051399231	-0.8485719561576843	-0.0005179047584533691
chr17:41267789:A>T	-0.8480086922645569	-0.8487572073936462	-0.0007485151290893555
chr17:41267789:A>G	-0.8480086922645569	-0.8482599258422852	-0.0002512335777282715
chr17:41267789:A>C	-0.8480086922645569	-0.848835825920105	-0.0008271336555480957
chr17:41267788:A>T	-0.848050057888031	-0.8497563004493713	-0.001706242561340332
chr17:41267788:A>G	-0.848050057888031	-0.8492917418479919	-0.0012416839599609375
chr17:41267788:A>C	-0.848050057888031	-0.8502491116523743	-0.0021990537643432617
chr17:41267787:C>T	-0.8479087352752686	-0.8479036688804626	5.066394805908203e-06
chr17:41267787:C>G	-0.8479087352752686	-0.8489605784416199	-0.0010518431663513184
chr17:41267787:C>A	-0.8479087352752686	-0.8487982749938965	-0.0008895397186279297
chr17:41267786:T>G	-0.8476947546005249	-0.8486229181289673	-0.0009281635284423828
chr17:41267786:T>C	-0.8476947546005249	-0.8483433127403259	-0.0006485581398010254
chr17:41267786:T>A	-0.8476947546005249	-0.8491144776344299	-0.0014197230339050293
chr17:41267785:A>T	-0.8474905490875244	-0.8491717576980591	-0.001681208610534668
chr17:41267785:A>G	-0.8474905490875244	-0.8485891222953796	-0.0010985732078552246
chr17:41267785:A>C	-0.8474905490875244	-0.849209189414978	-0.0017186403274536133
chr17:41267784:G>T	-0.8474385738372803	-0.8479499816894531	-0.0005114078521728516
chr17:41267784:G>C	-0.8474385738372803	-0.8480075001716614	-0.0005689263343811035
chr17:41267784:G>A	-0.8474385738372803	-0.8478953838348389	-0.00045680999755859375
chr17:41267783:T>G	-0.847366988658905	-0.8482763171195984	-0.0009093284606933594
chr17:41267783:T>C	-0.847366988658905	-0.8491427302360535	-0.0017757415771484375
chr17:41267783:T>A	-0.847366988658905	-0.8487870693206787	-0.0014200806617736816
chr17:41267782:T>G	-0.8469594120979309	-0.8489163517951965	-0.001956939697265625
chr17:41267782:T>C	-0.8469594120979309	-0.847644567489624	-0.0006851553916931152
chr17:41267782:T>A	-0.8469594120979309	-0.8498758673667908	-0.0029164552688598633
chr17:41267781:C>T	-0.8465083241462708	-0.8463279008865356	0.00018042325973510742
chr17:41267781:C>G	-0.8465083241462708	-0.8479012846946716	-0.001392960548400879
chr17:41267781:C>A	-0.8465083241462708	-0.8478245735168457	-0.0013162493705749512
chr17:41267780:C>T	-0.8465039730072021	-0.8475142121315002	-0.0010102391242980957
chr17:41267780:C>G	-0.8465039730072021	-0.8476495742797852	-0.0011456012725830078
chr17:41267780:C>A	-0.8465039730072021	-0.8482380509376526	-0.0017340779304504395
chr17:41267779:T>G	-0.8464306592941284	-0.8480011224746704	-0.0015704631805419922
chr17:41267779:T>C	-0.8464306592941284	-0.8480551242828369	-0.001624464988708496
chr17:41267779:T>A	-0.8464306592941284	-0.848644495010376	-0.0022138357162475586
chr17:41267778:T>G	-0.8465843796730042	-0.8472946286201477	-0.0007102489471435547
chr17:41267778:T>C	-0.8465843796730042	-0.8463503122329712	0.00023406744003295898
chr17:41267778:T>A	-0.8465843796730042	-0.84711754322052	-0.0005331635475158691
chr17:41267777:G>T	-0.8465684056282043	-0.8486183285713196	-0.0020499229431152344
chr17:41267777:G>C	-0.8465684056282043	-0.8491328954696655	-0.0025644898414611816
chr17:41267777:G>A	-0.8465684056282043	-0.8485065698623657	-0.001938164234161377
chr17:41267776:G>T	-0.8466950058937073	-0.8491281867027283	-0.002433180809020996
chr17:41267776:G>C	-0.8466950058937073	-0.8494941592216492	-0.0027991533279418945
chr17:41267776:G>A	-0.8466950058937073	-0.8496177792549133	-0.0029227733612060547
chr17:41267775:A>T	-0.8465694189071655	-0.8469884991645813	-0.0004190802574157715
chr17:41267775:A>G	-0.8465694189071655	-0.8468030095100403	-0.00023359060287475586
chr17:41267775:A>C	-0.8465694189071655	-0.8471314311027527	-0.0005620121955871582
chr17:41267774:C>T	-0.8465416431427002	-0.8469578623771667	-0.00041621923446655273
chr17:41267774:C>G	-0.8465416431427002	-0.8473923802375793	-0.0008507370948791504
chr17:41267774:C>A	-0.8465416431427002	-0.8484974503517151	-0.0019558072090148926
chr17:41267773:A>T	-0.8465299010276794	-0.8483870625495911	-0.001857161521911621
chr17:41267773:A>G	-0.8465299010276794	-0.8475218415260315	-0.0009919404983520508
chr17:41267773:A>C	-0.8465299010276794	-0.8484135866165161	-0.00188368558883667
chr17:41267772:G>T	-0.8461939692497253	-0.846554160118103	-0.00036019086837768555
chr17:41267772:G>C	-0.8461939692497253	-0.8464615345001221	-0.0002675652503967285
chr17:41267772:G>A	-0.8461939692497253	-0.8458247184753418	0.0003692507743835449
chr17:41267771:A>T	-0.8461410999298096	-0.8469043970108032	-0.0007632970809936523
chr17:41267771:A>C	-0.8461410999298096	-0.8469495177268982	-0.000808417797088623
chr17:41267768:T>G	-0.8459628820419312	-0.8477635383605957	-0.0018006563186645508
chr17:41267768:T>C	-0.8459628820419312	-0.8470226526260376	-0.0010597705841064453
chr17:41267768:T>A	-0.8459628820419312	-0.8469803333282471	-0.001017451286315918
chr17:41267767:G>T	-0.8451317548751831	-0.8464347720146179	-0.0013030171394348145
chr17:41267767:G>C	-0.8451317548751831	-0.84610915184021	-0.0009773969650268555
chr17:41267767:G>A	-0.8451317548751831	-0.8455702662467957	-0.00043851137161254883
chr17:41267766:T>G	-0.8449065685272217	-0.8449764847755432	-6.99162483215332e-05
chr17:41267766:T>C	-0.8449065685272217	-0.8452372550964355	-0.0003306865692138672
chr17:41267766:T>A	-0.8449065685272217	-0.8451959490776062	-0.0002893805503845215
chr17:41267765:T>G	-0.8446401953697205	-0.8447739481925964	-0.00013375282287597656
chr17:41267765:T>C	-0.8446401953697205	-0.8460982441902161	-0.0014580488204956055
chr17:41267765:T>A	-0.8446401953697205	-0.8453599214553833	-0.0007197260856628418
chr17:41267764:T>G	-0.8448312282562256	-0.8455001711845398	-0.000668942928314209
chr17:41267764:T>C	-0.8448312282562256	-0.8447692394256592	6.198883056640625e-05
chr17:41267764:T>A	-0.8448312282562256	-0.8456454277038574	-0.0008141994476318359
chr17:41267763:C>T	-0.8446042537689209	-0.8444800972938538	0.00012415647506713867
chr17:41267763:C>G	-0.8446042537689209	-0.8449403643608093	-0.00033611059188842773
chr17:41267763:C>A	-0.8446042537689209	-0.845024824142456	-0.00042057037353515625
chr17:41267762:A>T	-0.8446223735809326	-0.8482770919799805	-0.0036547183990478516
chr17:41267762:A>G	-0.8446223735809326	-0.8478444814682007	-0.0032221078872680664
chr17:41267762:A>C	-0.8446223735809326	-0.8496472835540771	-0.005024909973144531
chr17:41267761:C>T	-0.8447587490081787	-0.8467878103256226	-0.0020290613174438477
chr17:41267761:C>G	-0.8447587490081787	-0.8479644060134888	-0.0032056570053100586
chr17:41267761:C>A	-0.8447587490081787	-0.8482009768486023	-0.003442227840423584
chr17:41267760:A>T	-0.8445023894309998	-0.8495640754699707	-0.005061686038970947
chr17:41267760:A>G	-0.8445023894309998	-0.8449374437332153	-0.00043505430221557617
chr17:41267760:A>C	-0.8445023894309998	-0.8495822548866272	-0.005079865455627441
chr17:41267759:C>T	-0.8446635007858276	-0.8451231122016907	-0.0004596114158630371
chr17:41267759:C>G	-0.8446635007858276	-0.8454985618591309	-0.0008350610733032227
chr17:41267759:C>A	-0.8446635007858276	-0.8463612198829651	-0.0016977190971374512
chr17:41267758:T>G	-0.8447808027267456	-0.8455094695091248	-0.0007286667823791504
chr17:41267758:T>C	-0.8447808027267456	-0.8452298045158386	-0.0004490017890930176
chr17:41267758:T>A	-0.8447808027267456	-0.8461546897888184	-0.001373887062072754
chr17:41267757:G>T	-0.8444492220878601	-0.8446318507194519	-0.00018262863159179688
chr17:41267757:G>C	-0.8444492220878601	-0.8445813655853271	-0.00013214349746704102
chr17:41267757:G>A	-0.8444492220878601	-0.8443315625190735	0.0001176595687866211
chr17:41267756:G>T	-0.844520092010498	-0.845531165599823	-0.0010110735893249512
chr17:41267756:G>C	-0.844520092010498	-0.8466745615005493	-0.0021544694900512695
chr17:41267756:G>A	-0.844520092010498	-0.8454379439353943	-0.0009178519248962402
chr17:41267755:T>G	-0.8436778783798218	-0.8484335541725159	-0.004755675792694092
chr17:41267755:T>C	-0.8436778783798218	-0.8442161679267883	-0.0005382895469665527
chr17:41267755:T>A	-0.8436778783798218	-0.8467001914978027	-0.003022313117980957
chr17:41267754:G>T	-0.8435941934585571	-0.8442670702934265	-0.0006728768348693848
chr17:41267754:G>C	-0.8435941934585571	-0.8438699841499329	-0.0002757906913757324
chr17:41267754:G>A	-0.8435941934585571	-0.8433322310447693	0.0002619624137878418
chr17:41267753:T>G	-0.8436324000358582	-0.8434860110282898	0.00014638900756835938
chr17:41267753:T>C	-0.8436324000358582	-0.8436301350593567	2.2649765014648438e-06
chr17:41267753:T>A	-0.8436324000358582	-0.8434846997261047	0.00014770030975341797
chr17:41267752:A>T	-0.8434599041938782	-0.8440263867378235	-0.0005664825439453125
chr17:41267752:A>G	-0.8434599041938782	-0.843367338180542	9.256601333618164e-05
chr17:41267752:A>C	-0.8434599041938782	-0.8440842032432556	-0.0006242990493774414
chr17:41267751:T>G	-0.8436121344566345	-0.8434727191925049	0.00013941526412963867
chr17:41267751:T>C	-0.8436121344566345	-0.8433418869972229	0.0002702474594116211
chr17:41267751:T>A	-0.8436121344566345	-0.8432150483131409	0.00039708614349365234
chr17:41267750:A>T	-0.8436733484268188	-0.8451257348060608	-0.0014523863792419434
chr17:41267750:A>G	-0.8436733484268188	-0.8443084955215454	-0.0006351470947265625
chr17:41267750:A>C	-0.8436733484268188	-0.8452672958374023	-0.001593947410583496
chr17:41267749:A>T	-0.8433310389518738	-0.8436669111251831	-0.00033587217330932617
chr17:41267749:A>G	-0.8433310389518738	-0.845526397228241	-0.0021953582763671875
chr17:41267749:A>C	-0.8433310389518738	-0.8475102186203003	-0.004179179668426514
chr17:41267748:A>T	-0.8431773781776428	-0.8436788320541382	-0.0005014538764953613
chr17:41267748:A>G	-0.8431773781776428	-0.8431702852249146	7.092952728271484e-06
chr17:41267748:A>C	-0.8431773781776428	-0.8436274528503418	-0.0004500746726989746
chr17:41267747:A>T	-0.8430686593055725	-0.8474300503730774	-0.004361391067504883
chr17:41267747:A>G	-0.8430686593055725	-0.8470268845558167	-0.003958225250244141
chr17:41267747:A>C	-0.8430686593055725	-0.8476989269256592	-0.00463026762008667
chr17:41267746:C>T	-0.8427447080612183	-0.844126284122467	-0.0013815760612487793
chr17:41267746:C>G	-0.8427447080612183	-0.8466452956199646	-0.003900587558746338
chr17:41267746:C>A	-0.8427447080612183	-0.8469246625900269	-0.004179954528808594
chr17:41267745:G>T	-0.8427925109863281	-0.8474605679512024	-0.004668056964874268
chr17:41267745:G>C	-0.8427925109863281	-0.8477922081947327	-0.004999697208404541
chr17:41267745:G>A	-0.8427925109863281	-0.842856764793396	-6.42538070678711e-05
chr17:41267744:T>G	-0.8427907824516296	-0.8425678014755249	0.00022298097610473633
chr17:41267744:T>C	-0.8427907824516296	-0.8432886600494385	-0.0004978775978088379
chr17:41267744:T>A	-0.8427907824516296	-0.8426784873008728	0.00011229515075683594
chr17:41267743:T>G	-0.8425101041793823	-0.8429445028305054	-0.0004343986511230469
chr17:41267743:T>C	-0.8425101041793823	-0.8427919149398804	-0.0002818107604980469
chr17:41267743:T>A	-0.8425101041793823	-0.8430705666542053	-0.000560462474822998
chr17:41267742:C>T	-0.8421890139579773	-0.8475146293640137	-0.005325615406036377
chr17:41267742:C>G	-0.8421890139579773	-0.8476294279098511	-0.005440413951873779
chr17:41267742:C>A	-0.8421890139579773	-0.8475886583328247	-0.005399644374847412
chr17:41267741:A>T	-0.8423692584037781	-0.84758460521698	-0.005215346813201904
chr17:41267741:A>G	-0.8423692584037781	-0.8476607799530029	-0.0052915215492248535
chr17:41267741:A>C	-0.8423692584037781	-0.8475626707077026	-0.0051934123039245605
chr17:41267740:T>G	-0.8423871397972107	-0.8433536291122437	-0.000966489315032959
chr17:41267740:T>C	-0.8423871397972107	-0.8420267105102539	0.0003604292869567871
chr17:41267740:T>A	-0.8423871397972107	-0.846840500831604	-0.0044533610343933105
chr17:41267739:T>G	-0.8424445986747742	-0.8427263498306274	-0.0002817511558532715
chr17:41267739:T>C	-0.8424445986747742	-0.8420761227607727	0.00036847591400146484
chr17:41267739:T>A	-0.8424445986747742	-0.8424041867256165	4.0411949157714844e-05
chr17:41267738:C>T	-0.8423081040382385	-0.8472502827644348	-0.004942178726196289
chr17:41267738:C>G	-0.8423081040382385	-0.8473585247993469	-0.0050504207611083984
chr17:41267738:C>A	-0.8423081040382385	-0.8470345139503479	-0.004726409912109375
chr17:41267737:A>T	-0.8421183228492737	-0.8421916365623474	-7.331371307373047e-05
chr17:41267737:A>G	-0.8421183228492737	-0.8421522378921509	-3.3915042877197266e-05
chr17:41267737:A>C	-0.8421183228492737	-0.8422570824623108	-0.00013875961303710938
chr17:41267736:A>T	-0.8419197201728821	-0.8417565822601318	0.00016313791275024414
chr17:41267736:A>G	-0.8419197201728821	-0.8417967557907104	0.00012296438217163086
chr17:41267736:A>C	-0.8419197201728821	-0.8418338894844055	8.58306884765625e-05
chr17:41267735:A>T	-0.8417384624481201	-0.84161776304245	0.00012069940567016602
chr17:41267735:A>G	-0.8417384624481201	-0.8422373533248901	-0.0004988908767700195
chr17:41267735:A>C	-0.8417384624481201	-0.8417407870292664	-2.3245811462402344e-06
chr17:41267734:C>T	-0.8417000770568848	-0.8416040539741516	9.60230827331543e-05
chr17:41267734:C>G	-0.8417000770568848	-0.8417637348175049	-6.365776062011719e-05
chr17:41267734:C>A	-0.8417000770568848	-0.8416008353233337	9.924173355102539e-05
chr17:41267733:T>G	-0.841609001159668	-0.8415312767028809	7.772445678710938e-05
chr17:41267733:T>C	-0.841609001159668	-0.8418167233467102	-0.00020772218704223633
chr17:41267733:T>A	-0.841609001159668	-0.8414261937141418	0.00018280744552612305
chr17:41267732:T>G	-0.8413137793540955	-0.841383159160614	-6.937980651855469e-05
chr17:41267732:T>C	-0.8413137793540955	-0.8412529826164246	6.079673767089844e-05
chr17:41267732:T>A	-0.8413137793540955	-0.8413501381874084	-3.635883331298828e-05
chr17:41267731:A>T	-0.8410421013832092	-0.8410709500312805	-2.8848648071289062e-05
chr17:41267731:A>G	-0.8410421013832092	-0.8413740396499634	-0.0003319382667541504
chr17:41267731:A>C	-0.8410421013832092	-0.841025710105896	1.6391277313232422e-05
chr17:41267730:C>T	-0.8410630226135254	-0.8410191535949707	4.38690185546875e-05
chr17:41267730:C>G	-0.8410630226135254	-0.8409804105758667	8.26120376586914e-05
chr17:41267730:C>A	-0.8410630226135254	-0.8410910964012146	-2.8073787689208984e-05
chr17:41267729:A>T	-0.8408694863319397	-0.8410503268241882	-0.00018084049224853516
chr17:41267729:A>G	-0.8408694863319397	-0.8414158225059509	-0.0005463361740112305
chr17:41267729:A>C	-0.8408694863319397	-0.8409733772277832	-0.00010389089584350586
chr17:41267728:C>T	-0.840748131275177	-0.8406984806060791	4.965066909790039e-05
chr17:41267728:C>G	-0.840748131275177	-0.8409459590911865	-0.00019782781600952148
chr17:41267728:C>A	-0.840748131275177	-0.840654194355011	9.393692016601562e-05
chr17:41267727:A>T	-0.8407089710235596	-0.8406320214271545	7.69495964050293e-05
chr17:41267727:A>G	-0.8407089710235596	-0.8406736850738525	3.528594970703125e-05
chr17:41267727:A>C	-0.8407089710235596	-0.8405460715293884	0.00016289949417114258
chr17:41267726:A>T	-0.8404019474983215	-0.8402372598648071	0.0001646876335144043
chr17:41267726:A>G	-0.8404019474983215	-0.8401665091514587	0.00023543834686279297
chr17:41267726:A>C	-0.8404019474983215	-0.8401861190795898	0.00021582841873168945
chr17:41267725:T>G	-0.8400719165802002	-0.8400428891181946	2.9027462005615234e-05
chr17:41267725:T>C	-0.8400719165802002	-0.8398702144622803	0.00020170211791992188
chr17:41267725:T>A	-0.8400719165802002	-0.8399688005447388	0.00010311603546142578
chr17:41267724:A>T	-0.8399750590324402	-0.8400267362594604	-5.167722702026367e-05
chr17:41267724:A>G	-0.8399750590324402	-0.8401791453361511	-0.0002040863037109375
chr17:41267724:A>C	-0.8399750590324402	-0.8401995301246643	-0.0002244710922241211
chr17:41267723:C>T	-0.8396795988082886	-0.8399167656898499	-0.0002371668815612793
chr17:41267723:C>G	-0.8396795988082886	-0.8397735357284546	-9.393692016601562e-05
chr17:41267723:C>A	-0.8396795988082886	-0.8397597074508667	-8.0108642578125e-05
chr17:41267722:A>T	-0.8396725654602051	-0.839782178401947	-0.00010961294174194336
chr17:41267722:A>G	-0.8396725654602051	-0.8399848937988281	-0.0003123283386230469
chr17:41267722:A>C	-0.8396725654602051	-0.839834451675415	-0.00016188621520996094
chr17:41267721:C>T	-0.8393598198890686	-0.8393498063087463	1.0013580322265625e-05
chr17:41267721:C>G	-0.8393598198890686	-0.8396971821784973	-0.00033736228942871094
chr17:41267721:C>A	-0.8393598198890686	-0.8392172455787659	0.00014257431030273438
chr17:41267720:C>T	-0.8389853835105896	-0.8389673233032227	1.806020736694336e-05
chr17:41267720:C>A	-0.8389853835105896	-0.8388422131538391	0.00014317035675048828
chr17:41258562:A>T	-0.8196401000022888	-0.8204838037490845	-0.0008437037467956543
chr17:41258562:A>G	-0.8196401000022888	-0.820241391658783	-0.0006012916564941406
chr17:41258562:A>C	-0.8196401000022888	-0.820364773273468	-0.0007246732711791992
chr17:41258561:T>G	-0.8195978999137878	-0.8201262950897217	-0.0005283951759338379
chr17:41258561:T>C	-0.8195978999137878	-0.8198760747909546	-0.00027817487716674805
chr17:41258561:T>A	-0.8195978999137878	-0.8202599287033081	-0.0006620287895202637
chr17:41258560:A>T	-0.8194544911384583	-0.8202340602874756	-0.000779569149017334
chr17:41258560:A>G	-0.8194544911384583	-0.8197484612464905	-0.00029397010803222656
chr17:41258560:A>C	-0.8194544911384583	-0.8209725022315979	-0.0015180110931396484
chr17:41258559:T>G	-0.8190996646881104	-0.8198216557502747	-0.0007219910621643066
chr17:41258559:T>C	-0.8190996646881104	-0.8195003271102905	-0.0004006624221801758
chr17:41258559:T>A	-0.8190996646881104	-0.8199271559715271	-0.000827491283416748
chr17:41258558:T>G	-0.8192729353904724	-0.8200263381004333	-0.0007534027099609375
chr17:41258558:T>C	-0.8192729353904724	-0.8200612664222717	-0.0007883310317993164
chr17:41258558:T>A	-0.8192729353904724	-0.8201460838317871	-0.0008731484413146973
chr17:41258557:A>T	-0.8193085789680481	-0.8200671672821045	-0.0007585883140563965
chr17:41258557:A>G	-0.8193085789680481	-0.8197742104530334	-0.00046563148498535156
chr17:41258557:A>C	-0.8193085789680481	-0.8206896185874939	-0.0013810396194458008
chr17:41258556:A>T	-0.8194410800933838	-0.8196427226066589	-0.00020164251327514648
chr17:41258556:A>G	-0.8194410800933838	-0.8193690776824951	7.200241088867188e-05
chr17:41258556:A>C	-0.8194410800933838	-0.8198047280311584	-0.0003636479377746582
chr17:41258555:A>T	-0.8193200826644897	-0.8204586505889893	-0.0011385679244995117
chr17:41258555:A>G	-0.8193200826644897	-0.820006251335144	-0.0006861686706542969
chr17:41258555:A>C	-0.8193200826644897	-0.8205658793449402	-0.0012457966804504395
chr17:41258554:T>G	-0.8192000389099121	-0.8208854794502258	-0.0016854405403137207
chr17:41258554:T>C	-0.8192000389099121	-0.8203197121620178	-0.0011196732521057129
chr17:41258554:T>A	-0.8192000389099121	-0.8208970427513123	-0.0016970038414001465
chr17:41258553:A>T	-0.8193341493606567	-0.8206759095191956	-0.0013417601585388184
chr17:41258553:A>G	-0.8193341493606567	-0.8197031617164612	-0.00036901235580444336
chr17:41258553:A>C	-0.8193341493606567	-0.8213475942611694	-0.0020134449005126953
chr17:41258552:T>G	-0.8190990090370178	-0.8211792707443237	-0.002080261707305908
chr17:41258552:T>C	-0.8190990090370178	-0.8213822841644287	-0.0022832751274108887
chr17:41258552:T>A	-0.8190990090370178	-0.8220498561859131	-0.0029508471488952637
chr17:41258551:C>T	-0.8190450668334961	-0.8215599060058594	-0.0025148391723632812
chr17:41258551:C>G	-0.8190450668334961	-0.8207495808601379	-0.0017045140266418457
chr17:41258551:C>A	-0.8190450668334961	-0.8214502334594727	-0.0024051666259765625
chr17:41258550:T>G	-0.8186345100402832	-0.8200194835662842	-0.0013849735260009766
chr17:41258550:T>C	-0.8186345100402832	-0.8188779950141907	-0.0002434849739074707
chr17:41258550:T>A	-0.8186345100402832	-0.8200633525848389	-0.001428842544555664
chr17:41258549:A>T	-0.8186681270599365	-0.820343017578125	-0.0016748905181884766
chr17:41258549:A>G	-0.8186681270599365	-0.8198646903038025	-0.0011965632438659668
chr17:41258549:A>C	-0.8186681270599365	-0.8202090263366699	-0.0015408992767333984
chr17:41258548:A>T	-0.8184840679168701	-0.8197910189628601	-0.0013069510459899902
chr17:41258548:A>G	-0.8184840679168701	-0.8200526833534241	-0.001568615436553955
chr17:41258548:A>C	-0.8184840679168701	-0.8198068737983704	-0.0013228058815002441
chr17:41258547:A>T	-0.8186665177345276	-0.8199287056922913	-0.0012621879577636719
chr17:41258547:A>G	-0.8186665177345276	-0.8191128969192505	-0.0004463791847229004
chr17:41258547:A>C	-0.8186665177345276	-0.81996089220047	-0.0012943744659423828
chr17:41258546:A>T	-0.8185700178146362	-0.8218790888786316	-0.0033090710639953613
chr17:41258546:A>G	-0.8185700178146362	-0.8213725090026855	-0.0028024911880493164
chr17:41258546:A>C	-0.8185700178146362	-0.8220037817955017	-0.0034337639808654785
chr17:41258545:C>T	-0.8183872699737549	-0.8215981125831604	-0.0032108426094055176
chr17:41258545:C>G	-0.8183872699737549	-0.8219446539878845	-0.0035573840141296387
chr17:41258545:C>A	-0.8183872699737549	-0.8221963047981262	-0.003809034824371338
chr17:41258544:G>T	-0.8184059858322144	-0.8217706680297852	-0.0033646821975708008
chr17:41258544:G>C	-0.8184059858322144	-0.8213924169540405	-0.002986431121826172
chr17:41258544:G>A	-0.8184059858322144	-0.8179214596748352	0.0004845261573791504
chr17:41258543:T>G	-0.8182806968688965	-0.818977415561676	-0.000696718692779541
chr17:41258543:T>C	-0.8182806968688965	-0.8187227249145508	-0.0004420280456542969
chr17:41258543:T>A	-0.8182806968688965	-0.8186753392219543	-0.00039464235305786133
chr17:41258542:A>T	-0.8179283738136292	-0.8206194639205933	-0.0026910901069641113
chr17:41258542:A>G	-0.8179283738136292	-0.8194161653518677	-0.0014877915382385254
chr17:41258542:A>C	-0.8179283738136292	-0.820951521396637	-0.0030231475830078125
chr17:41258541:C>T	-0.8179205060005188	-0.8185122609138489	-0.0005917549133300781
chr17:41258541:C>G	-0.8179205060005188	-0.8190248608589172	-0.0011043548583984375
chr17:41258541:C>A	-0.8179205060005188	-0.8188506364822388	-0.0009301304817199707
chr17:41258540:G>T	-0.8178622722625732	-0.8185536861419678	-0.0006914138793945312
chr17:41258540:G>C	-0.8178622722625732	-0.8187772631645203	-0.0009149909019470215
chr17:41258540:G>A	-0.8178622722625732	-0.818199872970581	-0.0003376007080078125
chr17:41258539:A>T	-0.817489504814148	-0.8195827007293701	-0.002093195915222168
chr17:41258539:A>G	-0.817489504814148	-0.8198874592781067	-0.0023979544639587402
chr17:41258539:A>C	-0.817489504814148	-0.8195835947990417	-0.002094089984893799
chr17:41258538:C>T	-0.8173030018806458	-0.8176895976066589	-0.0003865957260131836
chr17:41258538:C>G	-0.8173030018806458	-0.8181695938110352	-0.0008665919303894043
chr17:41258538:C>A	-0.8173030018806458	-0.8181272745132446	-0.000824272632598877
chr17:41258537:T>G	-0.8174580931663513	-0.819019615650177	-0.0015615224838256836
chr17:41258537:T>C	-0.8174580931663513	-0.8199393153190613	-0.002481222152709961
chr17:41258537:T>A	-0.8174580931663513	-0.821824312210083	-0.0043662190437316895
chr17:41258536:T>G	-0.8175469636917114	-0.8190756440162659	-0.0015286803245544434
chr17:41258536:T>C	-0.8175469636917114	-0.8183718919754028	-0.0008249282836914062
chr17:41258536:T>A	-0.8175469636917114	-0.8200197815895081	-0.002472817897796631
chr17:41258535:T>G	-0.8174383044242859	-0.8187244534492493	-0.001286149024963379
chr17:41258535:T>C	-0.8174383044242859	-0.8178673386573792	-0.0004290342330932617
chr17:41258535:T>A	-0.8174383044242859	-0.8188583850860596	-0.0014200806617736816
chr17:41258534:G>T	-0.8170843720436096	-0.8180885910987854	-0.0010042190551757812
chr17:41258534:G>C	-0.8170843720436096	-0.8181436061859131	-0.0010592341423034668
chr17:41258534:G>A	-0.8170843720436096	-0.8182212114334106	-0.0011368393898010254
chr17:41258533:A>T	-0.8168123364448547	-0.8188982009887695	-0.002085864543914795
chr17:41258533:A>G	-0.8168123364448547	-0.8200313448905945	-0.003219008445739746
chr17:41258533:A>C	-0.8168123364448547	-0.81930011510849	-0.002487778663635254
chr17:41258532:A>T	-0.8166977167129517	-0.817624568939209	-0.0009268522262573242
chr17:41258532:A>G	-0.8166977167129517	-0.8172069787979126	-0.0005092620849609375
chr17:41258532:A>C	-0.8166977167129517	-0.8174465894699097	-0.0007488727569580078
chr17:41258531:G>T	-0.8165414333343506	-0.8173009157180786	-0.0007594823837280273
chr17:41258531:G>C	-0.8165414333343506	-0.8177695870399475	-0.0012281537055969238
chr17:41258531:G>A	-0.8165414333343506	-0.8181802034378052	-0.0016387701034545898
chr17:41258530:A>T	-0.8166406750679016	-0.819851815700531	-0.0032111406326293945
chr17:41258530:A>G	-0.8166406750679016	-0.8209579586982727	-0.004317283630371094
chr17:41258530:A>C	-0.8166406750679016	-0.8195163011550903	-0.0028756260871887207
chr17:41258529:G>T	-0.8162317276000977	-0.8169700503349304	-0.0007383227348327637
chr17:41258529:G>C	-0.8162317276000977	-0.8171301484107971	-0.0008984208106994629
chr17:41258529:G>A	-0.8162317276000977	-0.81659996509552	-0.0003682374954223633
chr17:41258528:T>G	-0.8162840604782104	-0.8175795078277588	-0.0012954473495483398
chr17:41258528:T>C	-0.8162840604782104	-0.8171607851982117	-0.0008767247200012207
chr17:41258528:T>A	-0.8162840604782104	-0.818814218044281	-0.0025301575660705566
chr17:41258527:T>G	-0.8159456253051758	-0.8170531392097473	-0.0011075139045715332
chr17:41258527:T>C	-0.8159456253051758	-0.8165765404701233	-0.0006309151649475098
chr17:41258527:T>A	-0.8159456253051758	-0.8187006115913391	-0.00275498628616333
chr17:41258526:G>T	-0.8155380487442017	-0.816599428653717	-0.0010613799095153809
chr17:41258526:G>C	-0.8155380487442017	-0.81700199842453	-0.0014639496803283691
chr17:41258526:G>A	-0.8155380487442017	-0.815942108631134	-0.00040405988693237305
chr17:41258525:G>T	-0.8156433701515198	-0.8161454796791077	-0.0005021095275878906
chr17:41258525:G>C	-0.8156433701515198	-0.8168345093727112	-0.0011911392211914062
chr17:41258525:G>A	-0.8156433701515198	-0.8221122622489929	-0.0064688920974731445
chr17:41258524:T>G	-0.8156248331069946	-0.817547082901001	-0.0019222497940063477
chr17:41258524:T>C	-0.8156248331069946	-0.8161746263504028	-0.0005497932434082031
chr17:41258524:T>A	-0.8156248331069946	-0.8184622526168823	-0.0028374195098876953
chr17:41258523:C>T	-0.8157102465629578	-0.8159980177879333	-0.00028777122497558594
chr17:41258523:C>G	-0.8157102465629578	-0.8178096413612366	-0.0020993947982788086
chr17:41258523:C>A	-0.8157102465629578	-0.8176526427268982	-0.0019423961639404297
chr17:41258522:T>G	-0.8156175017356873	-0.81619793176651	-0.0005804300308227539
chr17:41258522:T>C	-0.8156175017356873	-0.8161198496818542	-0.0005023479461669922
chr17:41258522:T>A	-0.8156175017356873	-0.8223786354064941	-0.006761133670806885
chr17:41258521:T>G	-0.8152227401733398	-0.8168978095054626	-0.0016750693321228027
chr17:41258521:T>C	-0.8152227401733398	-0.816060483455658	-0.0008377432823181152
chr17:41258521:T>A	-0.8152227401733398	-0.8177027702331543	-0.002480030059814453
chr17:41258520:C>T	-0.8153055906295776	-0.8155384063720703	-0.00023281574249267578
chr17:41258520:C>G	-0.8153055906295776	-0.8162623643875122	-0.0009567737579345703
chr17:41258520:C>A	-0.8153055906295776	-0.8165878653526306	-0.0012822747230529785
chr17:41258519:T>G	-0.8154217004776001	-0.8167032599449158	-0.0012815594673156738
chr17:41258519:T>C	-0.8154217004776001	-0.8173304200172424	-0.001908719539642334
chr17:41258519:T>A	-0.8154217004776001	-0.822662353515625	-0.007240653038024902
chr17:41258518:T>G	-0.8153989315032959	-0.817590594291687	-0.0021916627883911133
chr17:41258518:T>C	-0.8153989315032959	-0.8161777257919312	-0.0007787942886352539
chr17:41258518:T>A	-0.8153989315032959	-0.8182038068771362	-0.002804875373840332
chr17:41258517:T>G	-0.815493643283844	-0.8173019886016846	-0.0018083453178405762
chr17:41258517:T>C	-0.815493643283844	-0.8160338997840881	-0.0005402565002441406
chr17:41258517:T>A	-0.815493643283844	-0.8170447945594788	-0.0015511512756347656
chr17:41258516:C>G	-0.8154590129852295	-0.8181529641151428	-0.00269395112991333
chr17:41258515:C>G	-0.8149893879890442	-0.8176656365394592	-0.002676248550415039
chr17:41258515:C>A	-0.8149893879890442	-0.8181970119476318	-0.0032076239585876465
chr17:41258513:G>T	-0.8152161836624146	-0.816943347454071	-0.0017271637916564941
chr17:41258513:G>C	-0.8152161836624146	-0.817299485206604	-0.002083301544189453
chr17:41258512:G>T	-0.8154615163803101	-0.8175458908081055	-0.00208437442779541
chr17:41258512:G>C	-0.8154615163803101	-0.8178338408470154	-0.0023723244667053223
chr17:41258512:G>A	-0.8154615163803101	-0.8177247047424316	-0.002263188362121582
chr17:41258511:A>T	-0.8152998089790344	-0.8157854676246643	-0.0004856586456298828
chr17:41258511:A>G	-0.8152998089790344	-0.8158188462257385	-0.0005190372467041016
chr17:41258511:A>C	-0.8152998089790344	-0.8158026933670044	-0.0005028843879699707
chr17:41258510:A>T	-0.8153554797172546	-0.8159113526344299	-0.000555872917175293
chr17:41258510:A>G	-0.8153554797172546	-0.8174272775650024	-0.0020717978477478027
chr17:41258510:A>C	-0.8153554797172546	-0.8162345886230469	-0.0008791089057922363
chr17:41258509:G>T	-0.8154715299606323	-0.8249215483665466	-0.009450018405914307
chr17:41258509:G>C	-0.8154715299606323	-0.8247540593147278	-0.009282529354095459
chr17:41258509:G>A	-0.8154715299606323	-0.817620575428009	-0.002149045467376709
chr17:41258508:T>G	-0.8157333731651306	-0.8159891963005066	-0.00025582313537597656
chr17:41258508:T>C	-0.8157333731651306	-0.8157488703727722	-1.5497207641601562e-05
chr17:41258508:T>A	-0.8157333731651306	-0.8156430721282959	9.03010368347168e-05
chr17:41258507:G>T	-0.8156176209449768	-0.8170250654220581	-0.0014074444770812988
chr17:41258507:G>C	-0.8156176209449768	-0.8170846700668335	-0.0014670491218566895
chr17:41258507:G>A	-0.8156176209449768	-0.8238972425460815	-0.008279621601104736
chr17:41258506:T>G	-0.8159980177879333	-0.8181067109107971	-0.0021086931228637695
chr17:41258506:T>C	-0.8159980177879333	-0.816868007183075	-0.0008699893951416016
chr17:41258506:T>A	-0.8159980177879333	-0.8183975219726562	-0.0023995041847229004
chr17:41258505:C>T	-0.8163760304450989	-0.8161735534667969	0.00020247697830200195
chr17:41258505:C>G	-0.8163760304450989	-0.8168095946311951	-0.0004335641860961914
chr17:41258505:C>A	-0.8163760304450989	-0.8167466521263123	-0.0003706216812133789
chr17:41258504:A>T	-0.816513180732727	-0.8254903554916382	-0.008977174758911133
chr17:41258504:A>G	-0.816513180732727	-0.8257655501365662	-0.009252369403839111
chr17:41258504:A>C	-0.816513180732727	-0.8258646130561829	-0.00935143232345581
chr17:41258503:C>T	-0.8165566921234131	-0.8255647420883179	-0.009008049964904785
chr17:41258503:C>G	-0.8165566921234131	-0.825948178768158	-0.009391486644744873
chr17:41258503:C>A	-0.8165566921234131	-0.8257423043251038	-0.009185612201690674
chr17:41258502:A>T	-0.816656231880188	-0.8259831666946411	-0.009326934814453125
chr17:41258502:A>G	-0.816656231880188	-0.8173274993896484	-0.0006712675094604492
chr17:41258502:A>C	-0.816656231880188	-0.8256062865257263	-0.00895005464553833
chr17:41258501:G>T	-0.816592812538147	-0.823569118976593	-0.006976306438446045
chr17:41258501:G>C	-0.816592812538147	-0.8236152529716492	-0.007022440433502197
chr17:41258501:G>A	-0.816592812538147	-0.8232607841491699	-0.006667971611022949
chr17:41258500:G>T	-0.8167148232460022	-0.823957622051239	-0.007242798805236816
chr17:41258500:G>C	-0.8167148232460022	-0.8225377202033997	-0.005822896957397461
chr17:41258500:G>A	-0.8167148232460022	-0.8242012858390808	-0.007486462593078613
chr17:41258499:A>T	-0.816403865814209	-0.817467212677002	-0.0010633468627929688
chr17:41258499:A>G	-0.816403865814209	-0.8172225952148438	-0.0008187294006347656
chr17:41258499:A>C	-0.816403865814209	-0.8174183368682861	-0.0010144710540771484
chr17:41258498:A>T	-0.8163950443267822	-0.8172017335891724	-0.0008066892623901367
chr17:41258498:A>G	-0.8163950443267822	-0.8165335655212402	-0.0001385211944580078
chr17:41258498:A>C	-0.8163950443267822	-0.8170344233512878	-0.0006393790245056152
chr17:41258497:A>T	-0.8161826133728027	-0.8259518146514893	-0.009769201278686523
chr17:41258497:A>G	-0.8161826133728027	-0.8188262581825256	-0.0026436448097229004
chr17:41258497:A>C	-0.8161826133728027	-0.8251445293426514	-0.008961915969848633
chr17:41258496:T>G	-0.8160210847854614	-0.8167197108268738	-0.0006986260414123535
chr17:41258496:T>C	-0.8160210847854614	-0.8159726858139038	4.839897155761719e-05
chr17:41258496:T>A	-0.8160210847854614	-0.8168614506721497	-0.0008403658866882324
chr17:41258495:A>T	-0.8155883550643921	-0.8256061673164368	-0.010017812252044678
chr17:41258495:A>G	-0.8155883550643921	-0.8250260353088379	-0.0094376802444458
chr17:41258495:A>C	-0.8155883550643921	-0.8254346251487732	-0.009846270084381104
chr17:41258494:C>T	-0.8152771592140198	-0.8241562843322754	-0.008879125118255615
chr17:41258494:C>G	-0.8152771592140198	-0.8249207139015198	-0.0096435546875
chr17:41258494:C>A	-0.8152771592140198	-0.8245330452919006	-0.00925588607788086
chr17:41258493:A>T	-0.8156006336212158	-0.8255406022071838	-0.009939968585968018
chr17:41258493:A>G	-0.8156006336212158	-0.8155988454818726	1.7881393432617188e-06
chr17:41258493:A>C	-0.8156006336212158	-0.8251034021377563	-0.009502768516540527
chr17:41258492:T>G	-0.8156722784042358	-0.816391110420227	-0.0007188320159912109
chr17:41258492:T>C	-0.8156722784042358	-0.8176124691963196	-0.0019401907920837402
chr17:41258492:T>A	-0.8156722784042358	-0.8256924748420715	-0.010020196437835693
chr17:41258491:T>G	-0.8153932094573975	-0.8180119395256042	-0.002618730068206787
chr17:41258491:T>C	-0.8153932094573975	-0.8161477446556091	-0.0007545351982116699
chr17:41258491:T>A	-0.8153932094573975	-0.8188665509223938	-0.003473341464996338
chr17:41258490:C>T	-0.8147609829902649	-0.8152680993080139	-0.0005071163177490234
chr17:41258490:C>G	-0.8147609829902649	-0.8159103989601135	-0.0011494159698486328
chr17:41258490:C>A	-0.8147609829902649	-0.8166074752807617	-0.0018464922904968262
chr17:41258489:T>G	-0.8148329257965088	-0.8156989216804504	-0.0008659958839416504
chr17:41258489:T>C	-0.8148329257965088	-0.8159077763557434	-0.0010748505592346191
chr17:41258489:T>A	-0.8148329257965088	-0.8224614858627319	-0.0076285600662231445
chr17:41258488:T>G	-0.8150281310081482	-0.8151760697364807	-0.00014793872833251953
chr17:41258488:T>C	-0.8150281310081482	-0.8152515292167664	-0.00022339820861816406
chr17:41258488:T>A	-0.8150281310081482	-0.8161039352416992	-0.0010758042335510254
chr17:41258487:A>T	-0.8149092793464661	-0.8152892589569092	-0.00037997961044311523
chr17:41258487:A>G	-0.8149092793464661	-0.814852774143219	5.650520324707031e-05
chr17:41258487:A>C	-0.8149092793464661	-0.8153636455535889	-0.00045436620712280273
chr17:41258486:C>T	-0.8147337436676025	-0.8154255151748657	-0.0006917715072631836
chr17:41258486:C>G	-0.8147337436676025	-0.8157321214675903	-0.000998377799987793
chr17:41258486:C>A	-0.8147337436676025	-0.8173089623451233	-0.002575218677520752
chr17:41258485:T>G	-0.8145942687988281	-0.8150954842567444	-0.0005012154579162598
chr17:41258485:T>C	-0.8145942687988281	-0.816325306892395	-0.0017310380935668945
chr17:41258485:T>A	-0.8145942687988281	-0.8158291578292847	-0.001234889030456543
chr17:41258484:A>T	-0.8144445419311523	-0.8153058290481567	-0.0008612871170043945
chr17:41258484:A>G	-0.8144445419311523	-0.8145906925201416	-0.0001461505889892578
chr17:41258484:A>C	-0.8144445419311523	-0.8153228759765625	-0.0008783340454101562
chr17:41258483:T>G	-0.813932478427887	-0.8148339986801147	-0.0009015202522277832
chr17:41258483:T>C	-0.813932478427887	-0.8142403364181519	-0.0003078579902648926
chr17:41258483:T>A	-0.813932478427887	-0.8151543736457825	-0.0012218952178955078
chr17:41258482:A>T	-0.81354820728302	-0.8175185918807983	-0.00397038459777832
chr17:41258482:A>G	-0.81354820728302	-0.8150898814201355	-0.0015416741371154785
chr17:41258482:A>C	-0.81354820728302	-0.818283200263977	-0.004734992980957031
chr17:41258481:T>G	-0.8136496543884277	-0.8139718174934387	-0.00032216310501098633
chr17:41258481:T>C	-0.8136496543884277	-0.8145557045936584	-0.0009060502052307129
chr17:41258481:T>A	-0.8136496543884277	-0.8141075372695923	-0.0004578828811645508
chr17:41258480:T>G	-0.8136107921600342	-0.8149756789207458	-0.00136488676071167
chr17:41258480:T>C	-0.8136107921600342	-0.8143609166145325	-0.000750124454498291
chr17:41258480:T>A	-0.8136107921600342	-0.8147401213645935	-0.0011293292045593262
chr17:41258479:G>T	-0.813755214214325	-0.8150674104690552	-0.0013121962547302246
chr17:41258479:G>C	-0.813755214214325	-0.8147316575050354	-0.0009764432907104492
chr17:41258479:G>A	-0.813755214214325	-0.8148547410964966	-0.0010995268821716309
chr17:41258478:G>T	-0.8141146302223206	-0.814092218875885	2.2411346435546875e-05
chr17:41258478:G>C	-0.8141146302223206	-0.8142588138580322	-0.00014418363571166992
chr17:41258478:G>A	-0.8141146302223206	-0.8140631914138794	5.143880844116211e-05
chr17:41258477:T>G	-0.8141574263572693	-0.8152716159820557	-0.001114189624786377
chr17:41258477:T>C	-0.8141574263572693	-0.8148100972175598	-0.0006526708602905273
chr17:41258477:T>A	-0.8141574263572693	-0.8193014860153198	-0.005144059658050537
chr17:41258476:T>G	-0.8138625621795654	-0.8151434659957886	-0.0012809038162231445
chr17:41258476:T>C	-0.8138625621795654	-0.8144258260726929	-0.0005632638931274414
chr17:41258476:T>A	-0.8138625621795654	-0.8155245780944824	-0.0016620159149169922
chr17:41258475:T>G	-0.8136463165283203	-0.8145493268966675	-0.000903010368347168
chr17:41258475:T>C	-0.8136463165283203	-0.8143411874771118	-0.0006948709487915039
chr17:41258475:T>A	-0.8136463165283203	-0.81551194190979	-0.0018656253814697266
chr17:41258474:T>G	-0.8138087391853333	-0.8155696392059326	-0.0017609000205993652
chr17:41258474:T>C	-0.8138087391853333	-0.8157258629798889	-0.001917123794555664
chr17:41258474:T>A	-0.8138087391853333	-0.8167832493782043	-0.0029745101928710938
chr17:41258473:C>T	-0.8136932849884033	-0.8164736032485962	-0.002780318260192871
chr17:41258473:C>G	-0.8136932849884033	-0.8184611797332764	-0.004767894744873047
chr17:41258473:C>A	-0.8136932849884033	-0.8180513978004456	-0.004358112812042236
chr17:41258472:C>T	-0.8137450218200684	-0.8183790445327759	-0.0046340227127075195
chr17:41258472:C>G	-0.8137450218200684	-0.8187745213508606	-0.005029499530792236
chr17:41258472:C>A	-0.8137450218200684	-0.8185650110244751	-0.004819989204406738
chr17:41258471:A>T	-0.8137379288673401	-0.818101704120636	-0.0043637752532958984
chr17:41258471:A>G	-0.8137379288673401	-0.8186859488487244	-0.004948019981384277
chr17:41258471:A>C	-0.8137379288673401	-0.8182071447372437	-0.0044692158699035645
chr17:41258470:T>G	-0.8138272166252136	-0.8177689909934998	-0.003941774368286133
chr17:41258470:T>C	-0.8138272166252136	-0.8178315758705139	-0.004004359245300293
chr17:41258470:T>A	-0.8138272166252136	-0.8178508877754211	-0.0040236711502075195
chr17:41258469:A>T	-0.813878059387207	-0.8131757378578186	0.0007023215293884277
chr17:41258469:A>G	-0.813878059387207	-0.8138882517814636	-1.0192394256591797e-05
chr17:41258469:A>C	-0.813878059387207	-0.8146185874938965	-0.0007405281066894531
chr17:41258468:T>G	-0.8139047026634216	-0.8136694431304932	0.0002352595329284668
chr17:41258468:T>C	-0.8139047026634216	-0.8130692839622498	0.000835418701171875
chr17:41258468:T>A	-0.8139047026634216	-0.8133392930030823	0.0005654096603393555
chr17:41258467:A>T	-0.8138900399208069	-0.8141667246818542	-0.0002766847610473633
chr17:41258467:A>G	-0.8138900399208069	-0.8140782713890076	-0.0001882314682006836
chr17:41258467:A>C	-0.8138900399208069	-0.8140954971313477	-0.00020545721054077148
chr17:41258466:T>G	-0.8138841390609741	-0.8146623373031616	-0.0007781982421875
chr17:41258466:T>C	-0.8138841390609741	-0.8140934109687805	-0.00020927190780639648
chr17:41258466:T>A	-0.8138841390609741	-0.8140119910240173	-0.0001278519630432129
chr17:41258465:T>G	-0.8140866160392761	-0.814447820186615	-0.0003612041473388672
chr17:41258465:T>C	-0.8140866160392761	-0.814347505569458	-0.00026088953018188477
chr17:41258465:T>A	-0.8140866160392761	-0.8135218620300293	0.0005647540092468262
chr17:41258464:A>T	-0.8141184449195862	-0.8147737383842468	-0.0006552934646606445
chr17:41258464:A>G	-0.8141184449195862	-0.8144891262054443	-0.0003706812858581543
chr17:41258464:A>C	-0.8141184449195862	-0.814624547958374	-0.0005061030387878418
chr17:41258463:A>T	-0.8143455982208252	-0.8147333264350891	-0.000387728214263916
chr17:41258463:A>G	-0.8143455982208252	-0.8146982192993164	-0.00035262107849121094
chr17:41258463:A>C	-0.8143455982208252	-0.8147327303886414	-0.0003871321678161621
chr17:41256983:A>T	-0.7650485634803772	-0.7656487226486206	-0.0006001591682434082
chr17:41256983:A>G	-0.7650485634803772	-0.7657122611999512	-0.0006636977195739746
chr17:41256983:A>C	-0.7650485634803772	-0.7656698822975159	-0.0006213188171386719
chr17:41256982:A>T	-0.764811635017395	-0.7657729387283325	-0.0009613037109375
chr17:41256982:A>G	-0.764811635017395	-0.7656616568565369	-0.0008500218391418457
chr17:41256982:A>C	-0.764811635017395	-0.7655965089797974	-0.0007848739624023438
chr17:41256981:T>G	-0.764934241771698	-0.7651111483573914	-0.00017690658569335938
chr17:41256981:T>C	-0.764934241771698	-0.7652156949043274	-0.00028145313262939453
chr17:41256981:T>A	-0.764934241771698	-0.7651945948600769	-0.00026035308837890625
chr17:41256980:T>G	-0.7648570537567139	-0.7656654119491577	-0.0008083581924438477
chr17:41256980:T>C	-0.7648570537567139	-0.766571044921875	-0.0017139911651611328
chr17:41256980:T>A	-0.7648570537567139	-0.7652499079704285	-0.0003928542137145996
chr17:41256979:A>T	-0.7647256255149841	-0.767130434513092	-0.00240480899810791
chr17:41256979:A>G	-0.7647256255149841	-0.766287624835968	-0.0015619993209838867
chr17:41256979:A>C	-0.7647256255149841	-0.7674659490585327	-0.002740323543548584
chr17:41256978:A>T	-0.7647638320922852	-0.76664137840271	-0.0018775463104248047
chr17:41256978:A>G	-0.7647638320922852	-0.766537606716156	-0.0017737746238708496
chr17:41256978:A>C	-0.7647638320922852	-0.7670643925666809	-0.002300560474395752
chr17:41256977:A>T	-0.7647651433944702	-0.7665753364562988	-0.0018101930618286133
chr17:41256977:A>G	-0.7647651433944702	-0.7660346031188965	-0.0012694597244262695
chr17:41256977:A>C	-0.7647651433944702	-0.7664575576782227	-0.0016924142837524414
chr17:41256976:G>T	-0.7648909687995911	-0.766517698764801	-0.001626729965209961
chr17:41256976:G>C	-0.7648909687995911	-0.767082154750824	-0.00219118595123291
chr17:41256976:G>A	-0.7648909687995911	-0.7655097246170044	-0.0006187558174133301
chr17:41256975:T>G	-0.7650845646858215	-0.7690723538398743	-0.003987789154052734
chr17:41256975:T>C	-0.7650845646858215	-0.7696455717086792	-0.004561007022857666
chr17:41256975:T>A	-0.7650845646858215	-0.7714577913284302	-0.006373226642608643
chr17:41256974:C>T	-0.7649562358856201	-0.7682741284370422	-0.003317892551422119
chr17:41256974:C>G	-0.7649562358856201	-0.7701806426048279	-0.005224406719207764
chr17:41256974:C>A	-0.7649562358856201	-0.7710702419281006	-0.006114006042480469
chr17:41256973:C>T	-0.764527440071106	-0.7647735476493835	-0.0002461075782775879
chr17:41256973:C>G	-0.764527440071106	-0.7670390605926514	-0.00251162052154541
chr17:41256973:C>A	-0.764527440071106	-0.7675794959068298	-0.003052055835723877
chr17:41256972:T>G	-0.7647258043289185	-0.7662164568901062	-0.0014906525611877441
chr17:41256972:T>C	-0.7647258043289185	-0.7663581371307373	-0.0016323328018188477
chr17:41256972:T>A	-0.7647258043289185	-0.7671878933906555	-0.0024620890617370605
chr17:41256971:C>T	-0.7646385431289673	-0.7654975652694702	-0.0008590221405029297
chr17:41256971:C>G	-0.7646385431289673	-0.7655894756317139	-0.000950932502746582
chr17:41256971:C>A	-0.7646385431289673	-0.7680607438087463	-0.0034222006797790527
chr17:41256970:G>T	-0.7645055651664734	-0.7671546936035156	-0.0026491284370422363
chr17:41256970:G>C	-0.7645055651664734	-0.7674025893211365	-0.002897024154663086
chr17:41256970:G>A	-0.7645055651664734	-0.7648134231567383	-0.0003078579902648926
chr17:41256969:G>C	-0.7646282911300659	-0.7672035694122314	-0.0025752782821655273
chr17:41256969:G>A	-0.7646282911300659	-0.7653216123580933	-0.0006933212280273438
chr17:41256968:A>T	-0.7647358179092407	-0.768947422504425	-0.004211604595184326
chr17:41256968:A>G	-0.7647358179092407	-0.7684974670410156	-0.0037616491317749023
chr17:41256968:A>C	-0.7647358179092407	-0.7691349983215332	-0.0043991804122924805
chr17:41256967:T>G	-0.7645810842514038	-0.7650418281555176	-0.00046074390411376953
chr17:41256967:T>C	-0.7645810842514038	-0.7647769451141357	-0.0001958608627319336
chr17:41256967:T>A	-0.7645810842514038	-0.7646377086639404	-5.6624412536621094e-05
chr17:41256966:G>T	-0.764690101146698	-0.7659792304039001	-0.0012891292572021484
chr17:41256966:G>C	-0.764690101146698	-0.7658470869064331	-0.0011569857597351074
chr17:41256966:G>A	-0.764690101146698	-0.7726826667785645	-0.007992565631866455
chr17:41256965:T>G	-0.7646352052688599	-0.7662091851234436	-0.0015739798545837402
chr17:41256965:T>C	-0.7646352052688599	-0.765473484992981	-0.0008382797241210938
chr17:41256965:T>A	-0.7646352052688599	-0.7682342529296875	-0.0035990476608276367
chr17:41256964:T>G	-0.7641181349754333	-0.766616702079773	-0.0024985671043395996
chr17:41256964:T>A	-0.7641181349754333	-0.7664682269096375	-0.0023500919342041016
chr17:41256963:C>T	-0.7642751932144165	-0.7693271040916443	-0.005051910877227783
chr17:41256963:C>G	-0.7642751932144165	-0.767220675945282	-0.0029454827308654785
chr17:41256963:C>A	-0.7642751932144165	-0.772696852684021	-0.008421659469604492
chr17:41256962:T>G	-0.7643361687660217	-0.7693729400634766	-0.005036771297454834
chr17:41256962:T>C	-0.7643361687660217	-0.7672151327133179	-0.0028789639472961426
chr17:41256961:T>G	-0.7641483545303345	-0.7648105621337891	-0.0006622076034545898
chr17:41256961:T>C	-0.7641483545303345	-0.7641433477401733	5.0067901611328125e-06
chr17:41256961:T>A	-0.7641483545303345	-0.7651402354240417	-0.0009918808937072754
chr17:41256960:T>G	-0.76402348279953	-0.7657467722892761	-0.0017232894897460938
chr17:41256960:T>C	-0.76402348279953	-0.7715333104133606	-0.007509827613830566
chr17:41256960:T>A	-0.76402348279953	-0.7670844197273254	-0.00306093692779541
chr17:41256959:C>T	-0.7638198733329773	-0.7636426687240601	0.00017720460891723633
chr17:41256959:C>G	-0.7638198733329773	-0.7648824453353882	-0.0010625720024108887
chr17:41256959:C>A	-0.7638198733329773	-0.7680982947349548	-0.004278421401977539
chr17:41256958:A>T	-0.763723611831665	-0.7654529809951782	-0.0017293691635131836
chr17:41256958:A>G	-0.763723611831665	-0.7638667225837708	-0.0001431107521057129
chr17:41256957:T>G	-0.7634953260421753	-0.76438969373703	-0.0008943676948547363
chr17:41256957:T>C	-0.7634953260421753	-0.7631539702415466	0.0003413558006286621
chr17:41256957:T>A	-0.7634953260421753	-0.7634617686271667	3.355741500854492e-05
chr17:41256956:G>T	-0.7632514834403992	-0.7655050754547119	-0.002253592014312744
chr17:41256956:G>C	-0.7632514834403992	-0.7671594023704529	-0.003907918930053711
chr17:41256956:G>A	-0.7632514834403992	-0.7646441459655762	-0.001392662525177002
chr17:41256955:C>G	-0.7629362940788269	-0.7629294991493225	6.794929504394531e-06
chr17:41256955:C>A	-0.7629362940788269	-0.7645310163497925	-0.0015947222709655762
chr17:41256954:T>G	-0.7627687454223633	-0.7626658082008362	0.00010293722152709961
chr17:41256954:T>C	-0.7627687454223633	-0.7655136585235596	-0.002744913101196289
chr17:41256954:T>A	-0.7627687454223633	-0.7718030214309692	-0.009034276008605957
chr17:41256953:C>T	-0.7628015279769897	-0.7628854513168335	-8.392333984375e-05
chr17:41256953:C>G	-0.7628015279769897	-0.7641846537590027	-0.0013831257820129395
chr17:41256953:C>A	-0.7628015279769897	-0.7667632102966309	-0.003961682319641113
chr17:41256952:T>G	-0.7627766132354736	-0.7653132081031799	-0.002536594867706299
chr17:41256952:T>C	-0.7627766132354736	-0.7634530067443848	-0.0006763935089111328
chr17:41256952:T>A	-0.7627766132354736	-0.7651230692863464	-0.0023464560508728027
chr17:41256951:A>G	-0.7626795768737793	-0.7655383348464966	-0.002858757972717285
chr17:41256951:A>C	-0.7626795768737793	-0.7668155431747437	-0.0041359663009643555
chr17:41256950:A>T	-0.7623541355133057	-0.7657977342605591	-0.003443598747253418
chr17:41256950:A>G	-0.7623541355133057	-0.7687652111053467	-0.006411075592041016
chr17:41256950:A>C	-0.7623541355133057	-0.7686057686805725	-0.006251633167266846
chr17:41256949:A>T	-0.7620077133178711	-0.7650180459022522	-0.0030103325843811035
chr17:41256949:A>G	-0.7620077133178711	-0.7613748908042908	0.0006328225135803223
chr17:41256949:A>C	-0.7620077133178711	-0.7652432322502136	-0.0032355189323425293
chr17:41256948:T>G	-0.7619799971580505	-0.7628007531166077	-0.0008207559585571289
chr17:41256948:T>C	-0.7619799971580505	-0.7627387046813965	-0.0007587075233459473
chr17:41256948:T>A	-0.7619799971580505	-0.7652605175971985	-0.0032805204391479492
chr17:41256947:C>T	-0.7619147300720215	-0.7625297904014587	-0.0006150603294372559
chr17:41256947:C>G	-0.7619147300720215	-0.7633506655693054	-0.0014359354972839355
chr17:41256947:C>A	-0.7619147300720215	-0.7659276127815247	-0.004012882709503174
chr17:41256946:A>T	-0.7620478272438049	-0.7632206082344055	-0.001172780990600586
chr17:41256946:A>G	-0.7620478272438049	-0.762216329574585	-0.0001685023307800293
chr17:41256946:A>C	-0.7620478272438049	-0.7631743550300598	-0.0011265277862548828
chr17:41256945:G>T	-0.7622930407524109	-0.7650223970413208	-0.002729356288909912
chr17:41256945:G>C	-0.7622930407524109	-0.7634816765785217	-0.0011886358261108398
chr17:41256945:G>A	-0.7622930407524109	-0.7719553112983704	-0.009662270545959473
chr17:41256944:T>G	-0.7620912790298462	-0.7671261429786682	-0.0050348639488220215
chr17:41256944:T>C	-0.7620912790298462	-0.7623690366744995	-0.0002777576446533203
chr17:41256944:T>A	-0.7620912790298462	-0.7674175500869751	-0.005326271057128906
chr17:41256943:T>G	-0.7617810964584351	-0.7643832564353943	-0.0026021599769592285
chr17:41256943:T>C	-0.7617810964584351	-0.7613340020179749	0.0004470944404602051
chr17:41256943:T>A	-0.7617810964584351	-0.7639461159706116	-0.0021650195121765137
chr17:41256942:G>T	-0.7620865702629089	-0.7688640356063843	-0.006777465343475342
chr17:41256942:G>C	-0.7620865702629089	-0.7666091918945312	-0.0045226216316223145
chr17:41256942:G>A	-0.7620865702629089	-0.7652228474617004	-0.003136277198791504
chr17:41256941:A>T	-0.7620960474014282	-0.7682936787605286	-0.006197631359100342
chr17:41256941:A>G	-0.7620960474014282	-0.7702017426490784	-0.008105695247650146
chr17:41256941:A>C	-0.7620960474014282	-0.7692169547080994	-0.007120907306671143
chr17:41256940:A>T	-0.7619637846946716	-0.7639574408531189	-0.0019936561584472656
chr17:41256940:A>G	-0.7619637846946716	-0.7628413438796997	-0.0008775591850280762
chr17:41256940:A>C	-0.7619637846946716	-0.762329638004303	-0.00036585330963134766
chr17:41256939:C>T	-0.7620660662651062	-0.7632047533988953	-0.0011386871337890625
chr17:41256939:C>G	-0.7620660662651062	-0.7625874280929565	-0.0005213618278503418
chr17:41256939:C>A	-0.7620660662651062	-0.7675637006759644	-0.005497634410858154
chr17:41256938:A>T	-0.762229859828949	-0.7698005437850952	-0.00757068395614624
chr17:41256938:A>C	-0.762229859828949	-0.7686724066734314	-0.006442546844482422
chr17:41256937:A>T	-0.7621169686317444	-0.7619656920433044	0.0001512765884399414
chr17:41256937:A>G	-0.7621169686317444	-0.7622150778770447	-9.810924530029297e-05
chr17:41256937:A>C	-0.7621169686317444	-0.761198103427887	0.0009188652038574219
chr17:41256936:C>T	-0.7624889016151428	-0.7716127634048462	-0.00912386178970337
chr17:41256936:C>G	-0.7624889016151428	-0.7661560773849487	-0.003667175769805908
chr17:41256936:C>A	-0.7624889016151428	-0.7728056311607361	-0.010316729545593262
chr17:41256935:T>G	-0.7625124454498291	-0.7674711346626282	-0.004958689212799072
chr17:41256935:T>C	-0.7625124454498291	-0.765071451663971	-0.0025590062141418457
chr17:41256935:T>A	-0.7625124454498291	-0.7721079587936401	-0.009595513343811035
chr17:41256934:T>G	-0.762732744216919	-0.7653407454490662	-0.002608001232147217
chr17:41256934:T>C	-0.762732744216919	-0.7631118893623352	-0.00037914514541625977
chr17:41256934:T>A	-0.762732744216919	-0.764193594455719	-0.0014608502388000488
chr17:41256933:C>T	-0.7623792290687561	-0.7689399719238281	-0.0065607428550720215
chr17:41256933:C>G	-0.7623792290687561	-0.7665668725967407	-0.004187643527984619
chr17:41256933:C>A	-0.7623792290687561	-0.7727172374725342	-0.010338008403778076
chr17:41256932:T>G	-0.7624135613441467	-0.767600953578949	-0.005187392234802246
chr17:41256932:T>C	-0.7624135613441467	-0.7676030993461609	-0.00518953800201416
chr17:41256932:T>A	-0.7624135613441467	-0.7715129256248474	-0.009099364280700684
chr17:41256931:C>T	-0.7624351382255554	-0.7618386149406433	0.0005965232849121094
chr17:41256931:C>G	-0.7624351382255554	-0.7618989944458008	0.0005361437797546387
chr17:41256931:C>A	-0.7624351382255554	-0.7612625956535339	0.0011725425720214844
chr17:41256930:G>T	-0.7625777721405029	-0.7653586268424988	-0.0027808547019958496
chr17:41256930:G>C	-0.7625777721405029	-0.7685421705245972	-0.005964398384094238
chr17:41256930:G>A	-0.7625777721405029	-0.7636423707008362	-0.001064598560333252
chr17:41256929:A>T	-0.7626988291740417	-0.7694796323776245	-0.006780803203582764
chr17:41256929:A>G	-0.7626988291740417	-0.7709946632385254	-0.008295834064483643
chr17:41256929:A>C	-0.7626988291740417	-0.7694734930992126	-0.0067746639251708984
chr17:41256928:T>G	-0.7627386450767517	-0.7618252038955688	0.0009134411811828613
chr17:41256928:T>C	-0.7627386450767517	-0.7618656158447266	0.0008730292320251465
chr17:41256928:T>A	-0.7627386450767517	-0.7622622847557068	0.0004763603210449219
chr17:41256927:A>T	-0.7628201246261597	-0.7618021965026855	0.001017928123474121
chr17:41256927:A>G	-0.7628201246261597	-0.7612587213516235	0.0015614032745361328
chr17:41256927:A>C	-0.7628201246261597	-0.7623093724250793	0.0005107522010803223
chr17:41256926:A>T	-0.7631614208221436	-0.7744556665420532	-0.011294245719909668
chr17:41256926:A>G	-0.7631614208221436	-0.7643807530403137	-0.001219332218170166
chr17:41256926:A>C	-0.7631614208221436	-0.770298957824707	-0.0071375370025634766
chr17:41256925:C>T	-0.7632120251655579	-0.7652433514595032	-0.0020313262939453125
chr17:41256925:C>G	-0.7632120251655579	-0.7659202814102173	-0.002708256244659424
chr17:41256925:C>A	-0.7632120251655579	-0.7675410509109497	-0.004329025745391846
chr17:41256924:T>G	-0.763281524181366	-0.7650365233421326	-0.0017549991607666016
chr17:41256924:T>C	-0.763281524181366	-0.7633043527603149	-2.282857894897461e-05
chr17:41256924:T>A	-0.763281524181366	-0.7737308144569397	-0.01044929027557373
chr17:41256923:T>G	-0.7632644176483154	-0.7672713398933411	-0.004006922245025635
chr17:41256923:T>C	-0.7632644176483154	-0.7654939889907837	-0.0022295713424682617
chr17:41256922:T>G	-0.762910008430481	-0.7625974416732788	0.00031256675720214844
chr17:41256922:T>C	-0.762910008430481	-0.7616937160491943	0.001216292381286621
chr17:41256922:T>A	-0.762910008430481	-0.7628418803215027	6.812810897827148e-05
chr17:41256921:T>G	-0.7628787159919739	-0.7628152370452881	6.347894668579102e-05
chr17:41256921:T>C	-0.7628787159919739	-0.7636001110076904	-0.0007213950157165527
chr17:41256921:T>A	-0.7628787159919739	-0.7653684020042419	-0.0024896860122680664
chr17:41256920:A>T	-0.7625314593315125	-0.7654282450675964	-0.0028967857360839844
chr17:41256920:A>G	-0.7625314593315125	-0.7623860836029053	0.00014537572860717773
chr17:41256920:A>C	-0.7625314593315125	-0.7660402655601501	-0.0035088062286376953
chr17:41256919:G>T	-0.7625148296356201	-0.7645159959793091	-0.002001166343688965
chr17:41256919:G>C	-0.7625148296356201	-0.7616583108901978	0.0008565187454223633
chr17:41256919:G>A	-0.7625148296356201	-0.7634657621383667	-0.000950932502746582
chr17:41256918:T>G	-0.762477457523346	-0.7628264427185059	-0.0003489851951599121
chr17:41256918:T>C	-0.762477457523346	-0.7619089484214783	0.0005685091018676758
chr17:41256918:T>A	-0.762477457523346	-0.7670689225196838	-0.004591464996337891
chr17:41256917:A>T	-0.7624564170837402	-0.7675905227661133	-0.005134105682373047
chr17:41256917:A>G	-0.7624564170837402	-0.7654925584793091	-0.0030361413955688477
chr17:41256917:A>C	-0.7624564170837402	-0.7674000263214111	-0.0049436092376708984
chr17:41256916:A>T	-0.762851357460022	-0.7641304135322571	-0.0012790560722351074
chr17:41256916:A>G	-0.762851357460022	-0.7618372440338135	0.001014113426208496
chr17:41256916:A>C	-0.762851357460022	-0.7645542025566101	-0.0017028450965881348
chr17:41256915:A>T	-0.7629036903381348	-0.7585566639900208	0.004347026348114014
chr17:41256915:A>G	-0.7629036903381348	-0.7579021453857422	0.005001544952392578
chr17:41256915:A>C	-0.7629036903381348	-0.7606081962585449	0.0022954940795898438
chr17:41256914:C>T	-0.7627588510513306	-0.7614251375198364	0.0013337135314941406
chr17:41256914:C>G	-0.7627588510513306	-0.7601963877677917	0.0025624632835388184
chr17:41256914:C>A	-0.7627588510513306	-0.7678232789039612	-0.005064427852630615
chr17:41256913:A>T	-0.7629818320274353	-0.7737248539924622	-0.010743021965026855
chr17:41256913:A>G	-0.7629818320274353	-0.7640121579170227	-0.0010303258895874023
chr17:41256913:A>C	-0.7629818320274353	-0.7666581273078918	-0.003676295280456543
chr17:41256912:C>T	-0.7632625699043274	-0.766215980052948	-0.0029534101486206055
chr17:41256912:C>G	-0.7632625699043274	-0.7666044235229492	-0.003341853618621826
chr17:41256912:C>A	-0.7632625699043274	-0.7671436667442322	-0.003881096839904785
chr17:41256911:G>T	-0.7631598711013794	-0.7637858390808105	-0.0006259679794311523
chr17:41256911:G>C	-0.7631598711013794	-0.7656389474868774	-0.002479076385498047
chr17:41256911:G>A	-0.7631598711013794	-0.7706142067909241	-0.007454335689544678
chr17:41256910:A>T	-0.7631087899208069	-0.7637708187103271	-0.0006620287895202637
chr17:41256910:A>G	-0.7631087899208069	-0.7623457312583923	0.0007630586624145508
chr17:41256910:A>C	-0.7631087899208069	-0.7635540962219238	-0.00044530630111694336
chr17:41256909:A>T	-0.7631061673164368	-0.763560950756073	-0.00045478343963623047
chr17:41256909:A>G	-0.7631061673164368	-0.7625622749328613	0.0005438923835754395
chr17:41256909:A>C	-0.7631061673164368	-0.7641974091529846	-0.0010912418365478516
chr17:41256908:A>T	-0.7630159258842468	-0.7639895081520081	-0.0009735822677612305
chr17:41256908:A>G	-0.7630159258842468	-0.7650920152664185	-0.002076089382171631
chr17:41256908:A>C	-0.7630159258842468	-0.7667294144630432	-0.0037134885787963867
chr17:41256907:A>T	-0.763038158416748	-0.7628934383392334	0.00014472007751464844
chr17:41256907:A>G	-0.763038158416748	-0.7620900869369507	0.0009480714797973633
chr17:41256907:A>C	-0.763038158416748	-0.7621287703514099	0.0009093880653381348
chr17:41256906:G>T	-0.7634392976760864	-0.766462504863739	-0.003023207187652588
chr17:41256906:G>C	-0.7634392976760864	-0.7623186111450195	0.0011206865310668945
chr17:41256906:G>A	-0.7634392976760864	-0.7735340595245361	-0.010094761848449707
chr17:41256905:T>G	-0.7635093927383423	-0.7672010064125061	-0.0036916136741638184
chr17:41256905:T>C	-0.7635093927383423	-0.7658865451812744	-0.002377152442932129
chr17:41256905:T>A	-0.7635093927383423	-0.7695416212081909	-0.006032228469848633
chr17:41256904:C>T	-0.7637300491333008	-0.7652166485786438	-0.0014865994453430176
chr17:41256904:C>G	-0.7637300491333008	-0.767245352268219	-0.003515303134918213
chr17:41256904:C>A	-0.7637300491333008	-0.7671167850494385	-0.0033867359161376953
chr17:41256903:G>T	-0.7643138766288757	-0.7646116018295288	-0.00029772520065307617
chr17:41256903:G>C	-0.7643138766288757	-0.7680526375770569	-0.0037387609481811523
chr17:41256903:G>A	-0.7643138766288757	-0.7675571441650391	-0.00324326753616333
chr17:41256902:A>T	-0.764160692691803	-0.7650920748710632	-0.0009313821792602539
chr17:41256902:A>G	-0.764160692691803	-0.7636013031005859	0.000559389591217041
chr17:41256902:A>C	-0.764160692691803	-0.7651239037513733	-0.0009632110595703125
chr17:41256901:A>T	-0.7640652060508728	-0.7641192078590393	-5.4001808166503906e-05
chr17:41256901:A>G	-0.7640652060508728	-0.7635514736175537	0.0005137324333190918
chr17:41256901:A>C	-0.7640652060508728	-0.7626322507858276	0.001432955265045166
chr17:41256900:C>T	-0.7641838192939758	-0.7669072151184082	-0.002723395824432373
chr17:41256900:C>G	-0.7641838192939758	-0.7677706480026245	-0.0035868287086486816
chr17:41256900:C>A	-0.7641838192939758	-0.7719392776489258	-0.007755458354949951
chr17:41256899:T>G	-0.7639895081520081	-0.7671139240264893	-0.003124415874481201
chr17:41256899:T>C	-0.7639895081520081	-0.7667930722236633	-0.0028035640716552734
chr17:41256899:T>A	-0.7639895081520081	-0.7699808478355408	-0.005991339683532715
chr17:41256898:G>T	-0.7640092968940735	-0.7647566199302673	-0.0007473230361938477
chr17:41256898:G>C	-0.7640092968940735	-0.766425609588623	-0.0024163126945495605
chr17:41256898:G>A	-0.7640092968940735	-0.7639308571815491	7.843971252441406e-05
chr17:41256897:T>G	-0.7633287310600281	-0.7627883553504944	0.0005403757095336914
chr17:41256897:T>C	-0.7633287310600281	-0.7631548643112183	0.00017386674880981445
chr17:41256897:T>A	-0.7633287310600281	-0.7642733454704285	-0.0009446144104003906
chr17:41256896:G>T	-0.763098955154419	-0.7632197141647339	-0.0001207590103149414
chr17:41256896:G>C	-0.763098955154419	-0.7642778754234314	-0.0011789202690124512
chr17:41256896:G>A	-0.763098955154419	-0.7667831182479858	-0.0036841630935668945
chr17:41256895:T>G	-0.7629655003547668	-0.7633128762245178	-0.00034737586975097656
chr17:41256895:T>C	-0.7629655003547668	-0.763700008392334	-0.0007345080375671387
chr17:41256895:T>A	-0.7629655003547668	-0.7650464177131653	-0.0020809173583984375
chr17:41256894:C>T	-0.7631798386573792	-0.7645623683929443	-0.0013825297355651855
chr17:41256894:C>G	-0.7631798386573792	-0.7668327689170837	-0.00365293025970459
chr17:41256894:C>A	-0.7631798386573792	-0.7684913873672485	-0.005311548709869385
chr17:41256893:C>T	-0.763278067111969	-0.762898862361908	0.00037920475006103516
chr17:41256893:C>G	-0.763278067111969	-0.7630536556243896	0.0002244114875793457
chr17:41256893:C>A	-0.763278067111969	-0.7658126950263977	-0.002534627914428711
chr17:41256892:A>T	-0.7631784081459045	-0.7630638480186462	0.00011456012725830078
chr17:41256892:A>G	-0.7631784081459045	-0.7642626166343689	-0.0010842084884643555
chr17:41256892:A>C	-0.7631784081459045	-0.7662906050682068	-0.003112196922302246
chr17:41256891:A>G	-0.7629867792129517	-0.7641785740852356	-0.0011917948722839355
chr17:41256891:A>C	-0.7629867792129517	-0.7645903825759888	-0.0016036033630371094
chr17:41256888:C>A	-0.7626832723617554	-0.7660287022590637	-0.0033454298973083496
chr17:41256886:C>T	-0.7630956172943115	-0.7607932686805725	0.0023023486137390137
chr17:41256886:C>G	-0.7630956172943115	-0.7632846832275391	-0.00018906593322753906
chr17:41256886:C>A	-0.7630956172943115	-0.763212263584137	-0.00011664628982543945
chr17:41256885:A>T	-0.7632071375846863	-0.7625752091407776	0.0006319284439086914
chr17:41256885:A>C	-0.7632071375846863	-0.7608956098556519	0.002311527729034424
chr17:41256884:C>T	-0.7634518146514893	-0.7732020616531372	-0.00975024700164795
chr17:41256884:C>G	-0.7634518146514893	-0.7713950872421265	-0.007943272590637207
chr17:41256884:C>A	-0.7634518146514893	-0.7704994082450867	-0.007047593593597412
chr17:41256883:A>T	-0.7634274363517761	-0.773443341255188	-0.010015904903411865
chr17:41256883:A>G	-0.7634274363517761	-0.7734915018081665	-0.01006406545639038
chr17:41256883:A>C	-0.7634274363517761	-0.7736302614212036	-0.01020282506942749
chr17:41256882:T>C	-0.7636752724647522	-0.773500919342041	-0.009825646877288818
chr17:41256882:T>A	-0.7636752724647522	-0.7736221551895142	-0.009946882724761963
chr17:41256881:T>G	-0.764009416103363	-0.7738780379295349	-0.009868621826171875
chr17:41256881:T>C	-0.764009416103363	-0.7739381194114685	-0.009928703308105469
chr17:41256881:T>A	-0.764009416103363	-0.7732784748077393	-0.00926905870437622
chr17:41256880:C>T	-0.7641316652297974	-0.7738850712776184	-0.009753406047821045
chr17:41256880:C>G	-0.7641316652297974	-0.7740512490272522	-0.009919583797454834
chr17:41256879:A>T	-0.7642858624458313	-0.7741917967796326	-0.00990593433380127
chr17:41256879:A>G	-0.7642858624458313	-0.7741909623146057	-0.009905099868774414
chr17:41256879:A>C	-0.7642858624458313	-0.7745636105537415	-0.010277748107910156
chr17:41256878:C>T	-0.764241099357605	-0.7614920139312744	0.0027490854263305664
chr17:41256878:C>G	-0.764241099357605	-0.7643672227859497	-0.00012612342834472656
chr17:41256878:C>A	-0.764241099357605	-0.7641173005104065	0.00012379884719848633
chr17:41256877:A>T	-0.7642306685447693	-0.7648504972457886	-0.0006198287010192871
chr17:41256877:A>G	-0.7642306685447693	-0.7652307152748108	-0.001000046730041504
chr17:41256877:A>C	-0.7642306685447693	-0.7672329545021057	-0.0030022859573364258
chr17:41256876:A>G	-0.7645356059074402	-0.7654967308044434	-0.0009611248970031738
chr17:41256876:A>C	-0.7645356059074402	-0.766782283782959	-0.002246677875518799
chr17:41256875:C>T	-0.7647314071655273	-0.7648561596870422	-0.00012475252151489258
chr17:41256875:C>G	-0.7647314071655273	-0.7649207711219788	-0.00018936395645141602
chr17:41256875:C>A	-0.7647314071655273	-0.7632458209991455	0.001485586166381836
chr17:41223040:T>G	-0.9172704815864563	-0.9174045920372009	-0.0001341104507446289
chr17:41223040:T>C	-0.9172704815864563	-0.9173879623413086	-0.00011748075485229492
chr17:41223040:T>A	-0.9172704815864563	-0.9167852997779846	0.0004851818084716797
chr17:41223039:C>T	-0.9174826741218567	-0.9174787402153015	3.933906555175781e-06
chr17:41223039:C>G	-0.9174826741218567	-0.9175277352333069	-4.506111145019531e-05
chr17:41223039:C>A	-0.9174826741218567	-0.9178404808044434	-0.0003578066825866699
chr17:41223038:A>T	-0.9172937870025635	-0.9175598621368408	-0.00026607513427734375
chr17:41223038:A>G	-0.9172937870025635	-0.9175509810447693	-0.00025719404220581055
chr17:41223038:A>C	-0.9172937870025635	-0.9177794456481934	-0.0004856586456298828
chr17:41223037:C>T	-0.9174713492393494	-0.9176667332649231	-0.00019538402557373047
chr17:41223037:C>G	-0.9174713492393494	-0.9179943203926086	-0.0005229711532592773
chr17:41223037:C>A	-0.9174713492393494	-0.9179328680038452	-0.0004615187644958496
chr17:41223036:A>T	-0.9172962307929993	-0.9176197648048401	-0.0003235340118408203
chr17:41223036:A>G	-0.9172962307929993	-0.9175733923912048	-0.0002771615982055664
chr17:41223036:A>C	-0.9172962307929993	-0.9174135327339172	-0.00011730194091796875
chr17:41223035:C>T	-0.9172677397727966	-0.9171518087387085	0.00011593103408813477
chr17:41223035:C>G	-0.9172677397727966	-0.9174086451530457	-0.00014090538024902344
chr17:41223035:C>A	-0.9172677397727966	-0.9173454642295837	-7.772445678710938e-05
chr17:41223034:T>G	-0.9172782897949219	-0.9181866645812988	-0.0009083747863769531
chr17:41223034:T>C	-0.9172782897949219	-0.9177135825157166	-0.00043529272079467773
chr17:41223034:T>A	-0.9172782897949219	-0.9174907803535461	-0.00021249055862426758
chr17:41223033:C>T	-0.9172216653823853	-0.9176148772239685	-0.00039321184158325195
chr17:41223033:C>G	-0.9172216653823853	-0.9175074696540833	-0.00028580427169799805
chr17:41223033:C>A	-0.9172216653823853	-0.9172782897949219	-5.6624412536621094e-05
chr17:41223032:G>T	-0.9167024493217468	-0.9167612791061401	-5.882978439331055e-05
chr17:41223032:G>C	-0.9167024493217468	-0.9166717529296875	3.069639205932617e-05
chr17:41223032:G>A	-0.9167024493217468	-0.916959822177887	-0.0002573728561401367
chr17:41223031:T>G	-0.9167421460151672	-0.917177677154541	-0.0004355311393737793
chr17:41223031:T>C	-0.9167421460151672	-0.9173102974891663	-0.0005681514739990234
chr17:41223030:C>T	-0.9167615175247192	-0.9166941046714783	6.74128532409668e-05
chr17:41223030:C>G	-0.9167615175247192	-0.9173998236656189	-0.0006383061408996582
chr17:41223029:C>G	-0.9168405532836914	-0.9172574877738953	-0.0004169344902038574
chr17:41223029:C>A	-0.9168405532836914	-0.9167930483818054	4.750490188598633e-05
chr17:41223028:C>T	-0.9166345000267029	-0.9166221618652344	1.233816146850586e-05
chr17:41223028:C>G	-0.9166345000267029	-0.9169355630874634	-0.00030106306076049805
chr17:41223028:C>A	-0.9166345000267029	-0.9177177548408508	-0.0010832548141479492
chr17:41223027:T>G	-0.9166521430015564	-0.9172718524932861	-0.0006197094917297363
chr17:41223027:T>C	-0.9166521430015564	-0.9172348976135254	-0.0005827546119689941
chr17:41223027:T>A	-0.9166521430015564	-0.9175657033920288	-0.0009135603904724121
chr17:41223026:C>T	-0.9163843989372253	-0.9165248870849609	-0.0001404881477355957
chr17:41223026:C>G	-0.9163843989372253	-0.9168707728385925	-0.0004863739013671875
chr17:41223026:C>A	-0.9163843989372253	-0.9170644283294678	-0.0006800293922424316
chr17:41223025:T>G	-0.9166329503059387	-0.9167675971984863	-0.00013464689254760742
chr17:41223025:T>C	-0.9166329503059387	-0.9168983697891235	-0.00026541948318481445
chr17:41223025:T>A	-0.9166329503059387	-0.9175054430961609	-0.000872492790222168
chr17:41223024:T>G	-0.9164232611656189	-0.9169812798500061	-0.000558018684387207
chr17:41223024:T>C	-0.9164232611656189	-0.916647732257843	-0.0002244710922241211
chr17:41223024:T>A	-0.9164232611656189	-0.9172095656394958	-0.0007863044738769531
chr17:41223023:C>T	-0.9161942601203918	-0.9163450002670288	-0.0001507401466369629
chr17:41223023:C>G	-0.9161942601203918	-0.9166792631149292	-0.0004850029945373535
chr17:41223023:C>A	-0.9161942601203918	-0.916648268699646	-0.0004540085792541504
chr17:41223022:G>T	-0.9159666895866394	-0.9160703420639038	-0.0001036524772644043
chr17:41223022:G>C	-0.9159666895866394	-0.9161580204963684	-0.0001913309097290039
chr17:41223022:G>A	-0.9159666895866394	-0.9159963726997375	-2.968311309814453e-05
chr17:41223021:G>T	-0.9158226251602173	-0.9166235327720642	-0.0008009076118469238
chr17:41223021:G>C	-0.9158226251602173	-0.9173085689544678	-0.0014859437942504883
chr17:41223021:G>A	-0.9158226251602173	-0.9166478514671326	-0.0008252263069152832
chr17:41223020:T>G	-0.9161111116409302	-0.9164732098579407	-0.00036209821701049805
chr17:41223020:T>C	-0.9161111116409302	-0.9164362549781799	-0.00032514333724975586
chr17:41223020:T>A	-0.9161111116409302	-0.9163143038749695	-0.00020319223403930664
chr17:41223019:C>T	-0.9160409569740295	-0.9163094162940979	-0.0002684593200683594
chr17:41223019:C>G	-0.9160409569740295	-0.9166447520256042	-0.000603795051574707
chr17:41223019:C>A	-0.9160409569740295	-0.9171900153160095	-0.0011490583419799805
chr17:41223018:T>G	-0.9157776832580566	-0.9158430695533752	-6.538629531860352e-05
chr17:41223018:T>C	-0.9157776832580566	-0.9159438014030457	-0.00016611814498901367
chr17:41223018:T>A	-0.9157776832580566	-0.9161010384559631	-0.00032335519790649414
chr17:41223017:T>G	-0.9159930944442749	-0.9161653518676758	-0.0001722574234008789
chr17:41223017:T>C	-0.9159930944442749	-0.9159681797027588	2.491474151611328e-05
chr17:41223017:T>A	-0.9159930944442749	-0.9162471294403076	-0.00025403499603271484
chr17:41223016:A>T	-0.9159762859344482	-0.9160164594650269	-4.017353057861328e-05
chr17:41223016:A>G	-0.9159762859344482	-0.9159610271453857	1.52587890625e-05
chr17:41223016:A>C	-0.9159762859344482	-0.9159092903137207	6.699562072753906e-05
chr17:41223015:A>T	-0.916082501411438	-0.916840136051178	-0.0007576346397399902
chr17:41223015:A>G	-0.916082501411438	-0.9164373278617859	-0.0003548264503479004
chr17:41223015:A>C	-0.916082501411438	-0.9164161086082458	-0.00033360719680786133
chr17:41223014:C>T	-0.9160541892051697	-0.9161074161529541	-5.322694778442383e-05
chr17:41223014:C>G	-0.9160541892051697	-0.916411817073822	-0.00035762786865234375
chr17:41223014:C>A	-0.9160541892051697	-0.9165158867835999	-0.0004616975784301758
chr17:41223013:T>G	-0.9158041477203369	-0.9158888459205627	-8.469820022583008e-05
chr17:41223013:T>C	-0.9158041477203369	-0.9158757925033569	-7.164478302001953e-05
chr17:41223013:T>A	-0.9158041477203369	-0.9158912897109985	-8.71419906616211e-05
chr17:41223012:G>T	-0.9155102372169495	-0.9163832068443298	-0.0008729696273803711
chr17:41223012:G>C	-0.9155102372169495	-0.916314423084259	-0.0008041858673095703
chr17:41223012:G>A	-0.9155102372169495	-0.9162850975990295	-0.0007748603820800781
chr17:41223011:T>G	-0.9156437516212463	-0.9160264730453491	-0.0003827214241027832
chr17:41223011:T>C	-0.9156437516212463	-0.9161672592163086	-0.0005235075950622559
chr17:41223011:T>A	-0.9156437516212463	-0.9157090783119202	-6.532669067382812e-05
chr17:41223010:C>T	-0.9154872298240662	-0.9153519868850708	0.00013524293899536133
chr17:41223010:C>G	-0.9154872298240662	-0.9152712821960449	0.00021594762802124023
chr17:41223010:C>A	-0.9154872298240662	-0.9152217507362366	0.00026547908782958984
chr17:41223009:G>T	-0.915460467338562	-0.9153383374214172	0.0001221299171447754
chr17:41223009:G>C	-0.915460467338562	-0.9156495928764343	-0.00018912553787231445
chr17:41223009:G>A	-0.915460467338562	-0.9158444404602051	-0.0003839731216430664
chr17:41223008:A>T	-0.9150261878967285	-0.9153458476066589	-0.0003196597099304199
chr17:41223008:A>G	-0.9150261878967285	-0.915132462978363	-0.00010627508163452148
chr17:41223008:A>C	-0.9150261878967285	-0.9155377149581909	-0.0005115270614624023
chr17:41223007:A>T	-0.9149880409240723	-0.915194034576416	-0.00020599365234375
chr17:41223007:A>G	-0.9149880409240723	-0.9152446985244751	-0.00025665760040283203
chr17:41223007:A>C	-0.9149880409240723	-0.9152320623397827	-0.00024402141571044922
chr17:41223006:G>T	-0.9148366451263428	-0.9161208868026733	-0.0012842416763305664
chr17:41223006:G>C	-0.9148366451263428	-0.9157947897911072	-0.0009581446647644043
chr17:41223006:G>A	-0.9148366451263428	-0.9158897399902344	-0.0010530948638916016
chr17:41223005:T>G	-0.914705216884613	-0.9149365425109863	-0.00023132562637329102
chr17:41223005:T>C	-0.914705216884613	-0.9151097536087036	-0.00040453672409057617
chr17:41223005:T>A	-0.914705216884613	-0.9148731827735901	-0.00016796588897705078
chr17:41223004:T>G	-0.9150701761245728	-0.9153948426246643	-0.00032466650009155273
chr17:41223004:T>C	-0.9150701761245728	-0.9152438640594482	-0.00017368793487548828
chr17:41223004:T>A	-0.9150701761245728	-0.9153416156768799	-0.0002714395523071289
chr17:41223003:G>T	-0.9149850606918335	-0.9147704243659973	0.00021463632583618164
chr17:41223003:G>C	-0.9149850606918335	-0.9150043725967407	-1.9311904907226562e-05
chr17:41223003:G>A	-0.9149850606918335	-0.9155370593070984	-0.0005519986152648926
chr17:41223002:T>G	-0.9155173897743225	-0.9159340262413025	-0.00041663646697998047
chr17:41223002:T>C	-0.9155173897743225	-0.9158145189285278	-0.00029712915420532227
chr17:41223002:T>A	-0.9155173897743225	-0.9154441952705383	7.319450378417969e-05
chr17:41223001:C>T	-0.9153972268104553	-0.9159591197967529	-0.0005618929862976074
chr17:41223001:C>G	-0.9153972268104553	-0.9156650900840759	-0.00026786327362060547
chr17:41223001:C>A	-0.9153972268104553	-0.9166088700294495	-0.0012116432189941406
chr17:41223000:T>G	-0.9151116609573364	-0.9154736399650574	-0.00036197900772094727
chr17:41223000:T>C	-0.9151116609573364	-0.9158011674880981	-0.0006895065307617188
chr17:41223000:T>A	-0.9151116609573364	-0.9159740209579468	-0.0008623600006103516
chr17:41222999:T>G	-0.9151499271392822	-0.9159220457077026	-0.0007721185684204102
chr17:41222999:T>C	-0.9151499271392822	-0.9154399633407593	-0.0002900362014770508
chr17:41222999:T>A	-0.9151499271392822	-0.9158757925033569	-0.000725865364074707
chr17:41222998:T>G	-0.9158195853233337	-0.9162220358848572	-0.0004024505615234375
chr17:41222998:T>C	-0.9158195853233337	-0.9158509969711304	-3.141164779663086e-05
chr17:41222998:T>A	-0.9158195853233337	-0.9174282550811768	-0.0016086697578430176
chr17:41222997:C>T	-0.91550213098526	-0.9158769249916077	-0.00037479400634765625
chr17:41222997:C>G	-0.91550213098526	-0.9157534837722778	-0.00025135278701782227
chr17:41222997:C>A	-0.91550213098526	-0.9166017174720764	-0.0010995864868164062
chr17:41222996:C>T	-0.9156177639961243	-0.9153834581375122	0.00023430585861206055
chr17:41222996:C>G	-0.9156177639961243	-0.9159034490585327	-0.00028568506240844727
chr17:41222996:C>A	-0.9156177639961243	-0.9157946109771729	-0.00017684698104858398
chr17:41222995:C>T	-0.9153066277503967	-0.9155737161636353	-0.0002670884132385254
chr17:41222995:C>G	-0.9153066277503967	-0.9156743884086609	-0.00036776065826416016
chr17:41222995:C>A	-0.9153066277503967	-0.9159654378890991	-0.0006588101387023926
chr17:41222994:A>T	-0.9152528047561646	-0.9162462949752808	-0.000993490219116211
chr17:41222994:A>G	-0.9152528047561646	-0.9156337380409241	-0.0003809332847595215
chr17:41222994:A>C	-0.9152528047561646	-0.9159488677978516	-0.0006960630416870117
chr17:41222993:G>T	-0.9155295491218567	-0.915439784526825	8.976459503173828e-05
chr17:41222993:G>C	-0.9155295491218567	-0.9158045053482056	-0.00027495622634887695
chr17:41222993:G>A	-0.9155295491218567	-0.9155247807502747	4.76837158203125e-06
chr17:41222992:T>G	-0.9156729578971863	-0.9165868759155273	-0.0009139180183410645
chr17:41222992:T>C	-0.9156729578971863	-0.9161852598190308	-0.0005123019218444824
chr17:41222992:T>A	-0.9156729578971863	-0.9175942540168762	-0.0019212961196899414
chr17:41222991:T>G	-0.9158490896224976	-0.9156032800674438	0.00024580955505371094
chr17:41222991:T>C	-0.9158490896224976	-0.9155831933021545	0.0002658963203430176
chr17:41222991:T>A	-0.9158490896224976	-0.9175477623939514	-0.0016986727714538574
chr17:41222990:G>T	-0.9156621098518372	-0.9161844849586487	-0.0005223751068115234
chr17:41222990:G>C	-0.9156621098518372	-0.916301429271698	-0.0006393194198608398
chr17:41222990:G>A	-0.9156621098518372	-0.9157435297966003	-8.14199447631836e-05
chr17:41222989:T>G	-0.9157295823097229	-0.915765643119812	-3.606081008911133e-05
chr17:41222989:T>C	-0.9157295823097229	-0.9162610173225403	-0.0005314350128173828
chr17:41222989:T>A	-0.9157295823097229	-0.9176824688911438	-0.0019528865814208984
chr17:41222988:T>G	-0.9159708023071289	-0.916846752166748	-0.0008759498596191406
chr17:41222988:T>C	-0.9159708023071289	-0.9159247875213623	4.601478576660156e-05
chr17:41222988:T>A	-0.9159708023071289	-0.9166209697723389	-0.0006501674652099609
chr17:41222987:T>G	-0.9154478907585144	-0.9160661697387695	-0.000618278980255127
chr17:41222987:T>C	-0.9154478907585144	-0.9152241945266724	0.00022369623184204102
chr17:41222987:T>A	-0.9154478907585144	-0.9161315560340881	-0.0006836652755737305
chr17:41222986:T>G	-0.9152030944824219	-0.9161731004714966	-0.000970005989074707
chr17:41222986:T>C	-0.9152030944824219	-0.9166239500045776	-0.0014208555221557617
chr17:41222986:T>A	-0.9152030944824219	-0.9171686172485352	-0.0019655227661132812
chr17:41222985:C>T	-0.9149199724197388	-0.9155344367027283	-0.000614464282989502
chr17:41222985:C>G	-0.9149199724197388	-0.9171098470687866	-0.0021898746490478516
chr17:41222985:C>A	-0.9149199724197388	-0.9185607433319092	-0.00364077091217041
chr17:41222984:T>G	-0.9148639440536499	-0.9160842895507812	-0.0012203454971313477
chr17:41222984:T>C	-0.9148639440536499	-0.9149394631385803	-7.551908493041992e-05
chr17:41222984:T>A	-0.9148639440536499	-0.9161708354949951	-0.0013068914413452148
chr17:41222983:T>G	-0.9151573181152344	-0.9154435992240906	-0.00028628110885620117
chr17:41222983:T>C	-0.9151573181152344	-0.9145901203155518	0.0005671977996826172
chr17:41222983:T>A	-0.9151573181152344	-0.9154872298240662	-0.0003299117088317871
chr17:41222982:A>T	-0.9149158596992493	-0.9165592789649963	-0.0016434192657470703
chr17:41222982:A>G	-0.9149158596992493	-0.9161161184310913	-0.001200258731842041
chr17:41222982:A>C	-0.9149158596992493	-0.917023241519928	-0.002107381820678711
chr17:41222981:C>T	-0.9148246049880981	-0.9139902591705322	0.000834345817565918
chr17:41222981:C>G	-0.9148246049880981	-0.91465163230896	0.0001729726791381836
chr17:41222981:C>A	-0.9148246049880981	-0.9148175716400146	7.033348083496094e-06
chr17:41222980:A>T	-0.9146496653556824	-0.9162972569465637	-0.0016475915908813477
chr17:41222980:A>G	-0.9146496653556824	-0.9167181849479675	-0.0020685195922851562
chr17:41222980:A>C	-0.9146496653556824	-0.9153681397438049	-0.0007184743881225586
chr17:41222979:G>T	-0.9146143794059753	-0.9174302220344543	-0.002815842628479004
chr17:41222979:G>C	-0.9146143794059753	-0.916641891002655	-0.0020275115966796875
chr17:41222979:G>A	-0.9146143794059753	-0.9168344140052795	-0.0022200345993041992
chr17:41222978:G>T	-0.9145058989524841	-0.9149436354637146	-0.00043773651123046875
chr17:41222978:G>C	-0.9145058989524841	-0.9149814248085022	-0.0004755258560180664
chr17:41222978:G>A	-0.9145058989524841	-0.9142575263977051	0.00024837255477905273
chr17:41222977:T>G	-0.9143022894859314	-0.9144414663314819	-0.0001391768455505371
chr17:41222977:T>C	-0.9143022894859314	-0.9149121046066284	-0.0006098151206970215
chr17:41222977:T>A	-0.9143022894859314	-0.9143722653388977	-6.99758529663086e-05
chr17:41222976:A>T	-0.9142319560050964	-0.9174299836158752	-0.0031980276107788086
chr17:41222976:A>G	-0.9142319560050964	-0.9163830876350403	-0.0021511316299438477
chr17:41222976:A>C	-0.9142319560050964	-0.91680508852005	-0.0025731325149536133
chr17:41222975:C>T	-0.9143210053443909	-0.9147741794586182	-0.0004531741142272949
chr17:41222975:C>G	-0.9143210053443909	-0.9151171445846558	-0.0007961392402648926
chr17:41222975:C>A	-0.9143210053443909	-0.9153512120246887	-0.0010302066802978516
chr17:41222974:C>G	-0.9141379594802856	-0.9148069620132446	-0.0006690025329589844
chr17:41222974:C>A	-0.9141379594802856	-0.9146426916122437	-0.0005047321319580078
chr17:41222973:A>T	-0.9139683246612549	-0.9182938933372498	-0.004325568675994873
chr17:41222973:A>G	-0.9139683246612549	-0.9160727262496948	-0.0021044015884399414
chr17:41222973:A>C	-0.9139683246612549	-0.9171156883239746	-0.0031473636627197266
chr17:41222972:C>T	-0.9136891961097717	-0.9139357805252075	-0.000246584415435791
chr17:41222972:C>G	-0.9136891961097717	-0.9141397476196289	-0.00045055150985717773
chr17:41222972:C>A	-0.9136891961097717	-0.9139793515205383	-0.00029015541076660156
chr17:41222971:C>T	-0.9138223528862	-0.9142830967903137	-0.00046074390411376953
chr17:41222971:C>G	-0.9138223528862	-0.9147546887397766	-0.0009323358535766602
chr17:41222971:C>A	-0.9138223528862	-0.9148174524307251	-0.0009950995445251465
chr17:41222970:A>T	-0.9137588739395142	-0.9163101315498352	-0.002551257610321045
chr17:41222970:A>G	-0.9137588739395142	-0.914031445980072	-0.00027257204055786133
chr17:41222970:A>C	-0.9137588739395142	-0.9155488610267639	-0.0017899870872497559
chr17:41222969:C>T	-0.9139875769615173	-0.9140976667404175	-0.00011008977890014648
chr17:41222969:C>G	-0.9139875769615173	-0.914150059223175	-0.00016248226165771484
chr17:41222969:C>A	-0.9139875769615173	-0.913894772529602	9.28044319152832e-05
chr17:41222968:A>T	-0.9143235087394714	-0.91511470079422	-0.0007911920547485352
chr17:41222968:A>G	-0.9143235087394714	-0.9172971844673157	-0.0029736757278442383
chr17:41222968:A>C	-0.9143235087394714	-0.9149899482727051	-0.0006664395332336426
chr17:41222967:G>T	-0.914462149143219	-0.9175971746444702	-0.0031350255012512207
chr17:41222967:G>C	-0.914462149143219	-0.9157554507255554	-0.0012933015823364258
chr17:41222967:G>A	-0.914462149143219	-0.9177162051200867	-0.0032540559768676758
chr17:41222966:A>T	-0.9142668843269348	-0.9142605066299438	6.377696990966797e-06
chr17:41222966:A>G	-0.9142668843269348	-0.9146800637245178	-0.0004131793975830078
chr17:41222966:A>C	-0.9142668843269348	-0.9148502349853516	-0.000583350658416748
chr17:41222965:C>T	-0.9145844578742981	-0.9153658747673035	-0.0007814168930053711
chr17:41222965:C>G	-0.9145844578742981	-0.9168599843978882	-0.002275526523590088
chr17:41222965:C>A	-0.9145844578742981	-0.916593611240387	-0.002009153366088867
chr17:41222964:C>T	-0.9145879745483398	-0.915816068649292	-0.0012280941009521484
chr17:41222964:C>G	-0.9145879745483398	-0.9160940647125244	-0.0015060901641845703
chr17:41222964:C>A	-0.9145879745483398	-0.9180930852890015	-0.003505110740661621
chr17:41222963:G>T	-0.9146395921707153	-0.9152010083198547	-0.0005614161491394043
chr17:41222963:G>C	-0.9146395921707153	-0.9149075746536255	-0.00026798248291015625
chr17:41222963:G>A	-0.9146395921707153	-0.914544403553009	9.518861770629883e-05
chr17:41222962:G>T	-0.9149541258811951	-0.9161425828933716	-0.0011884570121765137
chr17:41222962:G>C	-0.9149541258811951	-0.9169813394546509	-0.0020272135734558105
chr17:41222962:G>A	-0.9149541258811951	-0.9147637486457825	0.00019037723541259766
chr17:41222961:A>T	-0.915066123008728	-0.9178168773651123	-0.0027507543563842773
chr17:41222961:A>G	-0.915066123008728	-0.9187395572662354	-0.0036734342575073242
chr17:41222961:A>C	-0.915066123008728	-0.9179892539978027	-0.002923130989074707
chr17:41222960:C>T	-0.9148767590522766	-0.9147759079933167	0.00010085105895996094
chr17:41222960:C>G	-0.9148767590522766	-0.9146773219108582	0.00019943714141845703
chr17:41222960:C>A	-0.9148767590522766	-0.914682924747467	0.0001938343048095703
chr17:41222959:T>C	-0.9148492813110352	-0.9159828424453735	-0.001133561134338379
chr17:41222959:T>A	-0.9148492813110352	-0.9148430824279785	6.198883056640625e-06
chr17:41222956:G>T	-0.9147175550460815	-0.9154214859008789	-0.0007039308547973633
chr17:41222956:G>C	-0.9147175550460815	-0.9152685403823853	-0.0005509853363037109
chr17:41222956:G>A	-0.9147175550460815	-0.9151047468185425	-0.0003871917724609375
chr17:41222955:G>T	-0.9153755307197571	-0.916671097278595	-0.0012955665588378906
chr17:41222955:G>C	-0.9153755307197571	-0.9171024560928345	-0.0017269253730773926
chr17:41222955:G>A	-0.9153755307197571	-0.9180295467376709	-0.0026540160179138184
chr17:41222954:T>G	-0.9151287078857422	-0.9157738089561462	-0.0006451010704040527
chr17:41222954:T>C	-0.9151287078857422	-0.915736734867096	-0.0006080269813537598
chr17:41222954:T>A	-0.9151287078857422	-0.9151568412780762	-2.8133392333984375e-05
chr17:41222953:C>T	-0.9153065085411072	-0.9162766337394714	-0.0009701251983642578
chr17:41222953:C>G	-0.9153065085411072	-0.9165989756584167	-0.0012924671173095703
chr17:41222953:C>A	-0.9153065085411072	-0.92084801197052	-0.005541503429412842
chr17:41222952:T>G	-0.9154531359672546	-0.9167199730873108	-0.0012668371200561523
chr17:41222952:T>C	-0.9154531359672546	-0.9184485673904419	-0.002995431423187256
chr17:41222952:T>A	-0.9154531359672546	-0.9183587431907654	-0.002905607223510742
chr17:41222951:T>G	-0.9154665470123291	-0.9162280559539795	-0.0007615089416503906
chr17:41222951:T>C	-0.9154665470123291	-0.9156350493431091	-0.0001685023307800293
chr17:41222951:T>A	-0.9154665470123291	-0.9156386256217957	-0.00017207860946655273
chr17:41222950:C>T	-0.9159160852432251	-0.9181952476501465	-0.0022791624069213867
chr17:41222950:C>G	-0.9159160852432251	-0.9175761342048645	-0.0016600489616394043
chr17:41222950:C>A	-0.9159160852432251	-0.9209375381469727	-0.005021452903747559
chr17:41222949:T>G	-0.9157006144523621	-0.9191359281539917	-0.0034353137016296387
chr17:41222949:T>C	-0.9157006144523621	-0.9180616736412048	-0.0023610591888427734
chr17:41222949:T>A	-0.9157006144523621	-0.9198343753814697	-0.004133760929107666
chr17:41222948:T>G	-0.9153754711151123	-0.9157115817070007	-0.00033611059188842773
chr17:41222948:T>C	-0.9153754711151123	-0.9157910346984863	-0.00041556358337402344
chr17:41222948:T>A	-0.9153754711151123	-0.915656566619873	-0.0002810955047607422
chr17:41222947:A>T	-0.9152591228485107	-0.9158728122711182	-0.0006136894226074219
chr17:41222947:A>G	-0.9152591228485107	-0.9158149361610413	-0.0005558133125305176
chr17:41222947:A>C	-0.9152591228485107	-0.9163819551467896	-0.0011228322982788086
chr17:41222946:A>T	-0.914863646030426	-0.9149594306945801	-9.578466415405273e-05
chr17:41222946:A>G	-0.914863646030426	-0.9153003096580505	-0.0004366636276245117
chr17:41222946:A>C	-0.914863646030426	-0.915623128414154	-0.0007594823837280273
chr17:41222945:A>T	-0.9144893288612366	-0.9151245355606079	-0.0006352066993713379
chr17:41222945:A>G	-0.9144893288612366	-0.9145912528038025	-0.00010192394256591797
chr17:41222945:A>C	-0.9144893288612366	-0.9144150614738464	7.426738739013672e-05
chr17:41222944:C>T	-0.9145138263702393	-0.9192586541175842	-0.004744827747344971
chr17:41222944:C>G	-0.9145138263702393	-0.9193511605262756	-0.004837334156036377
chr17:41222944:C>A	-0.9145138263702393	-0.9194478392601013	-0.0049340128898620605
chr17:41222943:A>T	-0.9145224094390869	-0.9183681607246399	-0.0038457512855529785
chr17:41222943:A>G	-0.9145224094390869	-0.9181877970695496	-0.0036653876304626465
chr17:41222943:A>C	-0.9145224094390869	-0.9195478558540344	-0.00502544641494751
chr17:41222942:C>T	-0.9145141243934631	-0.9135978817939758	0.0009162425994873047
chr17:41222942:C>G	-0.9145141243934631	-0.9184344410896301	-0.003920316696166992
chr17:41222942:C>A	-0.9145141243934631	-0.9179022312164307	-0.0033881068229675293
chr17:41222941:T>G	-0.9145142436027527	-0.9180161356925964	-0.00350189208984375
chr17:41222941:T>C	-0.9145142436027527	-0.9193053841590881	-0.004791140556335449
chr17:41222941:T>A	-0.9145142436027527	-0.9189907312393188	-0.004476487636566162
chr17:41222940:C>T	-0.9142299294471741	-0.9182700514793396	-0.004040122032165527
chr17:41222940:C>G	-0.9142299294471741	-0.9193360209465027	-0.005106091499328613
chr17:41222940:C>A	-0.9142299294471741	-0.9192609190940857	-0.005030989646911621
chr17:41222939:A>G	-0.9144262671470642	-0.917682409286499	-0.0032561421394348145
chr17:41222939:A>C	-0.9144262671470642	-0.9174581170082092	-0.0030318498611450195
chr17:41222938:C>T	-0.9144079685211182	-0.9133668541908264	0.001041114330291748
chr17:41222938:C>G	-0.9144079685211182	-0.9142618179321289	0.0001461505889892578
chr17:41222938:C>A	-0.9144079685211182	-0.9141397476196289	0.0002682209014892578
chr17:41222937:A>T	-0.9142618179321289	-0.91451495885849	-0.000253140926361084
chr17:41222937:A>G	-0.9142618179321289	-0.9143688082695007	-0.00010699033737182617
chr17:41222937:A>C	-0.9142618179321289	-0.9150691032409668	-0.0008072853088378906
chr17:41222936:T>G	-0.9143686890602112	-0.9140874147415161	0.00028127431869506836
chr17:41222936:T>C	-0.9143686890602112	-0.9144791960716248	-0.00011050701141357422
chr17:41222936:T>A	-0.9143686890602112	-0.9139910340309143	0.000377655029296875
chr17:41222935:A>T	-0.9143150448799133	-0.9145130515098572	-0.00019800662994384766
chr17:41222935:A>G	-0.9143150448799133	-0.9142909049987793	2.4139881134033203e-05
chr17:41222935:A>C	-0.9143150448799133	-0.9146537780761719	-0.0003387331962585449
chr17:41219722:A>T	-0.980846107006073	-0.9827337861061096	-0.001887679100036621
chr17:41219722:A>G	-0.980846107006073	-0.982376217842102	-0.0015301108360290527
chr17:41219722:A>C	-0.980846107006073	-0.9834959506988525	-0.002649843692779541
chr17:41219721:A>T	-0.9807097911834717	-0.9818938374519348	-0.0011840462684631348
chr17:41219721:A>G	-0.9807097911834717	-0.9822549223899841	-0.0015451312065124512
chr17:41219721:A>C	-0.9807097911834717	-0.9821318984031677	-0.001422107219696045
chr17:41219720:T>G	-0.9808169007301331	-0.9810752868652344	-0.00025838613510131836
chr17:41219720:T>C	-0.9808169007301331	-0.9808921217918396	-7.522106170654297e-05
chr17:41219720:T>A	-0.9808169007301331	-0.9810102581977844	-0.0001933574676513672
chr17:41219719:T>G	-0.9811023473739624	-0.9816137552261353	-0.0005114078521728516
chr17:41219719:T>C	-0.9811023473739624	-0.9844624996185303	-0.003360152244567871
chr17:41219719:T>A	-0.9811023473739624	-0.98106849193573	3.3855438232421875e-05
chr17:41219718:A>T	-0.9816564321517944	-0.9888855814933777	-0.007229149341583252
chr17:41219718:A>G	-0.9816564321517944	-0.9885459542274475	-0.006889522075653076
chr17:41219718:A>C	-0.9816564321517944	-0.9891875982284546	-0.007531166076660156
chr17:41219717:A>T	-0.9819045662879944	-0.9893279671669006	-0.00742340087890625
chr17:41219717:A>G	-0.9819045662879944	-0.9876468777656555	-0.005742311477661133
chr17:41219717:A>C	-0.9819045662879944	-0.9885486960411072	-0.006644129753112793
chr17:41219716:A>T	-0.9820205569267273	-0.9842690229415894	-0.0022484660148620605
chr17:41219716:A>G	-0.9820205569267273	-0.9844416379928589	-0.002421081066131592
chr17:41219716:A>C	-0.9820205569267273	-0.9841790199279785	-0.0021584630012512207
chr17:41219715:G>T	-0.981870710849762	-0.9887710809707642	-0.006900370121002197
chr17:41219715:G>C	-0.981870710849762	-0.9892508387565613	-0.007380127906799316
chr17:41219715:G>A	-0.981870710849762	-0.9843238592147827	-0.002453148365020752
chr17:41219714:T>G	-0.982459306716919	-0.9906511306762695	-0.008191823959350586
chr17:41219714:T>C	-0.982459306716919	-0.9902090430259705	-0.007749736309051514
chr17:41219714:T>A	-0.982459306716919	-0.9906801581382751	-0.008220851421356201
chr17:41219713:C>T	-0.9826153516769409	-0.9903292655944824	-0.007713913917541504
chr17:41219713:C>G	-0.9826153516769409	-0.9907657504081726	-0.00815039873123169
chr17:41219713:C>A	-0.9826153516769409	-0.9911631345748901	-0.008547782897949219
chr17:41219712:T>G	-0.982617199420929	-0.9843918085098267	-0.001774609088897705
chr17:41219712:T>C	-0.982617199420929	-0.9823547601699829	0.0002624392509460449
chr17:41219712:T>A	-0.982617199420929	-0.984678328037262	-0.002061128616333008
chr17:41219711:A>T	-0.9829370975494385	-0.9864665269851685	-0.0035294294357299805
chr17:41219711:A>G	-0.9829370975494385	-0.9840501546859741	-0.0011130571365356445
chr17:41219711:A>C	-0.9829370975494385	-0.9851614236831665	-0.0022243261337280273
chr17:41219710:C>T	-0.9833288192749023	-0.9840742945671082	-0.0007454752922058105
chr17:41219710:C>G	-0.9833288192749023	-0.9838083386421204	-0.0004795193672180176
chr17:41219710:C>A	-0.9833288192749023	-0.9835680723190308	-0.00023925304412841797
chr17:41219709:G>T	-0.9831857085227966	-0.9840164184570312	-0.0008307099342346191
chr17:41219709:G>C	-0.9831857085227966	-0.984347939491272	-0.0011622309684753418
chr17:41219709:G>A	-0.9831857085227966	-0.9835802316665649	-0.00039452314376831055
chr17:41219708:A>T	-0.9833388328552246	-0.9843695163726807	-0.0010306835174560547
chr17:41219708:A>G	-0.9833388328552246	-0.9859682321548462	-0.002629399299621582
chr17:41219708:A>C	-0.9833388328552246	-0.9843772053718567	-0.00103837251663208
chr17:41219707:G>C	-0.9830790162086487	-0.9830578565597534	2.1159648895263672e-05
chr17:41219707:G>A	-0.9830790162086487	-0.983671247959137	-0.0005922317504882812
chr17:41219706:C>T	-0.9833174347877502	-0.9841434955596924	-0.0008260607719421387
chr17:41219706:C>G	-0.9833174347877502	-0.9843673706054688	-0.0010499358177185059
chr17:41219706:C>A	-0.9833174347877502	-0.9851959347724915	-0.001878499984741211
chr17:41219705:A>T	-0.9830930829048157	-0.9867967963218689	-0.0037037134170532227
chr17:41219705:A>G	-0.9830930829048157	-0.9847450852394104	-0.0016520023345947266
chr17:41219705:A>C	-0.9830930829048157	-0.9869336485862732	-0.0038405656814575195
chr17:41219704:C>T	-0.9833598136901855	-0.9842314720153809	-0.0008716583251953125
chr17:41219704:C>G	-0.9833598136901855	-0.9832122325897217	0.0001475811004638672
chr17:41219704:C>A	-0.9833598136901855	-0.9843834638595581	-0.0010236501693725586
chr17:41219703:A>T	-0.9835501313209534	-0.9830543398857117	0.0004957914352416992
chr17:41219703:A>G	-0.9835501313209534	-0.9838053584098816	-0.00025522708892822266
chr17:41219703:A>C	-0.9835501313209534	-0.9837101101875305	-0.00015997886657714844
chr17:41219702:T>G	-0.9838749766349792	-0.9837525486946106	0.00012242794036865234
chr17:41219702:T>C	-0.9838749766349792	-0.9847596287727356	-0.0008846521377563477
chr17:41219702:T>A	-0.9838749766349792	-0.9850674867630005	-0.0011925101280212402
chr17:41219701:G>T	-0.9839422702789307	-0.9909626245498657	-0.007020354270935059
chr17:41219701:G>C	-0.9839422702789307	-0.9894161224365234	-0.0054738521575927734
chr17:41219701:G>A	-0.9839422702789307	-0.9845181107521057	-0.0005758404731750488
chr17:41219700:T>G	-0.9843623638153076	-0.9858444333076477	-0.0014820694923400879
chr17:41219700:T>C	-0.9843623638153076	-0.9859746694564819	-0.0016123056411743164
chr17:41219700:T>A	-0.9843623638153076	-0.9914132356643677	-0.007050871849060059
chr17:41219699:T>G	-0.9844282865524292	-0.9876933693885803	-0.003265082836151123
chr17:41219699:T>C	-0.9844282865524292	-0.9865855574607849	-0.002157270908355713
chr17:41219699:T>A	-0.9844282865524292	-0.989149808883667	-0.004721522331237793
chr17:41219698:C>T	-0.9849032759666443	-0.9855616092681885	-0.0006583333015441895
chr17:41219698:C>G	-0.9849032759666443	-0.9859641194343567	-0.0010608434677124023
chr17:41219698:C>A	-0.9849032759666443	-0.9867822527885437	-0.001878976821899414
chr17:41219697:A>T	-0.9852357506752014	-0.988959014415741	-0.0037232637405395508
chr17:41219697:A>G	-0.9852357506752014	-0.9886752963066101	-0.0034395456314086914
chr17:41219697:A>C	-0.9852357506752014	-0.989354133605957	-0.004118382930755615
chr17:41219696:A>T	-0.9849303364753723	-0.9873771071434021	-0.002446770668029785
chr17:41219696:A>G	-0.9849303364753723	-0.9887213706970215	-0.00379103422164917
chr17:41219696:A>C	-0.9849303364753723	-0.9893806576728821	-0.004450321197509766
chr17:41219695:A>T	-0.9853976964950562	-0.989288330078125	-0.0038906335830688477
chr17:41219695:A>G	-0.9853976964950562	-0.9863477945327759	-0.0009500980377197266
chr17:41219695:A>C	-0.9853976964950562	-0.9883169531822205	-0.0029192566871643066
chr17:41219694:C>T	-0.9852081537246704	-0.9885053038597107	-0.003297150135040283
chr17:41219694:C>G	-0.9852081537246704	-0.9905635714530945	-0.005355417728424072
chr17:41219694:C>A	-0.9852081537246704	-0.9878508448600769	-0.002642691135406494
chr17:41219693:G>T	-0.9849928021430969	-0.9894929528236389	-0.004500150680541992
chr17:41219693:G>C	-0.9849928021430969	-0.9884847402572632	-0.0034919381141662598
chr17:41219692:G>T	-0.9852429628372192	-0.9859399795532227	-0.000697016716003418
chr17:41219692:G>C	-0.9852429628372192	-0.9860382676124573	-0.0007953047752380371
chr17:41219692:G>A	-0.9852429628372192	-0.9859897494316101	-0.0007467865943908691
chr17:41219691:T>G	-0.9851213693618774	-0.9858109354972839	-0.0006895661354064941
chr17:41219691:T>C	-0.9851213693618774	-0.987443208694458	-0.0023218393325805664
chr17:41219691:T>A	-0.9851213693618774	-0.9929451942443848	-0.007823824882507324
chr17:41219690:C>T	-0.9853271842002869	-0.9863250255584717	-0.0009978413581848145
chr17:41219690:C>G	-0.9853271842002869	-0.9879369735717773	-0.0026097893714904785
chr17:41219690:C>A	-0.9853271842002869	-0.9889590740203857	-0.003631889820098877
chr17:41219689:T>G	-0.9856793284416199	-0.9874129295349121	-0.0017336010932922363
chr17:41219689:T>C	-0.9856793284416199	-0.9856180548667908	6.127357482910156e-05
chr17:41219689:T>A	-0.9856793284416199	-0.987377405166626	-0.0016980767250061035
chr17:41219688:T>G	-0.9860449433326721	-0.9871566295623779	-0.0011116862297058105
chr17:41219688:T>C	-0.9860449433326721	-0.9874091148376465	-0.0013641715049743652
chr17:41219688:T>A	-0.9860449433326721	-0.9949696660041809	-0.008924722671508789
chr17:41219687:T>G	-0.9862505197525024	-0.9887534976005554	-0.0025029778480529785
chr17:41219687:T>C	-0.9862505197525024	-0.9863414764404297	-9.09566879272461e-05
chr17:41219687:T>A	-0.9862505197525024	-0.9899881482124329	-0.00373762845993042
chr17:41219686:T>G	-0.986205518245697	-0.9882820844650269	-0.002076566219329834
chr17:41219686:T>C	-0.986205518245697	-0.9863646626472473	-0.00015914440155029297
chr17:41219686:T>A	-0.986205518245697	-0.9881004095077515	-0.0018948912620544434
chr17:41219685:G>T	-0.9862270355224609	-0.9880907535552979	-0.001863718032836914
chr17:41219685:G>C	-0.9862270355224609	-0.9889587759971619	-0.0027317404747009277
chr17:41219685:G>A	-0.9862270355224609	-0.9873437881469727	-0.0011167526245117188
chr17:41219684:T>G	-0.9865971207618713	-0.9903064966201782	-0.0037093758583068848
chr17:41219684:T>C	-0.9865971207618713	-0.9879553914070129	-0.0013582706451416016
chr17:41219684:T>A	-0.9865971207618713	-0.9890319108963013	-0.0024347901344299316
chr17:41219683:G>T	-0.9861306548118591	-0.9877795577049255	-0.0016489028930664062
chr17:41219683:G>C	-0.9861306548118591	-0.9874199032783508	-0.0012892484664916992
chr17:41219683:G>A	-0.9861306548118591	-0.9861336946487427	-3.039836883544922e-06
chr17:41219682:G>T	-0.9865334033966064	-0.9868535995483398	-0.00032019615173339844
chr17:41219682:G>C	-0.9865334033966064	-0.9873647689819336	-0.0008313655853271484
chr17:41219682:G>A	-0.9865334033966064	-0.988906979560852	-0.0023735761642456055
chr17:41219681:T>G	-0.9868634939193726	-0.9896854758262634	-0.002821981906890869
chr17:41219681:T>C	-0.9868634939193726	-0.9867677688598633	9.572505950927734e-05
chr17:41219681:T>A	-0.9868634939193726	-0.9905942678451538	-0.00373077392578125
chr17:41219680:G>T	-0.9871655106544495	-0.9885285496711731	-0.0013630390167236328
chr17:41219680:G>C	-0.9871655106544495	-0.9880053400993347	-0.0008398294448852539
chr17:41219680:G>A	-0.9871655106544495	-0.9880567789077759	-0.000891268253326416
chr17:41219679:T>G	-0.9872854351997375	-0.9882748126983643	-0.000989377498626709
chr17:41219679:T>C	-0.9872854351997375	-0.987387478351593	-0.00010204315185546875
chr17:41219678:A>G	-0.9872519969940186	-0.9894990921020508	-0.0022470951080322266
chr17:41219676:T>G	-0.9873496294021606	-0.9894779920578003	-0.0021283626556396484
chr17:41219676:T>C	-0.9873496294021606	-0.9877222180366516	-0.0003725886344909668
chr17:41219676:T>A	-0.9873496294021606	-0.9885230660438538	-0.0011734366416931152
chr17:41219675:G>T	-0.9876082539558411	-0.9893069267272949	-0.0016986727714538574
chr17:41219675:G>A	-0.9876082539558411	-0.9890469908714294	-0.001438736915588379
chr17:41219673:A>T	-0.9880692362785339	-0.9889496564865112	-0.0008804202079772949
chr17:41219673:A>G	-0.9880692362785339	-0.988308310508728	-0.0002390742301940918
chr17:41219673:A>C	-0.9880692362785339	-0.9887533187866211	-0.0006840825080871582
chr17:41219672:A>T	-0.9883615970611572	-0.9956638216972351	-0.007302224636077881
chr17:41219672:A>C	-0.9883615970611572	-0.9949043989181519	-0.006542801856994629
chr17:41219671:T>G	-0.9885059595108032	-0.9895824193954468	-0.0010764598846435547
chr17:41219671:T>C	-0.9885059595108032	-0.9886294007301331	-0.00012344121932983398
chr17:41219671:T>A	-0.9885059595108032	-0.9902194142341614	-0.0017134547233581543
chr17:41219670:T>G	-0.9882331490516663	-0.9908797144889832	-0.0026465654373168945
chr17:41219670:T>C	-0.9882331490516663	-0.9893694519996643	-0.0011363029479980469
chr17:41219670:T>A	-0.9882331490516663	-0.9894858002662659	-0.0012526512145996094
chr17:41219669:G>T	-0.9885707497596741	-0.9901023507118225	-0.0015316009521484375
chr17:41219669:G>C	-0.9885707497596741	-0.9897015690803528	-0.001130819320678711
chr17:41219669:G>A	-0.9885707497596741	-0.9903991222381592	-0.0018283724784851074
chr17:41219668:A>T	-0.9888589978218079	-0.989165186882019	-0.00030618906021118164
chr17:41219668:A>G	-0.9888589978218079	-0.9888350367546082	2.396106719970703e-05
chr17:41219668:A>C	-0.9888589978218079	-0.988862931728363	-3.933906555175781e-06
chr17:41219667:T>G	-0.9889312386512756	-0.9892821311950684	-0.0003508925437927246
chr17:41219667:T>C	-0.9889312386512756	-0.9899144768714905	-0.0009832382202148438
chr17:41219667:T>A	-0.9889312386512756	-0.9917368292808533	-0.0028055906295776367
chr17:41219666:T>G	-0.9894636273384094	-0.9905635714530945	-0.0010999441146850586
chr17:41219666:T>C	-0.9894636273384094	-0.9897992610931396	-0.0003356337547302246
chr17:41219666:T>A	-0.9894636273384094	-0.9925619959831238	-0.0030983686447143555
chr17:41219665:A>T	-0.9891757965087891	-0.9904909729957581	-0.0013151764869689941
chr17:41219665:A>G	-0.9891757965087891	-0.9893434047698975	-0.00016760826110839844
chr17:41219665:A>C	-0.9891757965087891	-0.9905062317848206	-0.0013304352760314941
chr17:41219664:G>T	-0.9896299242973328	-0.9903812408447266	-0.0007513165473937988
chr17:41219664:G>C	-0.9896299242973328	-0.9905036091804504	-0.0008736848831176758
chr17:41219664:G>A	-0.9896299242973328	-0.9901341199874878	-0.0005041956901550293
chr17:41219663:A>T	-0.9892388582229614	-0.9899687170982361	-0.0007298588752746582
chr17:41219663:A>G	-0.9892388582229614	-0.9911191463470459	-0.0018802881240844727
chr17:41219663:A>C	-0.9892388582229614	-0.9899896383285522	-0.0007507801055908203
chr17:41219662:T>G	-0.9893279075622559	-0.9891098737716675	0.0002180337905883789
chr17:41219662:T>C	-0.9893279075622559	-0.9892663359642029	6.157159805297852e-05
chr17:41219662:T>A	-0.9893279075622559	-0.9892131686210632	0.00011473894119262695
chr17:41219661:T>G	-0.9893211722373962	-0.9906699061393738	-0.001348733901977539
chr17:41219661:T>C	-0.9893211722373962	-0.9897193312644958	-0.0003981590270996094
chr17:41219661:T>A	-0.9893211722373962	-0.9922364950180054	-0.002915322780609131
chr17:41219660:A>T	-0.9897948503494263	-0.9930424094200134	-0.003247559070587158
chr17:41219660:A>G	-0.9897948503494263	-0.9921754002571106	-0.002380549907684326
chr17:41219660:A>C	-0.9897948503494263	-0.993005096912384	-0.0032102465629577637
chr17:41219659:A>T	-0.9897667169570923	-0.9902195334434509	-0.0004528164863586426
chr17:41219659:A>G	-0.9897667169570923	-0.9897977709770203	-3.1054019927978516e-05
chr17:41219659:A>C	-0.9897667169570923	-0.9910057783126831	-0.0012390613555908203
chr17:41219658:T>G	-0.9901173114776611	-0.9923162460327148	-0.002198934555053711
chr17:41219658:T>C	-0.9901173114776611	-0.9904942512512207	-0.0003769397735595703
chr17:41219658:T>A	-0.9901173114776611	-0.9908625483512878	-0.000745236873626709
chr17:41219657:G>T	-0.9901779890060425	-0.9923813939094543	-0.0022034049034118652
chr17:41219657:G>C	-0.9901779890060425	-0.9917463660240173	-0.0015683770179748535
chr17:41219657:G>A	-0.9901779890060425	-0.9919356107711792	-0.0017576217651367188
chr17:41219656:A>T	-0.9902979135513306	-0.9910675287246704	-0.0007696151733398438
chr17:41219656:A>G	-0.9902979135513306	-0.9902167320251465	8.118152618408203e-05
chr17:41219656:A>C	-0.9902979135513306	-0.9908360242843628	-0.0005381107330322266
chr17:41219655:C>T	-0.9905478358268738	-0.9941233396530151	-0.0035755038261413574
chr17:41219655:C>G	-0.9905478358268738	-0.9933961629867554	-0.002848327159881592
chr17:41219655:C>A	-0.9905478358268738	-1.0014443397521973	-0.010896503925323486
chr17:41219654:T>G	-0.9906449913978577	-0.9946436285972595	-0.0039986371994018555
chr17:41219654:T>C	-0.9906449913978577	-0.9934537410736084	-0.0028087496757507324
chr17:41219654:T>A	-0.9906449913978577	-0.9971128702163696	-0.006467878818511963
chr17:41219653:T>G	-0.9907829761505127	-0.9929646253585815	-0.0021816492080688477
chr17:41219653:T>C	-0.9907829761505127	-0.9908533096313477	-7.033348083496094e-05
chr17:41219653:T>A	-0.9907829761505127	-0.9940657615661621	-0.003282785415649414
chr17:41219652:C>T	-0.9905849099159241	-0.9953815937042236	-0.0047966837882995605
chr17:41219652:C>G	-0.9905849099159241	-0.9953866600990295	-0.004801750183105469
chr17:41219652:C>A	-0.9905849099159241	-1.0020421743392944	-0.011457264423370361
chr17:41219651:T>G	-0.9904887080192566	-0.9947693347930908	-0.0042806267738342285
chr17:41219651:T>C	-0.9904887080192566	-0.9937191009521484	-0.0032303929328918457
chr17:41219651:T>A	-0.9904887080192566	-0.997714638710022	-0.007225930690765381
chr17:41219650:C>T	-0.9905936121940613	-0.9909608960151672	-0.00036728382110595703
chr17:41219650:C>G	-0.9905936121940613	-0.9927880764007568	-0.0021944642066955566
chr17:41219650:C>A	-0.9905936121940613	-0.9927741885185242	-0.0021805763244628906
chr17:41219649:T>G	-0.9906905889511108	-0.9955241680145264	-0.004833579063415527
chr17:41219649:T>C	-0.9906905889511108	-0.993253231048584	-0.0025626420974731445
chr17:41219649:T>A	-0.9906905889511108	-0.993174135684967	-0.002483546733856201
chr17:41219648:G>T	-0.9906907081604004	-0.9962267875671387	-0.005536079406738281
chr17:41219648:G>C	-0.9906907081604004	-0.9940008521080017	-0.0033101439476013184
chr17:41219648:G>A	-0.9906907081604004	-0.9954317212104797	-0.004741013050079346
chr17:41219647:A>T	-0.9907390475273132	-0.9909315705299377	-0.00019252300262451172
chr17:41219647:A>G	-0.9907390475273132	-0.9904650449752808	0.0002740025520324707
chr17:41219647:A>C	-0.9907390475273132	-0.9906757473945618	6.330013275146484e-05
chr17:41219646:T>G	-0.9908644556999207	-0.9975484609603882	-0.006684005260467529
chr17:41219646:T>C	-0.9908644556999207	-0.9948383569717407	-0.003973901271820068
chr17:41219646:T>A	-0.9908644556999207	-0.9936721324920654	-0.0028076767921447754
chr17:41219645:G>T	-0.9907231330871582	-0.9990971684455872	-0.008374035358428955
chr17:41219645:G>C	-0.9907231330871582	-0.9970857501029968	-0.006362617015838623
chr17:41219645:G>A	-0.9907231330871582	-0.9995519518852234	-0.008828818798065186
chr17:41219644:A>T	-0.9907976984977722	-0.9927911162376404	-0.001993417739868164
chr17:41219644:A>G	-0.9907976984977722	-0.9924483895301819	-0.001650691032409668
chr17:41219644:A>C	-0.9907976984977722	-0.9920562505722046	-0.001258552074432373
chr17:41219643:G>T	-0.9907760620117188	-0.9999681711196899	-0.009192109107971191
chr17:41219643:G>C	-0.9907760620117188	-0.9991990923881531	-0.008423030376434326
chr17:41219643:G>A	-0.9907760620117188	-0.9990186095237732	-0.008242547512054443
chr17:41219642:T>G	-0.9906789660453796	-0.9982401132583618	-0.007561147212982178
chr17:41219642:T>C	-0.9906789660453796	-0.9976012110710144	-0.006922245025634766
chr17:41219642:T>A	-0.9906789660453796	-1.0008939504623413	-0.01021498441696167
chr17:41219641:A>T	-0.9906021952629089	-0.995293140411377	-0.004690945148468018
chr17:41219641:A>G	-0.9906021952629089	-0.9905902743339539	1.1920928955078125e-05
chr17:41219641:A>C	-0.9906021952629089	-0.9966551661491394	-0.006052970886230469
chr17:41219640:C>T	-0.9907578825950623	-0.9958069920539856	-0.00504910945892334
chr17:41219640:C>G	-0.9907578825950623	-0.99335777759552	-0.0025998950004577637
chr17:41219640:C>A	-0.9907578825950623	-0.9981940984725952	-0.007436215877532959
chr17:41219639:A>T	-0.9907882809638977	-0.999413788318634	-0.008625507354736328
chr17:41219639:A>G	-0.9907882809638977	-0.998383641242981	-0.007595360279083252
chr17:41219639:A>C	-0.9907882809638977	-0.9997639656066895	-0.008975684642791748
chr17:41219638:A>T	-0.990783154964447	-0.9916656613349915	-0.0008825063705444336
chr17:41219638:A>G	-0.990783154964447	-0.9903648495674133	0.0004183053970336914
chr17:41219638:A>C	-0.990783154964447	-0.9909771680831909	-0.00019401311874389648
chr17:41219637:C>T	-0.9908893704414368	-0.9948205947875977	-0.003931224346160889
chr17:41219637:C>G	-0.9908893704414368	-0.9977559447288513	-0.006866574287414551
chr17:41219637:C>A	-0.9908893704414368	-0.9978833794593811	-0.006994009017944336
chr17:41219636:A>T	-0.9908168911933899	-1.000119686126709	-0.009302794933319092
chr17:41219636:A>G	-0.9908168911933899	-0.9990600943565369	-0.008243203163146973
chr17:41219636:A>C	-0.9908168911933899	-0.9984424710273743	-0.007625579833984375
chr17:41219635:A>T	-0.9910187721252441	-0.9922387003898621	-0.00121992826461792
chr17:41219635:A>G	-0.9910187721252441	-0.9907122254371643	0.000306546688079834
chr17:41219635:A>C	-0.9910187721252441	-0.9912999868392944	-0.00028121471405029297
chr17:41219634:T>G	-0.9910687208175659	-0.9911895394325256	-0.0001208186149597168
chr17:41219634:T>C	-0.9910687208175659	-0.9925089478492737	-0.0014402270317077637
chr17:41219634:T>A	-0.9910687208175659	-0.9930223822593689	-0.0019536614418029785
chr17:41219633:A>T	-0.9911312460899353	-0.997972846031189	-0.006841599941253662
chr17:41219633:A>G	-0.9911312460899353	-0.9940806031227112	-0.002949357032775879
chr17:41219633:A>C	-0.9911312460899353	-0.9999854564666748	-0.008854210376739502
chr17:41219632:C>T	-0.9908388257026672	-0.9923587441444397	-0.001519918441772461
chr17:41219632:C>G	-0.9908388257026672	-0.9918451905250549	-0.0010063648223876953
chr17:41219632:C>A	-0.9908388257026672	-0.9930373430252075	-0.002198517322540283
chr17:41219631:T>G	-0.9908985495567322	-0.9932220578193665	-0.0023235082626342773
chr17:41219631:T>C	-0.9908985495567322	-0.9926603436470032	-0.001761794090270996
chr17:41219631:T>A	-0.9908985495567322	-1.0055646896362305	-0.014666140079498291
chr17:41219630:T>G	-0.9908421635627747	-0.9957534670829773	-0.004911303520202637
chr17:41219630:T>C	-0.9908421635627747	-0.9929879903793335	-0.002145826816558838
chr17:41219630:T>A	-0.9908421635627747	-0.999946653842926	-0.009104490280151367
chr17:41219629:T>G	-0.9910430908203125	-0.9951153993606567	-0.004072308540344238
chr17:41219629:T>C	-0.9910430908203125	-0.994233250617981	-0.003190159797668457
chr17:41219629:T>A	-0.9910430908203125	-0.9950381517410278	-0.003995060920715332
chr17:41219628:T>G	-0.9910668730735779	-0.9939370155334473	-0.0028701424598693848
chr17:41219628:T>C	-0.9910668730735779	-0.9931773543357849	-0.0021104812622070312
chr17:41219628:T>A	-0.9910668730735779	-0.9941319227218628	-0.003065049648284912
chr17:41219627:G>T	-0.9914210438728333	-0.9977651834487915	-0.006344139575958252
chr17:41219627:G>C	-0.9914210438728333	-1.0005890130996704	-0.009167969226837158
chr17:41219627:G>A	-0.9914210438728333	-1.0029655694961548	-0.011544525623321533
chr17:41219626:T>G	-0.9910147190093994	-1.0030301809310913	-0.012015461921691895
chr17:41219626:T>C	-0.9910147190093994	-1.0031818151474	-0.012167096138000488
chr17:41219626:T>A	-0.9910147190093994	-1.0046714544296265	-0.01365673542022705
chr17:41219625:C>T	-0.9907604455947876	-1.006994605064392	-0.016234159469604492
chr17:41219625:C>G	-0.9907604455947876	-1.0078078508377075	-0.017047405242919922
chr17:41219625:C>A	-0.9907604455947876	-1.0079265832901	-0.0171661376953125
chr17:41219624:C>T	-0.9908462762832642	-1.0065830945968628	-0.015736818313598633
chr17:41219624:C>G	-0.9908462762832642	-1.0066412687301636	-0.015794992446899414
chr17:41219624:C>A	-0.9908462762832642	-1.0079760551452637	-0.01712977886199951
chr17:41219623:A>T	-0.9912977814674377	-1.007368803024292	-0.016071021556854248
chr17:41219623:A>G	-0.9912977814674377	-1.0079659223556519	-0.01666814088821411
chr17:41219623:A>C	-0.9912977814674377	-1.0081281661987305	-0.016830384731292725
chr17:41219622:T>G	-0.991227388381958	-1.0078437328338623	-0.016616344451904297
chr17:41219622:T>C	-0.991227388381958	-1.0071274042129517	-0.015900015830993652
chr17:41219622:T>A	-0.991227388381958	-1.0079172849655151	-0.01668989658355713
chr17:41219621:A>T	-0.9913151860237122	-0.9888212084770203	0.0024939775466918945
chr17:41219621:A>G	-0.9913151860237122	-0.9910705089569092	0.0002446770668029785
chr17:41219621:A>C	-0.9913151860237122	-0.9985886216163635	-0.007273435592651367
chr17:41219620:T>G	-0.9912177324295044	-0.9926616549491882	-0.0014439225196838379
chr17:41219620:T>C	-0.9912177324295044	-0.9886721968650818	0.0025455355644226074
chr17:41219620:T>A	-0.9912177324295044	-0.9910969734191895	0.0001207590103149414
chr17:41219619:G>T	-0.9910234212875366	-0.9928069710731506	-0.0017835497856140137
chr17:41219619:G>C	-0.9910234212875366	-0.9924618005752563	-0.0014383792877197266
chr17:41219619:G>A	-0.9910234212875366	-0.9909352660179138	8.815526962280273e-05
chr17:41219618:G>T	-0.9912444949150085	-0.995120644569397	-0.0038761496543884277
chr17:41219618:G>C	-0.9912444949150085	-0.993394136428833	-0.002149641513824463
chr17:41219618:G>A	-0.9912444949150085	-0.9907982349395752	0.0004462599754333496
chr17:41219617:T>G	-0.9907429218292236	-0.9933788776397705	-0.002635955810546875
chr17:41219617:T>C	-0.9907429218292236	-0.9905809164047241	0.00016200542449951172
chr17:41219617:T>A	-0.9907429218292236	-0.9954871535301208	-0.004744231700897217
chr17:41219616:T>G	-0.9911084175109863	-0.9917348027229309	-0.0006263852119445801
chr17:41219616:T>C	-0.9911084175109863	-0.9924021363258362	-0.0012937188148498535
chr17:41219616:T>A	-0.9911084175109863	-0.9953060746192932	-0.004197657108306885
chr17:41219615:C>T	-0.9912290573120117	-0.9919085502624512	-0.0006794929504394531
chr17:41219615:C>G	-0.9912290573120117	-0.9927110075950623	-0.0014819502830505371
chr17:41219615:C>A	-0.9912290573120117	-0.9932315945625305	-0.002002537250518799
chr17:41215978:G>T	-0.8278170228004456	-0.8284049034118652	-0.0005878806114196777
chr17:41215978:G>C	-0.8278170228004456	-0.8286170959472656	-0.0008000731468200684
chr17:41215978:G>A	-0.8278170228004456	-0.828279972076416	-0.000462949275970459
chr17:41215977:T>G	-0.8281968832015991	-0.8285890817642212	-0.0003921985626220703
chr17:41215977:T>C	-0.8281968832015991	-0.8287724852561951	-0.0005756020545959473
chr17:41215977:T>A	-0.8281968832015991	-0.8289438486099243	-0.0007469654083251953
chr17:41215976:A>T	-0.8282431364059448	-0.8288500905036926	-0.0006069540977478027
chr17:41215976:A>G	-0.8282431364059448	-0.8290482759475708	-0.0008051395416259766
chr17:41215976:A>C	-0.8282431364059448	-0.8307546973228455	-0.0025115609169006348
chr17:41215975:A>T	-0.8284122347831726	-0.8293499946594238	-0.0009377598762512207
chr17:41215975:A>G	-0.8284122347831726	-0.8286605477333069	-0.00024831295013427734
chr17:41215975:A>C	-0.8284122347831726	-0.8291633129119873	-0.0007510781288146973
chr17:41215974:G>T	-0.8285796046257019	-0.8296471238136292	-0.001067519187927246
chr17:41215974:G>C	-0.8285796046257019	-0.8294056057929993	-0.0008260011672973633
chr17:41215974:G>A	-0.8285796046257019	-0.8290458917617798	-0.00046628713607788086
chr17:41215973:A>T	-0.8287310004234314	-0.8301967978477478	-0.0014657974243164062
chr17:41215973:A>G	-0.8287310004234314	-0.8292196989059448	-0.0004886984825134277
chr17:41215973:A>C	-0.8287310004234314	-0.8297135233879089	-0.000982522964477539
chr17:41215972:C>T	-0.8289698362350464	-0.8289697766304016	5.960464477539063e-08
chr17:41215972:C>G	-0.8289698362350464	-0.8290044665336609	-3.463029861450195e-05
chr17:41215972:C>A	-0.8289698362350464	-0.8287944197654724	0.0001754164695739746
chr17:41215971:G>T	-0.8289365768432617	-0.8311610221862793	-0.002224445343017578
chr17:41215971:G>C	-0.8289365768432617	-0.8320600390434265	-0.003123462200164795
chr17:41215971:G>A	-0.8289365768432617	-0.8294697403907776	-0.0005331635475158691
chr17:41215970:T>G	-0.8292882442474365	-0.8324013948440552	-0.0031131505966186523
chr17:41215970:T>C	-0.8292882442474365	-0.8326994776725769	-0.003411233425140381
chr17:41215970:T>A	-0.8292882442474365	-0.8325754404067993	-0.003287196159362793
chr17:41215969:C>T	-0.8295173048973083	-0.8335941433906555	-0.004076838493347168
chr17:41215969:C>G	-0.8295173048973083	-0.8335760831832886	-0.004058778285980225
chr17:41215969:C>A	-0.8295173048973083	-0.8339229822158813	-0.004405677318572998
chr17:41215968:T>G	-0.8295053839683533	-0.8314440846443176	-0.0019387006759643555
chr17:41215968:T>C	-0.8295053839683533	-0.8307540416717529	-0.0012486577033996582
chr17:41215968:T>A	-0.8295053839683533	-0.8311877250671387	-0.0016823410987854004
chr17:41215967:A>T	-0.8299235105514526	-0.8309463262557983	-0.0010228157043457031
chr17:41215967:A>G	-0.8299235105514526	-0.8305407166481018	-0.0006172060966491699
chr17:41215967:A>C	-0.8299235105514526	-0.8309435844421387	-0.0010200738906860352
chr17:41215966:C>T	-0.8298208117485046	-0.8311574459075928	-0.0013366341590881348
chr17:41215966:C>G	-0.8298208117485046	-0.831723153591156	-0.0019023418426513672
chr17:41215966:C>A	-0.8298208117485046	-0.8308544158935547	-0.0010336041450500488
chr17:41215965:G>T	-0.8297796845436096	-0.831140398979187	-0.0013607144355773926
chr17:41215965:G>C	-0.8297796845436096	-0.8313392996788025	-0.001559615135192871
chr17:41215965:G>A	-0.8297796845436096	-0.8310670852661133	-0.0012874007225036621
chr17:41215964:A>T	-0.8298118114471436	-0.8307269215583801	-0.0009151101112365723
chr17:41215964:A>G	-0.8298118114471436	-0.8298779726028442	-6.61611557006836e-05
chr17:41215964:A>C	-0.8298118114471436	-0.8302525281906128	-0.0004407167434692383
chr17:41215963:C>T	-0.8299133777618408	-0.8313451409339905	-0.0014317631721496582
chr17:41215963:C>G	-0.8299133777618408	-0.8307456374168396	-0.0008322596549987793
chr17:41215963:C>A	-0.8299133777618408	-0.8322570323944092	-0.0023436546325683594
chr17:41215962:T>G	-0.8299214243888855	-0.8312761187553406	-0.0013546943664550781
chr17:41215962:T>C	-0.8299214243888855	-0.8317286372184753	-0.0018072128295898438
chr17:41215962:T>A	-0.8299214243888855	-0.8321343660354614	-0.0022129416465759277
chr17:41215961:C>T	-0.8300137519836426	-0.8305380940437317	-0.0005243420600891113
chr17:41215961:C>G	-0.8300137519836426	-0.8308015465736389	-0.0007877945899963379
chr17:41215961:C>A	-0.8300137519836426	-0.8308464288711548	-0.000832676887512207
chr17:41215960:A>T	-0.8304225206375122	-0.8319141864776611	-0.0014916658401489258
chr17:41215960:A>G	-0.8304225206375122	-0.8312391638755798	-0.000816643238067627
chr17:41215960:A>C	-0.8304225206375122	-0.8318285346031189	-0.0014060139656066895
chr17:41215959:A>T	-0.8305142521858215	-0.8314531445503235	-0.0009388923645019531
chr17:41215959:A>G	-0.8305142521858215	-0.8322943449020386	-0.001780092716217041
chr17:41215959:A>C	-0.8305142521858215	-0.8321861624717712	-0.001671910285949707
chr17:41215958:A>T	-0.8306744694709778	-0.832047700881958	-0.0013732314109802246
chr17:41215958:A>G	-0.8306744694709778	-0.8310838341712952	-0.0004093647003173828
chr17:41215958:A>C	-0.8306744694709778	-0.8318172693252563	-0.0011427998542785645
chr17:41215957:C>T	-0.8309454321861267	-0.8315353989601135	-0.0005899667739868164
chr17:41215957:C>G	-0.8309454321861267	-0.8320848941802979	-0.0011394619941711426
chr17:41215957:C>A	-0.8309454321861267	-0.831974983215332	-0.0010295510292053223
chr17:41215956:A>T	-0.8309911489486694	-0.8340240716934204	-0.0030329227447509766
chr17:41215956:A>G	-0.8309911489486694	-0.8326400518417358	-0.0016489028930664062
chr17:41215956:A>C	-0.8309911489486694	-0.8342670798301697	-0.003275930881500244
chr17:41215955:C>T	-0.8311625123023987	-0.8313822150230408	-0.00021970272064208984
chr17:41215955:C>G	-0.8311625123023987	-0.8316401839256287	-0.00047767162322998047
chr17:41215955:C>A	-0.8311625123023987	-0.8316981792449951	-0.0005356669425964355
chr17:41215954:A>T	-0.8313150405883789	-0.8335892558097839	-0.0022742152214050293
chr17:41215954:A>G	-0.8313150405883789	-0.8336809277534485	-0.00236588716506958
chr17:41215954:A>C	-0.8313150405883789	-0.8349341750144958	-0.0036191344261169434
chr17:41215953:C>T	-0.8315351605415344	-0.8358542919158936	-0.004319131374359131
chr17:41215953:C>G	-0.8315351605415344	-0.8340223431587219	-0.0024871826171875
chr17:41215953:C>A	-0.8315351605415344	-0.835801899433136	-0.0042667388916015625
chr17:41215952:A>T	-0.8316540718078613	-0.836738646030426	-0.005084574222564697
chr17:41215952:A>G	-0.8316540718078613	-0.8323214650154114	-0.0006673932075500488
chr17:41215952:A>C	-0.8316540718078613	-0.8363522887229919	-0.004698216915130615
chr17:41215951:C>T	-0.8316879868507385	-0.8354491591453552	-0.0037611722946166992
chr17:41215951:C>G	-0.8316879868507385	-0.8338168263435364	-0.0021288394927978516
chr17:41215951:C>A	-0.8316879868507385	-0.8391238451004028	-0.007435858249664307
chr17:41215950:T>G	-0.8319846391677856	-0.8357728719711304	-0.0037882328033447266
chr17:41215950:T>C	-0.8319846391677856	-0.834708034992218	-0.002723395824432373
chr17:41215950:T>A	-0.8319846391677856	-0.8366312980651855	-0.004646658897399902
chr17:41215949:T>G	-0.8322120308876038	-0.8332874178886414	-0.0010753870010375977
chr17:41215949:T>C	-0.8322120308876038	-0.8324300646781921	-0.0002180337905883789
chr17:41215949:T>A	-0.8322120308876038	-0.8333551287651062	-0.0011430978775024414
chr17:41215948:G>C	-0.8324384093284607	-0.8370741605758667	-0.004635751247406006
chr17:41215947:C>G	-0.8319405317306519	-0.8372995853424072	-0.005359053611755371
chr17:41215947:C>A	-0.8319405317306519	-0.8380447626113892	-0.006104230880737305
chr17:41215945:T>G	-0.8322596549987793	-0.8390785455703735	-0.006818890571594238
chr17:41215945:T>C	-0.8322596549987793	-0.8335835337638855	-0.0013238787651062012
chr17:41215944:G>T	-0.8325965404510498	-0.8388508558273315	-0.006254315376281738
chr17:41215944:G>C	-0.8325965404510498	-0.8386273384094238	-0.0060307979583740234
chr17:41215944:G>A	-0.8325965404510498	-0.8359336853027344	-0.0033371448516845703
chr17:41215943:T>G	-0.8325778245925903	-0.8328275084495544	-0.00024968385696411133
chr17:41215943:T>C	-0.8325778245925903	-0.8327266573905945	-0.0001488327980041504
chr17:41215943:T>A	-0.8325778245925903	-0.8332440853118896	-0.0006662607192993164
chr17:41215942:G>T	-0.8328814506530762	-0.8335911631584167	-0.0007097125053405762
chr17:41215942:G>C	-0.8328814506530762	-0.8339245915412903	-0.0010431408882141113
chr17:41215942:G>A	-0.8328814506530762	-0.8332604765892029	-0.000379025936126709
chr17:41215941:A>T	-0.8328355550765991	-0.8367030620574951	-0.003867506980895996
chr17:41215941:A>G	-0.8328355550765991	-0.8393086194992065	-0.006473064422607422
chr17:41215941:A>C	-0.8328355550765991	-0.8376231789588928	-0.004787623882293701
chr17:41215940:C>T	-0.8328875303268433	-0.8340675830841064	-0.0011800527572631836
chr17:41215940:C>G	-0.8328875303268433	-0.8336914777755737	-0.0008039474487304688
chr17:41215940:C>A	-0.8328875303268433	-0.8340385556221008	-0.0011510252952575684
chr17:41215939:T>G	-0.8332270383834839	-0.8351127505302429	-0.0018857121467590332
chr17:41215939:T>C	-0.8332270383834839	-0.836676299571991	-0.00344926118850708
chr17:41215939:T>A	-0.8332270383834839	-0.8420758843421936	-0.008848845958709717
chr17:41215938:T>G	-0.8332943320274353	-0.8398293256759644	-0.006534993648529053
chr17:41215938:T>C	-0.8332943320274353	-0.8340818881988525	-0.0007875561714172363
chr17:41215938:T>A	-0.8332943320274353	-0.8429170846939087	-0.009622752666473389
chr17:41215937:T>G	-0.8332666158676147	-0.8359232544898987	-0.0026566386222839355
chr17:41215937:T>C	-0.8332666158676147	-0.8333123326301575	-4.571676254272461e-05
chr17:41215937:T>A	-0.8332666158676147	-0.8359389305114746	-0.0026723146438598633
chr17:41215936:A>T	-0.8334341049194336	-0.8390697240829468	-0.005635619163513184
chr17:41215936:A>G	-0.8334341049194336	-0.8356938362121582	-0.0022597312927246094
chr17:41215936:A>C	-0.8334341049194336	-0.8410259485244751	-0.007591843605041504
chr17:41215935:T>G	-0.833534836769104	-0.8388435244560242	-0.005308687686920166
chr17:41215935:T>C	-0.833534836769104	-0.8385627865791321	-0.005027949810028076
chr17:41215935:T>A	-0.833534836769104	-0.8365591764450073	-0.0030243396759033203
chr17:41215934:A>T	-0.8337591886520386	-0.8410197496414185	-0.007260560989379883
chr17:41215934:A>G	-0.8337591886520386	-0.8338578939437866	-9.870529174804688e-05
chr17:41215934:A>C	-0.8337591886520386	-0.8410364389419556	-0.007277250289916992
chr17:41215933:A>T	-0.8338695764541626	-0.8375155329704285	-0.003645956516265869
chr17:41215933:A>G	-0.8338695764541626	-0.835427463054657	-0.0015578866004943848
chr17:41215933:A>C	-0.8338695764541626	-0.8375551700592041	-0.003685593605041504
chr17:41215932:A>T	-0.8340792059898376	-0.8358539342880249	-0.0017747282981872559
chr17:41215932:A>G	-0.8340792059898376	-0.8386700749397278	-0.004590868949890137
chr17:41215932:A>C	-0.8340792059898376	-0.8379749059677124	-0.003895699977874756
chr17:41215931:A>T	-0.8342796564102173	-0.8357211351394653	-0.0014414787292480469
chr17:41215931:A>G	-0.8342796564102173	-0.8344822525978088	-0.00020259618759155273
chr17:41215931:A>C	-0.8342796564102173	-0.8358333706855774	-0.0015537142753601074
chr17:41215930:G>T	-0.8344994783401489	-0.8361761569976807	-0.0016766786575317383
chr17:41215930:G>C	-0.8344994783401489	-0.8361166715621948	-0.0016171932220458984
chr17:41215930:G>A	-0.8344994783401489	-0.8353109955787659	-0.0008115172386169434
chr17:41215929:A>T	-0.8346015810966492	-0.8386491537094116	-0.004047572612762451
chr17:41215929:A>G	-0.8346015810966492	-0.8413192629814148	-0.006717681884765625
chr17:41215929:A>C	-0.8346015810966492	-0.8390812873840332	-0.004479706287384033
chr17:41215928:T>G	-0.8347571492195129	-0.8348214030265808	-6.42538070678711e-05
chr17:41215928:T>C	-0.8347571492195129	-0.8341603875160217	0.0005967617034912109
chr17:41215928:T>A	-0.8347571492195129	-0.8345484137535095	0.00020873546600341797
chr17:41215927:C>T	-0.8349729776382446	-0.8405980467796326	-0.0056250691413879395
chr17:41215927:C>G	-0.8349729776382446	-0.8408894538879395	-0.005916476249694824
chr17:41215927:C>A	-0.8349729776382446	-0.8491565585136414	-0.014183580875396729
chr17:41215926:C>T	-0.8349270820617676	-0.8398558497428894	-0.004928767681121826
chr17:41215926:C>G	-0.8349270820617676	-0.8380513787269592	-0.0031242966651916504
chr17:41215926:C>A	-0.8349270820617676	-0.8428198099136353	-0.007892727851867676
chr17:41215925:T>G	-0.8350018858909607	-0.8358449935913086	-0.0008431077003479004
chr17:41215925:T>C	-0.8350018858909607	-0.8357394933700562	-0.000737607479095459
chr17:41215925:T>A	-0.8350018858909607	-0.8363726735115051	-0.0013707876205444336
chr17:41215924:T>G	-0.8352116346359253	-0.8359106183052063	-0.0006989836692810059
chr17:41215924:T>C	-0.8352116346359253	-0.8353014588356018	-8.982419967651367e-05
chr17:41215924:T>A	-0.8352116346359253	-0.8382211923599243	-0.0030095577239990234
chr17:41215923:A>T	-0.8352230191230774	-0.8396444916725159	-0.0044214725494384766
chr17:41215923:A>G	-0.8352230191230774	-0.8365428447723389	-0.0013198256492614746
chr17:41215923:A>C	-0.8352230191230774	-0.8384454846382141	-0.0032224655151367188
chr17:41215922:A>T	-0.8351979851722717	-0.835523784160614	-0.00032579898834228516
chr17:41215922:A>G	-0.8351979851722717	-0.8354732394218445	-0.0002752542495727539
chr17:41215922:A>C	-0.8351979851722717	-0.835944414138794	-0.0007464289665222168
chr17:41215921:C>T	-0.835279643535614	-0.8363038897514343	-0.0010242462158203125
chr17:41215921:C>G	-0.835279643535614	-0.8371759653091431	-0.0018963217735290527
chr17:41215921:C>A	-0.835279643535614	-0.8361132740974426	-0.0008336305618286133
chr17:41215920:G>T	-0.8352769017219543	-0.8373081088066101	-0.0020312070846557617
chr17:41215920:G>C	-0.8352769017219543	-0.8379151225090027	-0.00263822078704834
chr17:41215920:G>A	-0.8352769017219543	-0.8370494842529297	-0.0017725825309753418
chr17:41215919:C>T	-0.8352541923522949	-0.8344953656196594	0.000758826732635498
chr17:41215919:C>G	-0.8352541923522949	-0.8352614045143127	-7.212162017822266e-06
chr17:41215919:C>A	-0.8352541923522949	-0.8352366089820862	1.7583370208740234e-05
chr17:41215918:C>T	-0.8352966904640198	-0.838003933429718	-0.002707242965698242
chr17:41215918:C>G	-0.8352966904640198	-0.8384755253791809	-0.003178834915161133
chr17:41215918:C>A	-0.8352966904640198	-0.8530353903770447	-0.017738699913024902
chr17:41215917:C>T	-0.8346075415611267	-0.8371042013168335	-0.002496659755706787
chr17:41215917:C>G	-0.8346075415611267	-0.8385735154151917	-0.003965973854064941
chr17:41215917:C>A	-0.8346075415611267	-0.844624400138855	-0.010016858577728271
chr17:41215916:T>G	-0.8348571062088013	-0.8356462121009827	-0.0007891058921813965
chr17:41215916:T>C	-0.8348571062088013	-0.8356824517250061	-0.000825345516204834
chr17:41215916:T>A	-0.8348571062088013	-0.8354403972625732	-0.0005832910537719727
chr17:41215915:C>T	-0.8343809843063354	-0.8368792533874512	-0.0024982690811157227
chr17:41215915:C>G	-0.8343809843063354	-0.8378591537475586	-0.0034781694412231445
chr17:41215915:C>A	-0.8343809843063354	-0.8523608446121216	-0.017979860305786133
chr17:41215914:C>T	-0.8344677686691284	-0.8368021845817566	-0.002334415912628174
chr17:41215914:C>G	-0.8344677686691284	-0.8368695974349976	-0.0024018287658691406
chr17:41215914:C>A	-0.8344677686691284	-0.8419367074966431	-0.0074689388275146484
chr17:41215913:T>G	-0.8344672322273254	-0.8348288536071777	-0.0003616213798522949
chr17:41215913:T>C	-0.8344672322273254	-0.8352019786834717	-0.0007347464561462402
chr17:41215913:T>A	-0.8344672322273254	-0.8361784815788269	-0.0017112493515014648
chr17:41215912:T>G	-0.8341634273529053	-0.8372381329536438	-0.0030747056007385254
chr17:41215912:T>C	-0.8341634273529053	-0.8367395401000977	-0.002576112747192383
chr17:41215912:T>A	-0.8341634273529053	-0.8529889583587646	-0.018825531005859375
chr17:41215911:T>G	-0.834304928779602	-0.8461424112319946	-0.011837482452392578
chr17:41215911:T>C	-0.834304928779602	-0.8354580998420715	-0.0011531710624694824
chr17:41215911:T>A	-0.834304928779602	-0.8498213887214661	-0.015516459941864014
chr17:41215910:T>G	-0.8343381285667419	-0.8375175595283508	-0.0031794309616088867
chr17:41215910:T>C	-0.8343381285667419	-0.8345423340797424	-0.00020420551300048828
chr17:41215910:T>A	-0.8343381285667419	-0.8378849029541016	-0.003546774387359619
chr17:41215909:A>T	-0.8344789147377014	-0.8423075079917908	-0.007828593254089355
chr17:41215909:A>G	-0.8344789147377014	-0.8416399955749512	-0.007161080837249756
chr17:41215909:A>C	-0.8344789147377014	-0.8432351350784302	-0.00875622034072876
chr17:41215908:C>T	-0.8343821167945862	-0.852863609790802	-0.01848149299621582
chr17:41215908:C>G	-0.8343821167945862	-0.8412581086158752	-0.0068759918212890625
chr17:41215908:C>A	-0.8343821167945862	-0.8414056301116943	-0.007023513317108154
chr17:41215907:C>T	-0.834173321723938	-0.8530022501945496	-0.018828928470611572
chr17:41215907:C>G	-0.834173321723938	-0.8410015106201172	-0.006828188896179199
chr17:41215907:C>A	-0.834173321723938	-0.8406429290771484	-0.006469607353210449
chr17:41215906:C>T	-0.8344112634658813	-0.8350129723548889	-0.0006017088890075684
chr17:41215906:C>G	-0.8344112634658813	-0.8368371725082397	-0.0024259090423583984
chr17:41215906:C>A	-0.8344112634658813	-0.8369097709655762	-0.0024985074996948242
chr17:41215905:A>T	-0.8346783518791199	-0.8388345837593079	-0.004156231880187988
chr17:41215905:A>G	-0.8346783518791199	-0.8363772034645081	-0.0016988515853881836
chr17:41215905:A>C	-0.8346783518791199	-0.8391682505607605	-0.004489898681640625
chr17:41215904:T>G	-0.8346885442733765	-0.8351923227310181	-0.0005037784576416016
chr17:41215904:T>C	-0.8346885442733765	-0.8349754810333252	-0.00028693675994873047
chr17:41215904:T>A	-0.8346885442733765	-0.8349799513816833	-0.00029140710830688477
chr17:41215903:C>T	-0.8346803784370422	-0.834837794303894	-0.00015741586685180664
chr17:41215903:C>G	-0.8346803784370422	-0.8359148502349854	-0.0012344717979431152
chr17:41215903:C>A	-0.8346803784370422	-0.837809681892395	-0.003129303455352783
chr17:41215902:A>T	-0.8348910808563232	-0.839898407459259	-0.005007326602935791
chr17:41215902:A>G	-0.8348910808563232	-0.8374807238578796	-0.0025896430015563965
chr17:41215902:A>C	-0.8348910808563232	-0.8403528332710266	-0.005461752414703369
chr17:41215901:A>T	-0.8349919319152832	-0.8355720639228821	-0.000580132007598877
chr17:41215901:A>G	-0.8349919319152832	-0.8351738452911377	-0.0001819133758544922
chr17:41215901:A>C	-0.8349919319152832	-0.8352528214454651	-0.00026088953018188477
chr17:41215900:T>G	-0.8346802592277527	-0.836747407913208	-0.0020671486854553223
chr17:41215900:T>C	-0.8346802592277527	-0.8373964428901672	-0.0027161836624145508
chr17:41215900:T>A	-0.8346802592277527	-0.8366206884384155	-0.0019404292106628418
chr17:41215899:C>T	-0.8349705934524536	-0.8358198404312134	-0.0008492469787597656
chr17:41215899:C>G	-0.8349705934524536	-0.8360552787780762	-0.0010846853256225586
chr17:41215899:C>A	-0.8349705934524536	-0.8386120200157166	-0.0036414265632629395
chr17:41215898:G>T	-0.835117518901825	-0.8369234800338745	-0.0018059611320495605
chr17:41215898:G>C	-0.835117518901825	-0.8368602991104126	-0.0017427802085876465
chr17:41215898:G>A	-0.835117518901825	-0.8352728486061096	-0.00015532970428466797
chr17:41215897:A>T	-0.8348386287689209	-0.8374451398849487	-0.002606511116027832
chr17:41215897:A>G	-0.8348386287689209	-0.8364357352256775	-0.0015971064567565918
chr17:41215897:A>C	-0.8348386287689209	-0.8387898206710815	-0.0039511919021606445
chr17:41215896:T>G	-0.8347992300987244	-0.837013840675354	-0.0022146105766296387
chr17:41215896:T>C	-0.8347992300987244	-0.836958110332489	-0.0021588802337646484
chr17:41215896:T>A	-0.8347992300987244	-0.8370211124420166	-0.0022218823432922363
chr17:41215895:A>T	-0.8344241976737976	-0.8519923090934753	-0.017568111419677734
chr17:41215895:A>G	-0.8344241976737976	-0.8340866565704346	0.0003375411033630371
chr17:41215895:A>C	-0.8344241976737976	-0.8518832325935364	-0.01745903491973877
chr17:41215894:A>T	-0.8346148729324341	-0.8358713984489441	-0.0012565255165100098
chr17:41215894:A>G	-0.8346148729324341	-0.8360636234283447	-0.0014487504959106445
chr17:41215894:A>C	-0.8346148729324341	-0.8364730477333069	-0.0018581748008728027
chr17:41215893:A>T	-0.8350141644477844	-0.835362434387207	-0.0003482699394226074
chr17:41215893:A>G	-0.8350141644477844	-0.8359716534614563	-0.000957489013671875
chr17:41215893:A>C	-0.8350141644477844	-0.836760401725769	-0.0017462372779846191
chr17:41215892:G>T	-0.8348202705383301	-0.8361756801605225	-0.0013554096221923828
chr17:41215892:G>C	-0.8348202705383301	-0.8362371325492859	-0.0014168620109558105
chr17:41215892:G>A	-0.8348202705383301	-0.8360207080841064	-0.0012004375457763672
chr17:41215891:A>T	-0.8346629738807678	-0.8363242745399475	-0.0016613006591796875
chr17:41215891:A>G	-0.8346629738807678	-0.8354817032814026	-0.0008187294006347656
chr17:41215891:A>C	-0.8346629738807678	-0.8377165794372559	-0.003053605556488037
chr17:41215890:C>T	-0.8346059322357178	-0.8534198999404907	-0.01881396770477295
chr17:41215890:C>G	-0.8346059322357178	-0.8533655405044556	-0.018759608268737793
chr17:41215890:C>A	-0.8346059322357178	-0.8533321619033813	-0.018726229667663574
chr17:41215889:A>T	-0.8343416452407837	-0.8529935479164124	-0.018651902675628662
chr17:41215889:A>G	-0.8343416452407837	-0.8529403805732727	-0.018598735332489014
chr17:41215889:A>C	-0.8343416452407837	-0.8531550765037537	-0.01881343126296997
chr17:41215888:T>G	-0.8342859745025635	-0.8530598282814026	-0.01877385377883911
chr17:41215888:T>C	-0.8342859745025635	-0.8348081111907959	-0.0005221366882324219
chr17:41215888:T>A	-0.8342859745025635	-0.8525910377502441	-0.018305063247680664
chr17:41215887:T>G	-0.8337549567222595	-0.8365256190299988	-0.002770662307739258
chr17:41215887:T>C	-0.8337549567222595	-0.8465980291366577	-0.012843072414398193
chr17:41215887:T>A	-0.8337549567222595	-0.8404983282089233	-0.006743371486663818
chr17:41215886:C>T	-0.8335409760475159	-0.8525248765945435	-0.018983900547027588
chr17:41215886:C>G	-0.8335409760475159	-0.8525888919830322	-0.019047915935516357
chr17:41215886:C>A	-0.8335409760475159	-0.8524152040481567	-0.01887422800064087
chr17:41215885:A>T	-0.833460807800293	-0.8503649234771729	-0.016904115676879883
chr17:41215885:A>G	-0.833460807800293	-0.838725209236145	-0.005264401435852051
chr17:41215885:A>C	-0.833460807800293	-0.8511818051338196	-0.01772099733352661
chr17:41215884:T>G	-0.8333691954612732	-0.8356937766075134	-0.0023245811462402344
chr17:41215884:T>C	-0.8333691954612732	-0.8353005051612854	-0.001931309700012207
chr17:41215884:T>A	-0.8333691954612732	-0.8349198698997498	-0.0015506744384765625
chr17:41215883:A>T	-0.8332732319831848	-0.8333924412727356	-0.00011920928955078125
chr17:41215883:A>G	-0.8332732319831848	-0.8332554697990417	1.7762184143066406e-05
chr17:41215883:A>C	-0.8332732319831848	-0.8337149024009705	-0.00044167041778564453
chr17:41215882:T>G	-0.8333088159561157	-0.833413302898407	-0.00010448694229125977
chr17:41215882:T>C	-0.8333088159561157	-0.8333490490913391	-4.023313522338867e-05
chr17:41215882:T>A	-0.8333088159561157	-0.8334864377975464	-0.00017762184143066406
chr17:41215881:T>G	-0.8331379890441895	-0.833160936832428	-2.294778823852539e-05
chr17:41215881:T>C	-0.8331379890441895	-0.8336099982261658	-0.00047200918197631836
chr17:41215881:T>A	-0.8331379890441895	-0.8333461880683899	-0.00020819902420043945
chr17:41215420:A>T	-0.8327160477638245	-0.8333837389945984	-0.0006676912307739258
chr17:41215420:A>G	-0.8327160477638245	-0.83282470703125	-0.00010865926742553711
chr17:41215420:A>C	-0.8327160477638245	-0.8330155611038208	-0.0002995133399963379
chr17:41215419:C>T	-0.8326278328895569	-0.8327065110206604	-7.867813110351562e-05
chr17:41215419:C>G	-0.8326278328895569	-0.8326321244239807	-4.291534423828125e-06
chr17:41215419:C>A	-0.8326278328895569	-0.8325183987617493	0.00010943412780761719
chr17:41215418:A>T	-0.8324723839759827	-0.8329390287399292	-0.0004666447639465332
chr17:41215418:A>G	-0.8324723839759827	-0.8333417773246765	-0.0008693933486938477
chr17:41215418:A>C	-0.8324723839759827	-0.8336939215660095	-0.0012215375900268555
chr17:41215417:T>G	-0.8323867917060852	-0.8327509760856628	-0.0003641843795776367
chr17:41215417:T>C	-0.8323867917060852	-0.8322089910507202	0.00017780065536499023
chr17:41215417:T>A	-0.8323867917060852	-0.8328560590744019	-0.0004692673683166504
chr17:41215416:T>G	-0.8324820399284363	-0.8333267569541931	-0.0008447170257568359
chr17:41215416:T>C	-0.8324820399284363	-0.8334972262382507	-0.0010151863098144531
chr17:41215416:T>A	-0.8324820399284363	-0.8332248330116272	-0.000742793083190918
chr17:41215415:G>T	-0.8325352072715759	-0.832415759563446	0.00011944770812988281
chr17:41215415:G>C	-0.8325352072715759	-0.8324831128120422	5.2094459533691406e-05
chr17:41215415:G>A	-0.8325352072715759	-0.8325178027153015	1.7404556274414062e-05
chr17:41215414:G>T	-0.8325846195220947	-0.8326603770256042	-7.575750350952148e-05
chr17:41215414:G>C	-0.8325846195220947	-0.8328260779380798	-0.00024145841598510742
chr17:41215414:G>A	-0.8325846195220947	-0.8325840830802917	5.364418029785156e-07
chr17:41215413:A>T	-0.8326913714408875	-0.8326835036277771	7.867813110351562e-06
chr17:41215413:A>G	-0.8326913714408875	-0.8326688408851624	2.2530555725097656e-05
chr17:41215413:A>C	-0.8326913714408875	-0.8330596685409546	-0.00036829710006713867
chr17:41215412:C>T	-0.8328245878219604	-0.8328845500946045	-5.996227264404297e-05
chr17:41215412:C>G	-0.8328245878219604	-0.8329846858978271	-0.00016009807586669922
chr17:41215412:C>A	-0.8328245878219604	-0.8328190445899963	5.543231964111328e-06
chr17:41215411:A>T	-0.8331369757652283	-0.8332346081733704	-9.763240814208984e-05
chr17:41215411:A>G	-0.8331369757652283	-0.8329950571060181	0.00014191865921020508
chr17:41215411:A>C	-0.8331369757652283	-0.8332567811012268	-0.00011980533599853516
chr17:41215410:G>T	-0.8332505226135254	-0.8331613540649414	8.916854858398438e-05
chr17:41215410:G>C	-0.8332505226135254	-0.833080530166626	0.00016999244689941406
chr17:41215410:G>A	-0.8332505226135254	-0.8333186507225037	-6.812810897827148e-05
chr17:41215409:A>T	-0.8330376744270325	-0.8329309225082397	0.00010675191879272461
chr17:41215409:A>G	-0.8330376744270325	-0.8331736326217651	-0.00013595819473266602
chr17:41215409:A>C	-0.8330376744270325	-0.8335148096084595	-0.00047713518142700195
chr17:41215408:A>T	-0.8327935934066772	-0.8333075642585754	-0.0005139708518981934
chr17:41215408:A>G	-0.8327935934066772	-0.832856297492981	-6.270408630371094e-05
chr17:41215408:A>C	-0.8327935934066772	-0.8331490755081177	-0.0003554821014404297
chr17:41215407:A>T	-0.832292914390564	-0.8324995636940002	-0.0002066493034362793
chr17:41215407:A>G	-0.832292914390564	-0.8325734734535217	-0.00028055906295776367
chr17:41215407:A>C	-0.832292914390564	-0.8327274918556213	-0.00043457746505737305
chr17:41215406:A>T	-0.832308828830719	-0.8325616717338562	-0.00025284290313720703
chr17:41215406:A>G	-0.832308828830719	-0.8325961232185364	-0.0002872943878173828
chr17:41215406:A>C	-0.832308828830719	-0.8325873017311096	-0.000278472900390625
chr17:41215405:G>T	-0.8321022987365723	-0.8321249485015869	-2.2649765014648438e-05
chr17:41215405:G>C	-0.8321022987365723	-0.8321369886398315	-3.4689903259277344e-05
chr17:41215405:G>A	-0.8321022987365723	-0.8318314552307129	0.000270843505859375
chr17:41215404:A>T	-0.8322417736053467	-0.8325064778327942	-0.00026470422744750977
chr17:41215404:A>G	-0.8322417736053467	-0.832484781742096	-0.00024300813674926758
chr17:41215404:A>C	-0.8322417736053467	-0.8335086703300476	-0.0012668967247009277
chr17:41215403:T>G	-0.8323282599449158	-0.8317639231681824	0.0005643367767333984
chr17:41215403:T>C	-0.8323282599449158	-0.8319114446640015	0.00041681528091430664
chr17:41215403:T>A	-0.8323282599449158	-0.8316879868507385	0.0006402730941772461
chr17:41215402:A>T	-0.8322672247886658	-0.8346914052963257	-0.002424180507659912
chr17:41215402:A>G	-0.8322672247886658	-0.8329527378082275	-0.0006855130195617676
chr17:41215402:A>C	-0.8322672247886658	-0.8346694707870483	-0.0024022459983825684
chr17:41215401:C>T	-0.8324407935142517	-0.8323636651039124	7.712841033935547e-05
chr17:41215401:C>G	-0.8324407935142517	-0.8320364952087402	0.0004042983055114746
chr17:41215401:C>A	-0.8324407935142517	-0.8318670988082886	0.0005736947059631348
chr17:41215400:T>G	-0.8323553800582886	-0.832274317741394	8.106231689453125e-05
chr17:41215400:T>C	-0.8323553800582886	-0.8327797651290894	-0.00042438507080078125
chr17:41215400:T>A	-0.8323553800582886	-0.832172691822052	0.00018268823623657227
chr17:41215399:A>T	-0.8323401808738708	-0.832829475402832	-0.0004892945289611816
chr17:41215399:A>G	-0.8323401808738708	-0.8328531384468079	-0.0005129575729370117
chr17:41215399:A>C	-0.8323401808738708	-0.8346778750419617	-0.0023376941680908203
chr17:41215398:G>T	-0.832203209400177	-0.8326160907745361	-0.00041288137435913086
chr17:41215398:G>C	-0.832203209400177	-0.8323523998260498	-0.00014919042587280273
chr17:41215398:G>A	-0.832203209400177	-0.8322032690048218	-5.960464477539063e-08
chr17:41215397:A>T	-0.8323351740837097	-0.8328099250793457	-0.00047475099563598633
chr17:41215397:A>G	-0.8323351740837097	-0.8329849243164062	-0.0006497502326965332
chr17:41215397:A>C	-0.8323351740837097	-0.8334954977035522	-0.0011603236198425293
chr17:41215396:G>T	-0.8325269222259521	-0.8334712386131287	-0.0009443163871765137
chr17:41215396:G>C	-0.8325269222259521	-0.8331711292266846	-0.0006442070007324219
chr17:41215396:G>A	-0.8325269222259521	-0.8322657346725464	0.0002611875534057617
chr17:41215395:A>T	-0.8323799967765808	-0.8330775499343872	-0.0006975531578063965
chr17:41215395:A>G	-0.8323799967765808	-0.8328767418861389	-0.0004967451095581055
chr17:41215395:A>C	-0.8323799967765808	-0.8333074450492859	-0.0009274482727050781
chr17:41215394:A>T	-0.8321938514709473	-0.8327473998069763	-0.0005535483360290527
chr17:41215394:A>G	-0.8321938514709473	-0.8326666951179504	-0.00047284364700317383
chr17:41215394:A>C	-0.8321938514709473	-0.8330614566802979	-0.0008676052093505859
chr17:41215393:A>T	-0.8325642943382263	-0.8340879678726196	-0.0015236735343933105
chr17:41215393:A>G	-0.8325642943382263	-0.8337056040763855	-0.0011413097381591797
chr17:41215393:A>C	-0.8325642943382263	-0.8360962867736816	-0.0035319924354553223
chr17:41215392:T>G	-0.8324954509735107	-0.8356568217277527	-0.0031613707542419434
chr17:41215392:T>C	-0.8324954509735107	-0.8356395959854126	-0.0031441450119018555
chr17:41215392:T>A	-0.8324954509735107	-0.8353719711303711	-0.0028765201568603516
chr17:41215391:C>T	-0.8324695825576782	-0.8355608582496643	-0.003091275691986084
chr17:41215391:C>G	-0.8324695825576782	-0.8344939947128296	-0.002024412155151367
chr17:41215391:C>A	-0.8324695825576782	-0.8354631662368774	-0.0029935836791992188
chr17:41215390:C>T	-0.8325579762458801	-0.8349143266677856	-0.0023563504219055176
chr17:41215390:C>G	-0.8325579762458801	-0.8352885842323303	-0.0027306079864501953
chr17:41215390:C>A	-0.8325579762458801	-0.8354796767234802	-0.0029217004776000977
chr17:41215389:C>T	-0.8320468664169312	-0.8329557180404663	-0.0009088516235351562
chr17:41215389:C>G	-0.8320468664169312	-0.8336848020553589	-0.0016379356384277344
chr17:41215389:C>A	-0.8320468664169312	-0.8328810930252075	-0.0008342266082763672
chr17:41215388:C>T	-0.8321120738983154	-0.833457887172699	-0.001345813274383545
chr17:41215388:C>G	-0.8321120738983154	-0.8344643712043762	-0.002352297306060791
chr17:41215388:C>A	-0.8321120738983154	-0.8347472548484802	-0.002635180950164795
chr17:41215387:A>T	-0.8322298526763916	-0.8346328735351562	-0.0024030208587646484
chr17:41215387:A>G	-0.8322298526763916	-0.834937572479248	-0.0027077198028564453
chr17:41215387:A>C	-0.8322298526763916	-0.8349651098251343	-0.0027352571487426758
chr17:41215386:C>T	-0.8324112296104431	-0.8325557112693787	-0.00014448165893554688
chr17:41215386:C>G	-0.8324112296104431	-0.8331846594810486	-0.0007734298706054688
chr17:41215386:C>A	-0.8324112296104431	-0.8334570527076721	-0.001045823097229004
chr17:41215385:T>C	-0.8323648571968079	-0.8335856199264526	-0.0012207627296447754
chr17:41215385:T>A	-0.8323648571968079	-0.8343560099601746	-0.0019911527633666992
chr17:41215382:G>T	-0.8326826691627502	-0.8342888355255127	-0.0016061663627624512
chr17:41215382:G>C	-0.8326826691627502	-0.8344946503639221	-0.001811981201171875
chr17:41215382:G>A	-0.8326826691627502	-0.8361462354660034	-0.003463566303253174
chr17:41215381:T>G	-0.8326029181480408	-0.8355858325958252	-0.002982914447784424
chr17:41215381:T>C	-0.8326029181480408	-0.8349969387054443	-0.0023940205574035645
chr17:41215381:T>A	-0.8326029181480408	-0.836693525314331	-0.004090607166290283
chr17:41215380:C>T	-0.8319656848907471	-0.8327001929283142	-0.0007345080375671387
chr17:41215380:C>G	-0.8319656848907471	-0.834790050983429	-0.0028243660926818848
chr17:41215380:C>A	-0.8319656848907471	-0.8344975113868713	-0.0025318264961242676
chr17:41215379:A>T	-0.8320952653884888	-0.833800196647644	-0.0017049312591552734
chr17:41215379:A>G	-0.8320952653884888	-0.8341304659843445	-0.002035200595855713
chr17:41215379:A>C	-0.8320952653884888	-0.8337679505348206	-0.0016726851463317871
chr17:41215378:G>T	-0.8321980237960815	-0.8357571959495544	-0.0035591721534729004
chr17:41215378:G>C	-0.8321980237960815	-0.8343060612678528	-0.0021080374717712402
chr17:41215378:G>A	-0.8321980237960815	-0.8356059193611145	-0.003407895565032959
chr17:41215377:A>T	-0.8324183225631714	-0.8326982259750366	-0.0002799034118652344
chr17:41215377:A>G	-0.8324183225631714	-0.8325037360191345	-8.541345596313477e-05
chr17:41215377:A>C	-0.8324183225631714	-0.8330855369567871	-0.0006672143936157227
chr17:41215376:T>G	-0.8321268558502197	-0.8354156017303467	-0.003288745880126953
chr17:41215376:T>C	-0.8321268558502197	-0.8319897651672363	0.00013709068298339844
chr17:41215376:T>A	-0.8321268558502197	-0.8347952365875244	-0.0026683807373046875
chr17:41215375:A>T	-0.8321025371551514	-0.8348066210746765	-0.0027040839195251465
chr17:41215375:A>G	-0.8321025371551514	-0.8339405059814453	-0.0018379688262939453
chr17:41215375:A>C	-0.8321025371551514	-0.8346266150474548	-0.002524077892303467
chr17:41215374:A>T	-0.8321241140365601	-0.8349614143371582	-0.0028373003005981445
chr17:41215374:A>G	-0.8321241140365601	-0.8328510522842407	-0.0007269382476806641
chr17:41215374:A>C	-0.8321241140365601	-0.8327375054359436	-0.0006133913993835449
chr17:41215373:T>G	-0.8320549726486206	-0.8330274820327759	-0.0009725093841552734
chr17:41215373:T>C	-0.8320549726486206	-0.8332894444465637	-0.0012344717979431152
chr17:41215373:T>A	-0.8320549726486206	-0.8354760408401489	-0.0034210681915283203
chr17:41215372:T>G	-0.8323034644126892	-0.8340615034103394	-0.0017580389976501465
chr17:41215372:T>C	-0.8323034644126892	-0.8335861563682556	-0.0012826919555664062
chr17:41215372:T>A	-0.8323034644126892	-0.8348288536071777	-0.0025253891944885254
chr17:41215371:T>G	-0.8323217034339905	-0.8324605822563171	-0.00013887882232666016
chr17:41215371:T>C	-0.8323217034339905	-0.8324517607688904	-0.00013005733489990234
chr17:41215371:T>A	-0.8323217034339905	-0.8322792649269104	4.2438507080078125e-05
chr17:41215370:C>T	-0.8320119976997375	-0.8348599076271057	-0.002847909927368164
chr17:41215370:C>G	-0.8320119976997375	-0.833877682685852	-0.001865684986114502
chr17:41215370:C>A	-0.8320119976997375	-0.8358731269836426	-0.0038611292839050293
chr17:41215369:T>G	-0.8320635557174683	-0.83441162109375	-0.0023480653762817383
chr17:41215369:T>C	-0.8320635557174683	-0.8341909646987915	-0.002127408981323242
chr17:41215369:T>A	-0.8320635557174683	-0.835050106048584	-0.0029865503311157227
chr17:41215368:T>G	-0.8319430947303772	-0.8324163556098938	-0.00047326087951660156
chr17:41215368:T>C	-0.8319430947303772	-0.8322283029556274	-0.00028520822525024414
chr17:41215368:T>A	-0.8319430947303772	-0.8326290249824524	-0.0006859302520751953
chr17:41215367:T>G	-0.8322634696960449	-0.832131028175354	0.00013244152069091797
chr17:41215367:T>C	-0.8322634696960449	-0.8317447304725647	0.0005187392234802246
chr17:41215367:T>A	-0.8322634696960449	-0.835250198841095	-0.002986729145050049
chr17:41215366:C>T	-0.8321016430854797	-0.8347013592720032	-0.0025997161865234375
chr17:41215366:C>G	-0.8321016430854797	-0.8344083428382874	-0.002306699752807617
chr17:41215366:C>A	-0.8321016430854797	-0.8348950743675232	-0.002793431282043457
chr17:41215365:T>G	-0.8320291042327881	-0.8330419659614563	-0.0010128617286682129
chr17:41215365:T>C	-0.8320291042327881	-0.831564724445343	0.00046437978744506836
chr17:41215365:T>A	-0.8320291042327881	-0.8331708908081055	-0.0011417865753173828
chr17:41215364:T>G	-0.8321775197982788	-0.8329055309295654	-0.0007280111312866211
chr17:41215364:T>C	-0.8321775197982788	-0.8332838416099548	-0.0011063218116760254
chr17:41215364:T>A	-0.8321775197982788	-0.8354529738426208	-0.003275454044342041
chr17:41215363:T>G	-0.8322094082832336	-0.8337319493293762	-0.0015225410461425781
chr17:41215363:T>C	-0.8322094082832336	-0.8324175477027893	-0.00020813941955566406
chr17:41215363:T>A	-0.8322094082832336	-0.8347135186195374	-0.002504110336303711
chr17:41215362:T>G	-0.831794798374176	-0.8331058025360107	-0.0013110041618347168
chr17:41215362:T>C	-0.831794798374176	-0.8317833542823792	1.1444091796875e-05
chr17:41215362:T>A	-0.831794798374176	-0.8332465887069702	-0.0014517903327941895
chr17:41215361:T>G	-0.832111656665802	-0.8316718935966492	0.00043976306915283203
chr17:41215361:T>C	-0.832111656665802	-0.8319666385650635	0.0001450181007385254
chr17:41215361:T>A	-0.832111656665802	-0.8318345546722412	0.000277101993560791
chr17:41215360:A>T	-0.8320896625518799	-0.8333068490028381	-0.001217186450958252
chr17:41215360:A>G	-0.8320896625518799	-0.8325319886207581	-0.00044232606887817383
chr17:41215360:A>C	-0.8320896625518799	-0.8338205814361572	-0.0017309188842773438
chr17:41215359:C>T	-0.8318982124328613	-0.8345826864242554	-0.002684473991394043
chr17:41215359:C>G	-0.8318982124328613	-0.8321669697761536	-0.00026875734329223633
chr17:41215359:C>A	-0.8318982124328613	-0.8319556713104248	-5.745887756347656e-05
chr17:41215358:G>T	-0.8322424292564392	-0.8330769538879395	-0.0008345246315002441
chr17:41215358:G>C	-0.8322424292564392	-0.8340047001838684	-0.0017622709274291992
chr17:41215358:G>A	-0.8322424292564392	-0.8325046896934509	-0.00026226043701171875
chr17:41215357:A>T	-0.8321311473846436	-0.834315299987793	-0.002184152603149414
chr17:41215357:A>G	-0.8321311473846436	-0.8347306251525879	-0.002599477767944336
chr17:41215357:A>C	-0.8321311473846436	-0.8344890475273132	-0.0023579001426696777
chr17:41215356:C>T	-0.8319337368011475	-0.8323703408241272	-0.00043660402297973633
chr17:41215356:C>G	-0.8319337368011475	-0.8319387435913086	-5.0067901611328125e-06
chr17:41215356:C>A	-0.8319337368011475	-0.8321601748466492	-0.00022643804550170898
chr17:41215355:T>G	-0.8319414854049683	-0.8330339193344116	-0.0010924339294433594
chr17:41215355:T>C	-0.8319414854049683	-0.8315361142158508	0.00040537118911743164
chr17:41215355:T>A	-0.8319414854049683	-0.8342358469963074	-0.0022943615913391113
chr17:41215354:T>G	-0.8320057988166809	-0.8330788612365723	-0.0010730624198913574
chr17:41215354:T>C	-0.8320057988166809	-0.8331066370010376	-0.0011008381843566895
chr17:41215354:T>A	-0.8320057988166809	-0.8343059420585632	-0.0023001432418823242
chr17:41215353:A>T	-0.8321496248245239	-0.8326860070228577	-0.0005363821983337402
chr17:41215353:A>G	-0.8321496248245239	-0.8328380584716797	-0.0006884336471557617
chr17:41215353:A>C	-0.8321496248245239	-0.8331761956214905	-0.0010265707969665527
chr17:41215352:C>T	-0.8320743441581726	-0.8332890272140503	-0.0012146830558776855
chr17:41215352:C>G	-0.8320743441581726	-0.8337869644165039	-0.0017126202583312988
chr17:41215352:C>A	-0.8320743441581726	-0.8352823853492737	-0.0032080411911010742
chr17:41215351:T>G	-0.832129955291748	-0.8337406516075134	-0.0016106963157653809
chr17:41215351:T>C	-0.832129955291748	-0.8338577747344971	-0.0017278194427490234
chr17:41215351:T>A	-0.832129955291748	-0.8351016640663147	-0.0029717087745666504
chr17:41215350:C>T	-0.8318337202072144	-0.8337123990058899	-0.0018786787986755371
chr17:41215350:C>G	-0.8318337202072144	-0.832516074180603	-0.0006823539733886719
chr17:41215350:C>A	-0.8318337202072144	-0.8323183655738831	-0.00048464536666870117
chr17:41215349:C>T	-0.831794023513794	-0.8349840641021729	-0.0031900405883789062
chr17:41215349:C>G	-0.831794023513794	-0.835382878780365	-0.003588855266571045
chr17:41215349:C>A	-0.831794023513794	-0.8347392082214355	-0.0029451847076416016
chr17:41215348:A>T	-0.8318027257919312	-0.8350123167037964	-0.0032095909118652344
chr17:41215348:A>G	-0.8318027257919312	-0.8349789381027222	-0.0031762123107910156
chr17:41215348:A>C	-0.8318027257919312	-0.8352770209312439	-0.003474295139312744
chr17:41215347:T>G	-0.8316999077796936	-0.8347845077514648	-0.0030845999717712402
chr17:41215347:T>C	-0.8316999077796936	-0.8317211270332336	-2.1219253540039062e-05
chr17:41215347:T>A	-0.8316999077796936	-0.83465576171875	-0.0029558539390563965
chr17:41215346:T>G	-0.8319656848907471	-0.8333119750022888	-0.001346290111541748
chr17:41215346:T>C	-0.8319656848907471	-0.8349922895431519	-0.003026604652404785
chr17:41215346:T>A	-0.8319656848907471	-0.8328971862792969	-0.0009315013885498047
chr17:41215345:C>T	-0.8320232629776001	-0.834933876991272	-0.002910614013671875
chr17:41215345:C>G	-0.8320232629776001	-0.83504319190979	-0.0030199289321899414
chr17:41215345:C>A	-0.8320232629776001	-0.8351130485534668	-0.0030897855758666992
chr17:41215344:A>T	-0.8317644000053406	-0.8318952322006226	-0.00013083219528198242
chr17:41215344:A>G	-0.8317644000053406	-0.8324586153030396	-0.0006942152976989746
chr17:41215344:A>C	-0.8317644000053406	-0.8343121409416199	-0.002547740936279297
chr17:41215343:T>G	-0.8320444822311401	-0.8322157859802246	-0.00017130374908447266
chr17:41215343:T>C	-0.8320444822311401	-0.831995964050293	4.851818084716797e-05
chr17:41215343:T>A	-0.8320444822311401	-0.8318998217582703	0.00014466047286987305
chr17:41215342:G>T	-0.8319631814956665	-0.8324112296104431	-0.00044804811477661133
chr17:41215342:G>C	-0.8319631814956665	-0.8321967124938965	-0.00023353099822998047
chr17:41215342:G>A	-0.8319631814956665	-0.8322226405143738	-0.0002594590187072754
chr17:41215341:A>T	-0.832253098487854	-0.8345466256141663	-0.002293527126312256
chr17:41215341:A>G	-0.832253098487854	-0.8324320912361145	-0.00017899274826049805
chr17:41215341:A>C	-0.832253098487854	-0.8336045145988464	-0.0013514161109924316
chr17:41215340:A>T	-0.8327004909515381	-0.8339583873748779	-0.0012578964233398438
chr17:41215340:A>G	-0.8327004909515381	-0.832777202129364	-7.671117782592773e-05
chr17:41215340:A>C	-0.8327004909515381	-0.8336880803108215	-0.0009875893592834473
chr17:41215339:C>T	-0.832593560218811	-0.8326536417007446	-6.008148193359375e-05
chr17:41215339:C>G	-0.832593560218811	-0.8323870301246643	0.00020653009414672852
chr17:41215339:C>A	-0.832593560218811	-0.8324627876281738	0.00013077259063720703
chr17:41215338:T>G	-0.8326340317726135	-0.8324034810066223	0.00023055076599121094
chr17:41215338:T>C	-0.8326340317726135	-0.8326542973518372	-2.0265579223632812e-05
chr17:41215338:T>A	-0.8326340317726135	-0.8326582312583923	-2.4199485778808594e-05
chr17:41215337:A>T	-0.8324674367904663	-0.8323133587837219	0.00015407800674438477
chr17:41215337:A>G	-0.8324674367904663	-0.832545816898346	-7.838010787963867e-05
chr17:41215337:A>C	-0.8324674367904663	-0.8331382870674133	-0.0006708502769470215
chr17:41215336:C>T	-0.8323711156845093	-0.8326960206031799	-0.0003249049186706543
chr17:41215336:C>G	-0.8323711156845093	-0.8326573967933655	-0.00028628110885620117
chr17:41215336:C>A	-0.8323711156845093	-0.8319715261459351	0.00039958953857421875
chr17:41215335:A>T	-0.8324378728866577	-0.8336043953895569	-0.00116652250289917
chr17:41215335:A>G	-0.8324378728866577	-0.8326154351234436	-0.00017756223678588867
chr17:41215335:A>C	-0.8324378728866577	-0.8339122533798218	-0.0014743804931640625
chr17:41215334:A>T	-0.832317054271698	-0.8327012658119202	-0.00038421154022216797
chr17:41215334:A>G	-0.832317054271698	-0.8329960107803345	-0.0006789565086364746
chr17:41215334:A>C	-0.832317054271698	-0.8328622579574585	-0.000545203685760498
chr17:41215333:T>G	-0.8322621583938599	-0.8320802450180054	0.0001819133758544922
chr17:41215333:T>C	-0.8322621583938599	-0.8322784304618835	-1.627206802368164e-05
chr17:41215333:T>A	-0.8322621583938599	-0.8320052623748779	0.0002568960189819336
chr17:41215332:G>T	-0.8321754932403564	-0.831899881362915	0.00027561187744140625
chr17:41215332:G>C	-0.8321754932403564	-0.8319861888885498	0.00018930435180664062
chr17:41215332:G>A	-0.8321754932403564	-0.8320088386535645	0.0001666545867919922
chr17:41215331:T>G	-0.8320932388305664	-0.8321658372879028	-7.259845733642578e-05
chr17:41215331:T>C	-0.8320932388305664	-0.8323712944984436	-0.00027805566787719727
chr17:41215331:T>A	-0.8320932388305664	-0.8318105936050415	0.00028264522552490234
chr17:41215330:T>G	-0.8321266174316406	-0.8323954939842224	-0.0002688765525817871
chr17:41215330:T>C	-0.8321266174316406	-0.832006573677063	0.00012004375457763672
chr17:41215330:T>A	-0.8321266174316406	-0.8321361541748047	-9.5367431640625e-06
chr17:41215329:T>G	-0.831734299659729	-0.8318735957145691	-0.0001392960548400879
chr17:41215329:T>C	-0.831734299659729	-0.8319695591926575	-0.0002352595329284668
chr17:41215329:T>A	-0.831734299659729	-0.8319672346115112	-0.00023293495178222656
chr17:41215328:G>T	-0.8319731950759888	-0.8319652080535889	7.987022399902344e-06
chr17:41215328:G>C	-0.8319731950759888	-0.8319302797317505	4.291534423828125e-05
chr17:41215328:G>A	-0.8319731950759888	-0.8318437933921814	0.00012940168380737305
chr17:41215327:A>T	-0.8313096165657043	-0.8316189646720886	-0.00030934810638427734
chr17:41215327:A>G	-0.8313096165657043	-0.831588864326477	-0.0002792477607727051
chr17:41215327:A>C	-0.8313096165657043	-0.8315693140029907	-0.00025969743728637695
chr17:41215326:T>G	-0.8311291337013245	-0.8311907052993774	-6.157159805297852e-05
chr17:41215326:T>C	-0.8311291337013245	-0.8312036991119385	-7.456541061401367e-05
chr17:41215326:T>A	-0.8311291337013245	-0.8309543132781982	0.0001748204231262207
chr17:41215325:T>G	-0.8308839201927185	-0.8313418030738831	-0.0004578828811645508
chr17:41215325:T>C	-0.8308839201927185	-0.8311175107955933	-0.00023359060287475586
chr17:41215325:T>A	-0.8308839201927185	-0.8310973048210144	-0.00021338462829589844
chr17:41215324:G>T	-0.8309694528579712	-0.8310325741767883	-6.312131881713867e-05
chr17:41215324:G>C	-0.8309694528579712	-0.8310954570770264	-0.00012600421905517578
chr17:41215324:G>A	-0.8309694528579712	-0.8309473395347595	2.2113323211669922e-05
chr17:41215323:G>C	-0.8310214877128601	-0.8312296867370605	-0.00020819902420043945
chr17:41215322:T>G	-0.8306645154953003	-0.8308473825454712	-0.00018286705017089844
chr17:41215322:T>C	-0.8306645154953003	-0.8311142921447754	-0.00044977664947509766
chr17:41215322:T>A	-0.8306645154953003	-0.8303254842758179	0.0003390312194824219
chr17:41215321:C>T	-0.8305683732032776	-0.8306674957275391	-9.912252426147461e-05
chr17:41215321:C>G	-0.8305683732032776	-0.8306928873062134	-0.00012451410293579102
chr17:41215321:C>A	-0.8305683732032776	-0.8306044340133667	-3.606081008911133e-05
chr17:41215320:T>G	-0.8307819962501526	-0.831261157989502	-0.00047916173934936523
chr17:41215320:T>C	-0.8307819962501526	-0.8308044672012329	-2.2470951080322266e-05
chr17:41215320:T>A	-0.8307819962501526	-0.8307179808616638	6.401538848876953e-05
chr17:41209162:A>T	-0.7451596856117249	-0.7457614541053772	-0.0006017684936523438
chr17:41209162:A>G	-0.7451596856117249	-0.7455756068229675	-0.0004159212112426758
chr17:41209162:A>C	-0.7451596856117249	-0.7457906603813171	-0.0006309747695922852
chr17:41209161:A>T	-0.7452215552330017	-0.7456379532814026	-0.0004163980484008789
chr17:41209161:A>G	-0.7452215552330017	-0.7454773783683777	-0.00025582313537597656
chr17:41209161:A>C	-0.7452215552330017	-0.74554044008255	-0.00031888484954833984
chr17:41209160:A>T	-0.744499146938324	-0.7450546622276306	-0.0005555152893066406
chr17:41209160:A>G	-0.744499146938324	-0.7448343634605408	-0.0003352165222167969
chr17:41209160:A>C	-0.744499146938324	-0.745019793510437	-0.0005206465721130371
chr17:41209159:G>T	-0.7444383502006531	-0.7444562315940857	-1.7881393432617188e-05
chr17:41209159:G>C	-0.7444383502006531	-0.7445098161697388	-7.146596908569336e-05
chr17:41209159:G>A	-0.7444383502006531	-0.7446610927581787	-0.00022274255752563477
chr17:41209158:A>T	-0.744154691696167	-0.7447746396064758	-0.0006199479103088379
chr17:41209158:A>G	-0.744154691696167	-0.7444714903831482	-0.00031679868698120117
chr17:41209158:A>C	-0.744154691696167	-0.744965672492981	-0.0008109807968139648
chr17:41209157:A>T	-0.7438370585441589	-0.7449803352355957	-0.0011432766914367676
chr17:41209157:A>G	-0.7438370585441589	-0.7443109750747681	-0.00047391653060913086
chr17:41209157:A>C	-0.7438370585441589	-0.7447121739387512	-0.0008751153945922852
chr17:41209156:A>T	-0.7435564398765564	-0.7439001202583313	-0.00034368038177490234
chr17:41209156:A>G	-0.7435564398765564	-0.7439377307891846	-0.00038129091262817383
chr17:41209156:A>C	-0.7435564398765564	-0.7439279556274414	-0.00037151575088500977
chr17:41209155:G>T	-0.7434377074241638	-0.7444952130317688	-0.0010575056076049805
chr17:41209155:G>C	-0.7434377074241638	-0.7454200387001038	-0.0019823312759399414
chr17:41209155:G>A	-0.7434377074241638	-0.7439658045768738	-0.0005280971527099609
chr17:41209154:T>G	-0.7434343695640564	-0.7454180121421814	-0.001983642578125
chr17:41209154:T>C	-0.7434343695640564	-0.7447353005409241	-0.0013009309768676758
chr17:41209154:T>A	-0.7434343695640564	-0.7450205087661743	-0.00158613920211792
chr17:41209153:C>T	-0.7430923581123352	-0.7440673112869263	-0.0009749531745910645
chr17:41209153:C>G	-0.7430923581123352	-0.7451292276382446	-0.002036869525909424
chr17:41209153:C>A	-0.7430923581123352	-0.7452309131622314	-0.0021385550498962402
chr17:41209152:G>T	-0.7429977655410767	-0.7435091137886047	-0.0005113482475280762
chr17:41209152:G>C	-0.7429977655410767	-0.7440046072006226	-0.0010068416595458984
chr17:41209152:G>A	-0.7429977655410767	-0.7438095211982727	-0.0008117556571960449
chr17:41209151:T>G	-0.7427617907524109	-0.7444333434104919	-0.0016715526580810547
chr17:41209151:T>C	-0.7427617907524109	-0.7434016466140747	-0.0006398558616638184
chr17:41209151:T>A	-0.7427617907524109	-0.743798553943634	-0.0010367631912231445
chr17:41209150:A>T	-0.7429406046867371	-0.7435280680656433	-0.00058746337890625
chr17:41209150:A>G	-0.7429406046867371	-0.7433524131774902	-0.00041180849075317383
chr17:41209150:A>C	-0.7429406046867371	-0.7435806393623352	-0.0006400346755981445
chr17:41209149:C>T	-0.7428282499313354	-0.7436079382896423	-0.0007796883583068848
chr17:41209149:C>G	-0.7428282499313354	-0.7449184656143188	-0.0020902156829833984
chr17:41209149:C>A	-0.7428282499313354	-0.7445942163467407	-0.0017659664154052734
chr17:41209148:T>G	-0.742784321308136	-0.7435212135314941	-0.0007368922233581543
chr17:41209148:T>C	-0.742784321308136	-0.7437466979026794	-0.000962376594543457
chr17:41209148:T>A	-0.742784321308136	-0.7440409660339355	-0.0012566447257995605
chr17:41209147:A>T	-0.7428092360496521	-0.7437286972999573	-0.0009194612503051758
chr17:41209147:A>G	-0.7428092360496521	-0.7428922057151794	-8.296966552734375e-05
chr17:41209147:A>C	-0.7428092360496521	-0.7438370585441589	-0.001027822494506836
chr17:41209146:A>T	-0.7425113320350647	-0.7454435229301453	-0.0029321908950805664
chr17:41209146:A>G	-0.7425113320350647	-0.745360255241394	-0.0028489232063293457
chr17:41209146:A>C	-0.7425113320350647	-0.745286762714386	-0.002775430679321289
chr17:41209145:A>T	-0.7419882416725159	-0.7432215213775635	-0.0012332797050476074
chr17:41209145:A>G	-0.7419882416725159	-0.7448684573173523	-0.0028802156448364258
chr17:41209145:A>C	-0.7419882416725159	-0.7443703413009644	-0.0023820996284484863
chr17:41209144:A>T	-0.7420364022254944	-0.7443011999130249	-0.0022647976875305176
chr17:41209144:A>G	-0.7420364022254944	-0.7424112558364868	-0.00037485361099243164
chr17:41209144:A>C	-0.7420364022254944	-0.7445736527442932	-0.002537250518798828
chr17:41209143:C>T	-0.7419916391372681	-0.7448948621749878	-0.0029032230377197266
chr17:41209143:C>G	-0.7419916391372681	-0.743941068649292	-0.0019494295120239258
chr17:41209143:C>A	-0.7419916391372681	-0.745101809501648	-0.003110170364379883
chr17:41209142:T>G	-0.7418954968452454	-0.7438692450523376	-0.001973748207092285
chr17:41209142:T>C	-0.7418954968452454	-0.7443140745162964	-0.0024185776710510254
chr17:41209142:T>A	-0.7418954968452454	-0.7439682483673096	-0.002072751522064209
chr17:41209141:T>G	-0.7415553331375122	-0.7425442934036255	-0.0009889602661132812
chr17:41209141:T>C	-0.7415553331375122	-0.7419432401657104	-0.0003879070281982422
chr17:41209141:T>A	-0.7415553331375122	-0.7426443696022034	-0.0010890364646911621
chr17:41209140:C>T	-0.7412370443344116	-0.7416843175888062	-0.00044727325439453125
chr17:41209140:C>G	-0.7412370443344116	-0.7421159744262695	-0.0008789300918579102
chr17:41209140:C>A	-0.7412370443344116	-0.7434260845184326	-0.002189040184020996
chr17:41209139:A>T	-0.7412959337234497	-0.7447659373283386	-0.003470003604888916
chr17:41209139:A>G	-0.7412959337234497	-0.7432118058204651	-0.0019158720970153809
chr17:41209139:A>C	-0.7412959337234497	-0.744670569896698	-0.003374636173248291
chr17:41209138:G>T	-0.7410925626754761	-0.7418414950370789	-0.0007489323616027832
chr17:41209138:G>C	-0.7410925626754761	-0.7418743371963501	-0.0007817745208740234
chr17:41209138:G>A	-0.7410925626754761	-0.7415964007377625	-0.000503838062286377
chr17:41209137:T>G	-0.741185188293457	-0.7418612241744995	-0.0006760358810424805
chr17:41209137:T>C	-0.741185188293457	-0.7439982295036316	-0.0028130412101745605
chr17:41209137:T>A	-0.741185188293457	-0.7448107600212097	-0.0036255717277526855
chr17:41209136:C>T	-0.7413413524627686	-0.7427483201026917	-0.0014069676399230957
chr17:41209136:C>G	-0.7413413524627686	-0.7437981963157654	-0.002456843852996826
chr17:41209136:C>A	-0.7413413524627686	-0.7442754507064819	-0.002934098243713379
chr17:41209135:T>G	-0.7412965893745422	-0.743998110294342	-0.0027015209197998047
chr17:41209135:T>C	-0.7412965893745422	-0.7416217923164368	-0.00032520294189453125
chr17:41209135:T>A	-0.7412965893745422	-0.7439337372779846	-0.002637147903442383
chr17:41209134:C>T	-0.7411068677902222	-0.7456287145614624	-0.004521846771240234
chr17:41209134:C>G	-0.7411068677902222	-0.746060848236084	-0.004953980445861816
chr17:41209134:C>A	-0.7411068677902222	-0.74556964635849	-0.004462778568267822
chr17:41209133:C>T	-0.7409611344337463	-0.7443464994430542	-0.0033853650093078613
chr17:41209133:C>G	-0.7409611344337463	-0.7446994781494141	-0.0037383437156677246
chr17:41209133:C>A	-0.7409611344337463	-0.7445753216743469	-0.003614187240600586
chr17:41209132:T>G	-0.7405204176902771	-0.7411811351776123	-0.0006607174873352051
chr17:41209132:T>C	-0.7405204176902771	-0.7411060333251953	-0.0005856156349182129
chr17:41209132:T>A	-0.7405204176902771	-0.7410898208618164	-0.0005694031715393066
chr17:41209131:C>T	-0.7404415607452393	-0.7447436451911926	-0.004302084445953369
chr17:41209131:C>G	-0.7404415607452393	-0.7453150749206543	-0.004873514175415039
chr17:41209131:C>A	-0.7404415607452393	-0.7456509470939636	-0.005209386348724365
chr17:41209130:T>G	-0.7403160929679871	-0.7455229163169861	-0.0052068233489990234
chr17:41209130:T>C	-0.7403160929679871	-0.7454937100410461	-0.005177617073059082
chr17:41209130:T>A	-0.7403160929679871	-0.7455757856369019	-0.005259692668914795
chr17:41209129:A>T	-0.7398759722709656	-0.7412490248680115	-0.0013730525970458984
chr17:41209129:A>G	-0.7398759722709656	-0.7402148842811584	-0.0003389120101928711
chr17:41209129:A>C	-0.7398759722709656	-0.7415255904197693	-0.001649618148803711
chr17:41209128:C>G	-0.7398026585578918	-0.7418933510780334	-0.0020906925201416016
chr17:41209127:A>G	-0.7398927807807922	-0.7409543991088867	-0.0010616183280944824
chr17:41209127:A>C	-0.7398927807807922	-0.7432457208633423	-0.003352940082550049
chr17:41209125:C>T	-0.7394056916236877	-0.7397515177726746	-0.0003458261489868164
chr17:41209125:C>G	-0.7394056916236877	-0.7403607368469238	-0.000955045223236084
chr17:41209124:A>T	-0.7392743825912476	-0.7432389855384827	-0.003964602947235107
chr17:41209124:A>G	-0.7392743825912476	-0.7412838339805603	-0.002009451389312744
chr17:41209123:G>T	-0.7394497394561768	-0.7395461201667786	-9.638071060180664e-05
chr17:41209123:G>C	-0.7394497394561768	-0.7394301891326904	1.9550323486328125e-05
chr17:41209123:G>A	-0.7394497394561768	-0.7396838068962097	-0.00023406744003295898
chr17:41209122:T>G	-0.7393367886543274	-0.7414984703063965	-0.002161681652069092
chr17:41209122:T>C	-0.7393367886543274	-0.7417656779289246	-0.002428889274597168
chr17:41209122:T>A	-0.7393367886543274	-0.7429627776145935	-0.0036259889602661133
chr17:41209121:T>G	-0.7392488121986389	-0.7405934929847717	-0.0013446807861328125
chr17:41209121:T>C	-0.7392488121986389	-0.740283727645874	-0.0010349154472351074
chr17:41209121:T>A	-0.7392488121986389	-0.7419701814651489	-0.0027213692665100098
chr17:41209120:A>T	-0.73935866355896	-0.7427420020103455	-0.003383338451385498
chr17:41209120:A>G	-0.73935866355896	-0.7396777272224426	-0.000319063663482666
chr17:41209120:A>C	-0.73935866355896	-0.7431131601333618	-0.0037544965744018555
chr17:41209119:C>T	-0.7392628192901611	-0.7416309118270874	-0.0023680925369262695
chr17:41209119:C>G	-0.7392628192901611	-0.7420040369033813	-0.002741217613220215
chr17:41209119:C>A	-0.7392628192901611	-0.7449406981468201	-0.0056778788566589355
chr17:41209118:C>T	-0.7392041683197021	-0.7424772381782532	-0.0032730698585510254
chr17:41209118:C>G	-0.7392041683197021	-0.7424023747444153	-0.0031982064247131348
chr17:41209118:C>A	-0.7392041683197021	-0.7444837093353271	-0.005279541015625
chr17:41209117:T>G	-0.7391215562820435	-0.7397844195365906	-0.0006628632545471191
chr17:41209117:T>C	-0.7391215562820435	-0.7389054894447327	0.00021606683731079102
chr17:41209117:T>A	-0.7391215562820435	-0.7399851679801941	-0.0008636116981506348
chr17:41209116:T>G	-0.7391836047172546	-0.7399035096168518	-0.000719904899597168
chr17:41209116:T>C	-0.7391836047172546	-0.74101722240448	-0.0018336176872253418
chr17:41209116:T>A	-0.7391836047172546	-0.7449774146080017	-0.00579380989074707
chr17:41209115:C>T	-0.7393213510513306	-0.7405363917350769	-0.0012150406837463379
chr17:41209115:C>G	-0.7393213510513306	-0.7419561147689819	-0.002634763717651367
chr17:41209115:C>A	-0.7393213510513306	-0.7431881427764893	-0.0038667917251586914
chr17:41209114:T>G	-0.7393513917922974	-0.7411243915557861	-0.0017729997634887695
chr17:41209114:T>C	-0.7393513917922974	-0.7392409443855286	0.00011044740676879883
chr17:41209114:T>A	-0.7393513917922974	-0.7414511442184448	-0.002099752426147461
chr17:41209113:T>G	-0.7393420338630676	-0.7415491342544556	-0.0022071003913879395
chr17:41209113:T>C	-0.7393420338630676	-0.7408728003501892	-0.001530766487121582
chr17:41209113:T>A	-0.7393420338630676	-0.743371844291687	-0.004029810428619385
chr17:41209112:T>G	-0.7394850850105286	-0.741773247718811	-0.0022881627082824707
chr17:41209112:T>C	-0.7394850850105286	-0.7400733232498169	-0.0005882382392883301
chr17:41209112:T>A	-0.7394850850105286	-0.7432775497436523	-0.0037924647331237793
chr17:41209111:G>T	-0.7393921613693237	-0.7418830990791321	-0.0024909377098083496
chr17:41209111:G>C	-0.7393921613693237	-0.7417387366294861	-0.0023465752601623535
chr17:41209111:G>A	-0.7393921613693237	-0.7397261261940002	-0.00033396482467651367
chr17:41209110:G>T	-0.7391794919967651	-0.7407645583152771	-0.0015850663185119629
chr17:41209110:G>C	-0.7391794919967651	-0.7426415681838989	-0.003462076187133789
chr17:41209110:G>A	-0.7391794919967651	-0.7408252954483032	-0.001645803451538086
chr17:41209109:T>G	-0.7390031218528748	-0.7407822608947754	-0.0017791390419006348
chr17:41209109:T>C	-0.7390031218528748	-0.7410426735877991	-0.0020395517349243164
chr17:41209109:T>A	-0.7390031218528748	-0.7408403754234314	-0.0018372535705566406
chr17:41209108:G>T	-0.7387915253639221	-0.7397480010986328	-0.0009564757347106934
chr17:41209108:G>C	-0.7387915253639221	-0.7397269606590271	-0.0009354352951049805
chr17:41209108:G>A	-0.7387915253639221	-0.7386669516563416	0.0001245737075805664
chr17:41209107:G>T	-0.7387816905975342	-0.7403758764266968	-0.0015941858291625977
chr17:41209107:G>C	-0.7387816905975342	-0.7404657006263733	-0.0016840100288391113
chr17:41209107:G>A	-0.7387816905975342	-0.7454827427864075	-0.006701052188873291
chr17:41209106:T>G	-0.7385163307189941	-0.739905059337616	-0.0013887286186218262
chr17:41209106:T>C	-0.7385163307189941	-0.7400144934654236	-0.0014981627464294434
chr17:41209106:T>A	-0.7385163307189941	-0.7398254871368408	-0.0013091564178466797
chr17:41209105:T>G	-0.7384714484214783	-0.7399422526359558	-0.001470804214477539
chr17:41209105:T>C	-0.7384714484214783	-0.7389103770256042	-0.00043892860412597656
chr17:41209105:T>A	-0.7384714484214783	-0.7400261163711548	-0.0015546679496765137
chr17:41209104:C>T	-0.7384941577911377	-0.7405759692192078	-0.0020818114280700684
chr17:41209104:C>G	-0.7384941577911377	-0.74223792552948	-0.003743767738342285
chr17:41209104:C>A	-0.7384941577911377	-0.7424918413162231	-0.003997683525085449
chr17:41209103:C>T	-0.7384985685348511	-0.7418345808982849	-0.003336012363433838
chr17:41209103:C>G	-0.7384985685348511	-0.7402496933937073	-0.0017511248588562012
chr17:41209103:C>A	-0.7384985685348511	-0.7416521906852722	-0.0031536221504211426
chr17:41209102:A>T	-0.7383853197097778	-0.7386796474456787	-0.0002943277359008789
chr17:41209102:A>G	-0.7383853197097778	-0.7385088205337524	-0.00012350082397460938
chr17:41209102:A>C	-0.7383853197097778	-0.7387591004371643	-0.0003737807273864746
chr17:41209101:G>T	-0.7380872368812561	-0.7398544549942017	-0.0017672181129455566
chr17:41209101:G>C	-0.7380872368812561	-0.739723265171051	-0.0016360282897949219
chr17:41209101:G>A	-0.7380872368812561	-0.739841639995575	-0.0017544031143188477
chr17:41209100:G>T	-0.7380633354187012	-0.7400267720222473	-0.0019634366035461426
chr17:41209100:G>C	-0.7380633354187012	-0.7406283020973206	-0.0025649666786193848
chr17:41209100:G>A	-0.7380633354187012	-0.7409095168113708	-0.0028461813926696777
chr17:41209099:T>G	-0.7381405830383301	-0.7383676767349243	-0.00022709369659423828
chr17:41209099:T>C	-0.7381405830383301	-0.7384754419326782	-0.00033485889434814453
chr17:41209099:T>A	-0.7381405830383301	-0.7385963201522827	-0.0004557371139526367
chr17:41209098:T>G	-0.7380692958831787	-0.7400267720222473	-0.0019574761390686035
chr17:41209098:T>C	-0.7380692958831787	-0.7403208017349243	-0.0022515058517456055
chr17:41209098:T>A	-0.7380692958831787	-0.7450481057167053	-0.006978809833526611
chr17:41209097:T>G	-0.7379765510559082	-0.7395663857460022	-0.0015898346900939941
chr17:41209097:T>C	-0.7379765510559082	-0.7387863993644714	-0.0008098483085632324
chr17:41209097:T>A	-0.7379765510559082	-0.7398450970649719	-0.0018685460090637207
chr17:41209096:C>T	-0.7378763556480408	-0.7377792000770569	9.715557098388672e-05
chr17:41209096:C>G	-0.7378763556480408	-0.7397187352180481	-0.0018423795700073242
chr17:41209096:C>A	-0.7378763556480408	-0.7396233677864075	-0.0017470121383666992
chr17:41209095:G>T	-0.7377651333808899	-0.7378392815589905	-7.414817810058594e-05
chr17:41209095:G>C	-0.7377651333808899	-0.7394634485244751	-0.001698315143585205
chr17:41209095:G>A	-0.7377651333808899	-0.7441929578781128	-0.0064278244972229
chr17:41209094:C>T	-0.7377517223358154	-0.7395190596580505	-0.0017673373222351074
chr17:41209094:C>G	-0.7377517223358154	-0.7394264936447144	-0.0016747713088989258
chr17:41209094:C>A	-0.7377517223358154	-0.7396867871284485	-0.0019350647926330566
chr17:41209093:T>G	-0.7376559376716614	-0.7381609678268433	-0.0005050301551818848
chr17:41209093:T>C	-0.7376559376716614	-0.7379840016365051	-0.00032806396484375
chr17:41209093:T>A	-0.7376559376716614	-0.7378320097923279	-0.0001760721206665039
chr17:41209092:C>T	-0.7377657294273376	-0.7377789616584778	-1.3232231140136719e-05
chr17:41209092:C>G	-0.7377657294273376	-0.7389890551567078	-0.0012233257293701172
chr17:41209092:C>A	-0.7377657294273376	-0.7384610772132874	-0.000695347785949707
chr17:41209091:G>T	-0.7375555038452148	-0.7396988272666931	-0.0021433234214782715
chr17:41209091:G>C	-0.7375555038452148	-0.7388903498649597	-0.001334846019744873
chr17:41209091:G>A	-0.7375555038452148	-0.739062488079071	-0.0015069842338562012
chr17:41209090:T>G	-0.7374778985977173	-0.7375349998474121	-5.710124969482422e-05
chr17:41209090:T>C	-0.7374778985977173	-0.7379342317581177	-0.0004563331604003906
chr17:41209090:T>A	-0.7374778985977173	-0.7379120588302612	-0.0004341602325439453
chr17:41209089:T>G	-0.7375290393829346	-0.7379434108734131	-0.0004143714904785156
chr17:41209089:T>C	-0.7375290393829346	-0.7386165261268616	-0.001087486743927002
chr17:41209089:T>A	-0.7375290393829346	-0.7443726062774658	-0.00684356689453125
chr17:41209088:C>T	-0.7374013662338257	-0.7378444075584412	-0.0004430413246154785
chr17:41209088:C>G	-0.7374013662338257	-0.7388928532600403	-0.0014914870262145996
chr17:41209088:C>A	-0.7374013662338257	-0.7389319539070129	-0.0015305876731872559
chr17:41209087:T>G	-0.7371672987937927	-0.7385119199752808	-0.0013446211814880371
chr17:41209087:T>C	-0.7371672987937927	-0.7379290461540222	-0.0007617473602294922
chr17:41209087:T>A	-0.7371672987937927	-0.7378652095794678	-0.0006979107856750488
chr17:41209086:C>T	-0.7371402382850647	-0.7384821176528931	-0.0013418793678283691
chr17:41209086:C>G	-0.7371402382850647	-0.7384507656097412	-0.0013105273246765137
chr17:41209086:C>A	-0.7371402382850647	-0.74407559633255	-0.0069353580474853516
chr17:41209085:T>G	-0.7372104525566101	-0.7381412386894226	-0.0009307861328125
chr17:41209085:T>C	-0.7372104525566101	-0.7377800345420837	-0.0005695819854736328
chr17:41209085:T>A	-0.7372104525566101	-0.7384856939315796	-0.0012752413749694824
chr17:41209084:T>G	-0.7370942831039429	-0.7371193170547485	-2.5033950805664062e-05
chr17:41209084:T>C	-0.7370942831039429	-0.7374515533447266	-0.0003572702407836914
chr17:41209084:T>A	-0.7370942831039429	-0.7374411225318909	-0.00034683942794799805
chr17:41209083:A>T	-0.7368981242179871	-0.7379024624824524	-0.001004338264465332
chr17:41209083:A>G	-0.7368981242179871	-0.7378183007240295	-0.0009201765060424805
chr17:41209083:A>C	-0.7368981242179871	-0.737625777721405	-0.0007276535034179688
chr17:41209082:G>T	-0.736671507358551	-0.7382340431213379	-0.0015625357627868652
chr17:41209082:G>C	-0.736671507358551	-0.737702488899231	-0.0010309815406799316
chr17:41209082:G>A	-0.736671507358551	-0.7380813360214233	-0.0014098286628723145
chr17:41209081:G>T	-0.7362847924232483	-0.7373511791229248	-0.0010663866996765137
chr17:41209081:G>C	-0.7362847924232483	-0.7374328374862671	-0.0011480450630187988
chr17:41209081:G>A	-0.7362847924232483	-0.7366296052932739	-0.00034481287002563477
chr17:41209080:G>T	-0.7361568212509155	-0.7368536591529846	-0.0006968379020690918
chr17:41209080:G>C	-0.7361568212509155	-0.7378222346305847	-0.0016654133796691895
chr17:41209080:G>A	-0.7361568212509155	-0.7431082129478455	-0.006951391696929932
chr17:41209079:T>G	-0.7360216975212097	-0.7368733286857605	-0.0008516311645507812
chr17:41209079:T>C	-0.7360216975212097	-0.7364874482154846	-0.00046575069427490234
chr17:41209079:T>A	-0.7360216975212097	-0.7367704510688782	-0.000748753547668457
chr17:41209078:C>T	-0.7359614968299866	-0.7362476587295532	-0.0002861618995666504
chr17:41209078:C>G	-0.7359614968299866	-0.7360741496086121	-0.00011265277862548828
chr17:41209078:C>A	-0.7359614968299866	-0.7358735203742981	8.797645568847656e-05
chr17:41209077:C>T	-0.7358047366142273	-0.7360270619392395	-0.00022232532501220703
chr17:41209077:C>G	-0.7358047366142273	-0.7365420460700989	-0.000737309455871582
chr17:41209077:C>A	-0.7358047366142273	-0.7375457286834717	-0.0017409920692443848
chr17:41209076:T>G	-0.7356923222541809	-0.737015426158905	-0.001323103904724121
chr17:41209076:T>C	-0.7356923222541809	-0.7364426255226135	-0.0007503032684326172
chr17:41209076:T>A	-0.7356923222541809	-0.7377300262451172	-0.0020377039909362793
chr17:41209075:G>T	-0.7358894944190979	-0.7366074919700623	-0.0007179975509643555
chr17:41209075:G>C	-0.7358894944190979	-0.7365569472312927	-0.0006674528121948242
chr17:41209075:G>A	-0.7358894944190979	-0.7362152338027954	-0.00032573938369750977
chr17:41209074:T>G	-0.7359833717346191	-0.7364171743392944	-0.00043380260467529297
chr17:41209074:T>C	-0.7359833717346191	-0.7367668151855469	-0.0007834434509277344
chr17:41209074:T>A	-0.7359833717346191	-0.742061972618103	-0.006078600883483887
chr17:41209073:C>T	-0.7359753251075745	-0.7365365028381348	-0.0005611777305603027
chr17:41209073:C>G	-0.7359753251075745	-0.7368763089179993	-0.0009009838104248047
chr17:41209073:C>A	-0.7359753251075745	-0.7366258502006531	-0.0006505250930786133
chr17:41209072:T>G	-0.7351602911949158	-0.7362322211265564	-0.001071929931640625
chr17:41209072:T>C	-0.7351602911949158	-0.7353161573410034	-0.00015586614608764648
chr17:41209072:T>A	-0.7351602911949158	-0.7363477945327759	-0.0011875033378601074
chr17:41209071:T>G	-0.7352893352508545	-0.7354816198348999	-0.00019228458404541016
chr17:41209071:T>C	-0.7352893352508545	-0.7362077832221985	-0.0009184479713439941
chr17:41209071:T>A	-0.7352893352508545	-0.7368981838226318	-0.0016088485717773438
chr17:41209070:T>G	-0.7351959943771362	-0.736078679561615	-0.0008826851844787598
chr17:41209070:T>C	-0.7351959943771362	-0.7363172173500061	-0.001121222972869873
chr17:41209070:T>A	-0.7351959943771362	-0.7361415028572083	-0.0009455084800720215
chr17:41209069:C>T	-0.7353649735450745	-0.7364926338195801	-0.0011276602745056152
chr17:41209069:C>G	-0.7353649735450745	-0.7370424866676331	-0.0016775131225585938
chr17:41209069:C>A	-0.7353649735450745	-0.7367077469825745	-0.0013427734375
chr17:41209068:C>T	-0.7352508306503296	-0.7409430146217346	-0.005692183971405029
chr17:41209068:C>G	-0.7352508306503296	-0.7422212362289429	-0.006970405578613281
chr17:41209068:C>A	-0.7352508306503296	-0.7421099543571472	-0.006859123706817627
chr17:41209067:A>T	-0.7348602414131165	-0.7414246797561646	-0.006564438343048096
chr17:41209067:A>G	-0.7348602414131165	-0.7392523288726807	-0.004392087459564209
chr17:41209067:A>C	-0.7348602414131165	-0.7416458129882812	-0.006785571575164795
chr17:41209066:T>G	-0.7345839142799377	-0.7368377447128296	-0.0022538304328918457
chr17:41209066:T>C	-0.7345839142799377	-0.7351948022842407	-0.0006108880043029785
chr17:41209066:T>A	-0.7345839142799377	-0.7364795207977295	-0.001895606517791748
chr17:41209065:T>G	-0.7342860102653503	-0.7346619367599487	-0.00037592649459838867
chr17:41209065:T>C	-0.7342860102653503	-0.7349950671195984	-0.0007090568542480469
chr17:41209065:T>A	-0.7342860102653503	-0.7349134683609009	-0.0006274580955505371
chr17:41209064:T>G	-0.7339991927146912	-0.7342312335968018	-0.0002320408821105957
chr17:41209064:T>C	-0.7339991927146912	-0.7340604662895203	-6.127357482910156e-05
chr17:41209064:T>A	-0.7339991927146912	-0.7340821623802185	-8.296966552734375e-05
chr17:41209063:C>T	-0.7340235710144043	-0.7341189980506897	-9.542703628540039e-05
chr17:41209063:C>G	-0.7340235710144043	-0.7340384125709534	-1.4841556549072266e-05
chr17:41209063:C>A	-0.7340235710144043	-0.7343369722366333	-0.0003134012222290039
chr17:41209062:G>T	-0.7338079810142517	-0.7337814569473267	2.6524066925048828e-05
chr17:41209062:G>C	-0.7338079810142517	-0.7338730692863464	-6.508827209472656e-05
chr17:41209062:G>A	-0.7338079810142517	-0.7339698672294617	-0.00016188621520996094
chr17:41209061:A>T	-0.7337945103645325	-0.7339306473731995	-0.0001361370086669922
chr17:41209061:A>G	-0.7337945103645325	-0.7337822914123535	1.2218952178955078e-05
chr17:41209061:A>C	-0.7337945103645325	-0.7341215014457703	-0.00032699108123779297
chr17:41209060:G>T	-0.7333551645278931	-0.7336405515670776	-0.0002853870391845703
chr17:41209060:G>C	-0.7333551645278931	-0.7334114909172058	-5.632638931274414e-05
chr17:41209060:G>A	-0.7333551645278931	-0.7332819700241089	7.319450378417969e-05
chr17:41209059:G>C	-0.7332233190536499	-0.7336764931678772	-0.0004531741142272949
chr17:41209059:G>A	-0.7332233190536499	-0.7331849932670593	3.832578659057617e-05
chr17:41203156:G>T	-0.8824818730354309	-0.8826038241386414	-0.00012195110321044922
chr17:41203156:G>C	-0.8824818730354309	-0.8826117515563965	-0.00012987852096557617
chr17:41203156:G>A	-0.8824818730354309	-0.8823927044868469	8.916854858398438e-05
chr17:41203155:A>T	-0.8816444873809814	-0.882079005241394	-0.00043451786041259766
chr17:41203155:A>G	-0.8816444873809814	-0.8817310929298401	-8.660554885864258e-05
chr17:41203155:A>C	-0.8816444873809814	-0.8821708559989929	-0.0005263686180114746
chr17:41203154:G>T	-0.881986141204834	-0.8821553587913513	-0.00016921758651733398
chr17:41203154:G>C	-0.881986141204834	-0.8822665810585022	-0.0002804398536682129
chr17:41203154:G>A	-0.881986141204834	-0.8819466829299927	3.9458274841308594e-05
chr17:41203153:A>T	-0.8818984031677246	-0.881859302520752	3.910064697265625e-05
chr17:41203153:A>G	-0.8818984031677246	-0.8818577527999878	4.0650367736816406e-05
chr17:41203153:A>C	-0.8818984031677246	-0.8821229934692383	-0.00022459030151367188
chr17:41203152:G>T	-0.8820513486862183	-0.8821821212768555	-0.00013077259063720703
chr17:41203152:G>C	-0.8820513486862183	-0.8822334408760071	-0.00018209218978881836
chr17:41203152:G>A	-0.8820513486862183	-0.8822011351585388	-0.00014978647232055664
chr17:41203151:A>T	-0.8820967078208923	-0.8821684718132019	-7.176399230957031e-05
chr17:41203151:A>G	-0.8820967078208923	-0.882121741771698	-2.5033950805664062e-05
chr17:41203151:A>C	-0.8820967078208923	-0.882303774356842	-0.00020706653594970703
chr17:41203150:A>T	-0.8821280002593994	-0.8821900486946106	-6.204843521118164e-05
chr17:41203150:A>G	-0.8821280002593994	-0.8819990158081055	0.0001289844512939453
chr17:41203150:A>C	-0.8821280002593994	-0.8823108077049255	-0.00018280744552612305
chr17:41203149:G>T	-0.8817591667175293	-0.8819820880889893	-0.00022292137145996094
chr17:41203149:G>C	-0.8817591667175293	-0.8819199204444885	-0.00016075372695922852
chr17:41203149:G>A	-0.8817591667175293	-0.881597638130188	0.0001615285873413086
chr17:41203148:G>T	-0.881580650806427	-0.8819226026535034	-0.000341951847076416
chr17:41203148:G>C	-0.881580650806427	-0.8819736242294312	-0.0003929734230041504
chr17:41203148:G>A	-0.881580650806427	-0.8815516233444214	2.9027462005615234e-05
chr17:41203147:A>T	-0.8816003203392029	-0.8817344307899475	-0.0001341104507446289
chr17:41203147:A>G	-0.8816003203392029	-0.8817309141159058	-0.00013059377670288086
chr17:41203147:A>C	-0.8816003203392029	-0.882035493850708	-0.00043517351150512695
chr17:41203146:G>T	-0.8813040852546692	-0.8818768858909607	-0.0005728006362915039
chr17:41203146:G>C	-0.8813040852546692	-0.8818252086639404	-0.0005211234092712402
chr17:41203146:G>A	-0.8813040852546692	-0.8816061615943909	-0.0003020763397216797
chr17:41203145:A>T	-0.8814954161643982	-0.881650447845459	-0.00015503168106079102
chr17:41203145:A>G	-0.8814954161643982	-0.8815929889678955	-9.757280349731445e-05
chr17:41203145:A>C	-0.8814954161643982	-0.8820110559463501	-0.0005156397819519043
chr17:41203144:G>T	-0.8814066648483276	-0.8817867040634155	-0.0003800392150878906
chr17:41203144:G>C	-0.8814066648483276	-0.8817704916000366	-0.0003638267517089844
chr17:41203144:G>A	-0.8814066648483276	-0.8814628720283508	-5.620718002319336e-05
chr17:41203143:A>T	-0.8817471265792847	-0.8820496797561646	-0.0003025531768798828
chr17:41203143:A>G	-0.8817471265792847	-0.8818965554237366	-0.0001494288444519043
chr17:41203143:A>C	-0.8817471265792847	-0.8823501467704773	-0.000603020191192627
chr17:41203142:A>T	-0.881784200668335	-0.8819972276687622	-0.0002130270004272461
chr17:41203142:A>G	-0.881784200668335	-0.881715714931488	6.848573684692383e-05
chr17:41203142:A>C	-0.881784200668335	-0.8818281888961792	-4.398822784423828e-05
chr17:41203141:G>T	-0.8821108937263489	-0.8827493190765381	-0.000638425350189209
chr17:41203141:G>C	-0.8821108937263489	-0.8826985955238342	-0.0005877017974853516
chr17:41203141:G>A	-0.8821108937263489	-0.8821970820426941	-8.618831634521484e-05
chr17:41203140:A>T	-0.8823968768119812	-0.8827833533287048	-0.0003864765167236328
chr17:41203140:A>G	-0.8823968768119812	-0.8823805451393127	1.633167266845703e-05
chr17:41203140:A>C	-0.8823968768119812	-0.8829667568206787	-0.0005698800086975098
chr17:41203139:A>T	-0.8823915719985962	-0.8824716210365295	-8.004903793334961e-05
chr17:41203139:A>G	-0.8823915719985962	-0.8820686340332031	0.0003229379653930664
chr17:41203139:A>C	-0.8823915719985962	-0.8821836113929749	0.0002079606056213379
chr17:41203138:G>T	-0.8822986483573914	-0.882548451423645	-0.0002498030662536621
chr17:41203138:G>C	-0.8822986483573914	-0.882427990436554	-0.00012934207916259766
chr17:41203138:G>A	-0.8822986483573914	-0.8824853897094727	-0.00018674135208129883
chr17:41203137:G>T	-0.8823718428611755	-0.8830586075782776	-0.0006867647171020508
chr17:41203137:G>C	-0.8823718428611755	-0.8834006786346436	-0.0010288357734680176
chr17:41203137:G>A	-0.8823718428611755	-0.8827484846115112	-0.00037664175033569336
chr17:41203136:T>G	-0.882591962814331	-0.8836090564727783	-0.0010170936584472656
chr17:41203136:T>C	-0.882591962814331	-0.8833116292953491	-0.0007196664810180664
chr17:41203136:T>A	-0.882591962814331	-0.8836139440536499	-0.0010219812393188477
chr17:41203135:C>T	-0.8825480341911316	-0.8830722570419312	-0.0005242228507995605
chr17:41203135:C>G	-0.8825480341911316	-0.8832626938819885	-0.0007146596908569336
chr17:41203135:C>A	-0.8825480341911316	-0.8836995959281921	-0.0011515617370605469
chr17:41203134:T>G	-0.8825581669807434	-0.8829457759857178	-0.00038760900497436523
chr17:41203134:T>C	-0.8825581669807434	-0.8829354047775269	-0.00037723779678344727
chr17:41203134:T>A	-0.8825581669807434	-0.8833773732185364	-0.0008192062377929688
chr17:41203133:A>T	-0.882570743560791	-0.8831931352615356	-0.0006223917007446289
chr17:41203133:A>G	-0.882570743560791	-0.8829914331436157	-0.00042068958282470703
chr17:41203133:A>C	-0.882570743560791	-0.8831889033317566	-0.0006181597709655762
chr17:41203132:G>T	-0.8824763894081116	-0.883172333240509	-0.0006959438323974609
chr17:41203132:G>C	-0.8824763894081116	-0.8829922676086426	-0.0005158782005310059
chr17:41203132:G>A	-0.8824763894081116	-0.8827258348464966	-0.00024944543838500977
chr17:41203131:A>T	-0.8823409676551819	-0.8834742307662964	-0.001133263111114502
chr17:41203131:A>G	-0.8823409676551819	-0.882912278175354	-0.0005713105201721191
chr17:41203131:A>C	-0.8823409676551819	-0.8834183812141418	-0.001077413558959961
chr17:41203130:A>T	-0.8819313645362854	-0.8826133608818054	-0.0006819963455200195
chr17:41203130:A>G	-0.8819313645362854	-0.8822876811027527	-0.00035631656646728516
chr17:41203130:A>C	-0.8819313645362854	-0.8835538625717163	-0.0016224980354309082
chr17:41203129:G>T	-0.8818678259849548	-0.8823030591011047	-0.00043523311614990234
chr17:41203129:G>C	-0.8818678259849548	-0.882381021976471	-0.0005131959915161133
chr17:41203129:G>A	-0.8818678259849548	-0.8819626569747925	-9.483098983764648e-05
chr17:41203128:T>G	-0.8816906809806824	-0.882138192653656	-0.0004475116729736328
chr17:41203128:T>C	-0.8816906809806824	-0.8823860287666321	-0.000695347785949707
chr17:41203128:T>A	-0.8816906809806824	-0.8827108144760132	-0.0010201334953308105
chr17:41203127:C>T	-0.8817141056060791	-0.8817386627197266	-2.4557113647460938e-05
chr17:41203127:C>G	-0.8817141056060791	-0.8824192881584167	-0.0007051825523376465
chr17:41203127:C>A	-0.8817141056060791	-0.8826134204864502	-0.0008993148803710938
chr17:41203126:C>T	-0.8823868632316589	-0.8824694752693176	-8.26120376586914e-05
chr17:41203126:C>G	-0.8823868632316589	-0.8829737901687622	-0.0005869269371032715
chr17:41203126:C>A	-0.8823868632316589	-0.882705569267273	-0.00031870603561401367
chr17:41203125:C>G	-0.882310688495636	-0.8836044669151306	-0.001293778419494629
chr17:41203124:C>G	-0.8822395205497742	-0.8833887577056885	-0.0011492371559143066
chr17:41203124:C>A	-0.8822395205497742	-0.8836051225662231	-0.0013656020164489746
chr17:41203122:G>T	-0.8823075890541077	-0.8825051784515381	-0.00019758939743041992
chr17:41203122:G>C	-0.8823075890541077	-0.882226824760437	8.07642936706543e-05
chr17:41203121:A>T	-0.8821396827697754	-0.8842760324478149	-0.0021363496780395508
chr17:41203121:A>G	-0.8821396827697754	-0.8840756416320801	-0.0019359588623046875
chr17:41203120:T>G	-0.8818359375	-0.8824852108955383	-0.0006492733955383301
chr17:41203120:T>C	-0.8818359375	-0.8820258378982544	-0.00018990039825439453
chr17:41203120:T>A	-0.8818359375	-0.8823500275611877	-0.0005140900611877441
chr17:41203119:C>T	-0.8818554282188416	-0.8835117220878601	-0.0016562938690185547
chr17:41203119:C>G	-0.8818554282188416	-0.8830411434173584	-0.0011857151985168457
chr17:41203119:C>A	-0.8818554282188416	-0.8846385478973389	-0.0027831196784973145
chr17:41203118:T>G	-0.8815189003944397	-0.8837386965751648	-0.0022197961807250977
chr17:41203118:T>C	-0.8815189003944397	-0.8837632536888123	-0.0022443532943725586
chr17:41203118:T>A	-0.8815189003944397	-0.883931040763855	-0.002412140369415283
chr17:41203117:T>G	-0.8817057609558105	-0.882917046546936	-0.0012112855911254883
chr17:41203117:T>C	-0.8817057609558105	-0.881841242313385	-0.0001354813575744629
chr17:41203117:T>A	-0.8817057609558105	-0.8828767538070679	-0.0011709928512573242
chr17:41203116:T>G	-0.8815468549728394	-0.8831798434257507	-0.001632988452911377
chr17:41203116:T>C	-0.8815468549728394	-0.8820382356643677	-0.0004913806915283203
chr17:41203116:T>A	-0.8815468549728394	-0.8841730952262878	-0.0026262402534484863
chr17:41203115:A>T	-0.8812463283538818	-0.8847748637199402	-0.0035285353660583496
chr17:41203115:A>G	-0.8812463283538818	-0.8841596245765686	-0.0029132962226867676
chr17:41203115:A>C	-0.8812463283538818	-0.8851693272590637	-0.003922998905181885
chr17:41203114:G>T	-0.8819011449813843	-0.8824002146720886	-0.0004990696907043457
chr17:41203114:G>C	-0.8819011449813843	-0.8827146291732788	-0.0008134841918945312
chr17:41203114:G>A	-0.8819011449813843	-0.8821395039558411	-0.0002383589744567871
chr17:41203113:A>T	-0.8818975687026978	-0.8837496042251587	-0.0018520355224609375
chr17:41203113:A>G	-0.8818975687026978	-0.8836792707443237	-0.0017817020416259766
chr17:41203113:A>C	-0.8818975687026978	-0.8850811123847961	-0.0031835436820983887
chr17:41203112:C>T	-0.8814598917961121	-0.883717954158783	-0.0022580623626708984
chr17:41203112:C>G	-0.8814598917961121	-0.8832179307937622	-0.0017580389976501465
chr17:41203112:C>A	-0.8814598917961121	-0.8846133947372437	-0.003153502941131592
chr17:41203111:A>T	-0.8811566233634949	-0.8828673362731934	-0.0017107129096984863
chr17:41203111:A>G	-0.8811566233634949	-0.881345808506012	-0.00018918514251708984
chr17:41203111:A>C	-0.8811566233634949	-0.8842155337333679	-0.003058910369873047
chr17:41203110:A>T	-0.8809940218925476	-0.8835686445236206	-0.002574622631072998
chr17:41203110:A>G	-0.8809940218925476	-0.8841496109962463	-0.0031555891036987305
chr17:41203110:A>C	-0.8809940218925476	-0.8849884867668152	-0.003994464874267578
chr17:41203109:C>T	-0.8810304403305054	-0.8839737176895142	-0.002943277359008789
chr17:41203109:C>G	-0.8810304403305054	-0.8833226561546326	-0.0022922158241271973
chr17:41203109:C>A	-0.8810304403305054	-0.8837395906448364	-0.0027091503143310547
chr17:41203108:G>T	-0.8810456991195679	-0.8835051655769348	-0.0024594664573669434
chr17:41203108:G>C	-0.8810456991195679	-0.8841089606285095	-0.0030632615089416504
chr17:41203108:G>A	-0.8810456991195679	-0.8814401030540466	-0.00039440393447875977
chr17:41203107:A>T	-0.8808891177177429	-0.8839849829673767	-0.003095865249633789
chr17:41203107:A>C	-0.8808891177177429	-0.8850134611129761	-0.004124343395233154
chr17:41203106:T>G	-0.8807690143585205	-0.8835892081260681	-0.0028201937675476074
chr17:41203106:T>C	-0.8807690143585205	-0.882825493812561	-0.0020564794540405273
chr17:41203106:T>A	-0.8807690143585205	-0.8821128010749817	-0.0013437867164611816
chr17:41203105:A>T	-0.8806381821632385	-0.885969340801239	-0.005331158638000488
chr17:41203105:A>G	-0.8806381821632385	-0.8810012936592102	-0.0003631114959716797
chr17:41203105:A>C	-0.8806381821632385	-0.8859825134277344	-0.00534433126449585
chr17:41203104:C>T	-0.8807095289230347	-0.885189414024353	-0.004479885101318359
chr17:41203104:C>G	-0.8807095289230347	-0.8856434226036072	-0.00493389368057251
chr17:41203104:C>A	-0.8807095289230347	-0.8869908452033997	-0.00628131628036499
chr17:41203103:C>T	-0.880852460861206	-0.8851022124290466	-0.004249751567840576
chr17:41203103:C>G	-0.880852460861206	-0.8843926787376404	-0.003540217876434326
chr17:41203103:C>A	-0.880852460861206	-0.8858686089515686	-0.005016148090362549
chr17:41203102:C>T	-0.8807532787322998	-0.8812904953956604	-0.0005372166633605957
chr17:41203102:C>G	-0.8807532787322998	-0.8814960718154907	-0.000742793083190918
chr17:41203102:C>A	-0.8807532787322998	-0.8812310099601746	-0.00047773122787475586
chr17:41203101:G>T	-0.8807858228683472	-0.884589433670044	-0.0038036108016967773
chr17:41203101:G>C	-0.8807858228683472	-0.8842793107032776	-0.00349348783493042
chr17:41203101:G>A	-0.8807858228683472	-0.883849024772644	-0.003063201904296875
chr17:41203100:G>T	-0.8809399604797363	-0.8859854340553284	-0.005045473575592041
chr17:41203100:G>C	-0.8809399604797363	-0.8861398696899414	-0.005199909210205078
chr17:41203100:G>A	-0.8809399604797363	-0.8859396576881409	-0.004999697208404541
chr17:41203099:G>T	-0.8809212446212769	-0.8813885450363159	-0.0004673004150390625
chr17:41203099:G>C	-0.8809212446212769	-0.8815476298332214	-0.0006263852119445801
chr17:41203099:G>A	-0.8809212446212769	-0.8808309435844421	9.03010368347168e-05
chr17:41203098:A>T	-0.8809652924537659	-0.8838565349578857	-0.002891242504119873
chr17:41203098:A>G	-0.8809652924537659	-0.8832231163978577	-0.002257823944091797
chr17:41203098:A>C	-0.8809652924537659	-0.8845466375350952	-0.0035813450813293457
chr17:41203097:A>T	-0.8807992935180664	-0.8821293711662292	-0.0013300776481628418
chr17:41203097:A>G	-0.8807992935180664	-0.8854592442512512	-0.0046599507331848145
chr17:41203097:A>C	-0.8807992935180664	-0.8853610157966614	-0.004561722278594971
chr17:41203096:G>T	-0.8805872797966003	-0.8832350373268127	-0.0026477575302124023
chr17:41203096:G>A	-0.8805872797966003	-0.8807426691055298	-0.00015538930892944336
chr17:41203095:T>G	-0.8803487420082092	-0.8829734921455383	-0.0026247501373291016
chr17:41203095:T>C	-0.8803487420082092	-0.8811724185943604	-0.000823676586151123
chr17:41203095:T>A	-0.8803487420082092	-0.8812942504882812	-0.0009455084800720215
chr17:41203094:G>T	-0.8804519772529602	-0.8816156387329102	-0.0011636614799499512
chr17:41203094:G>C	-0.8804519772529602	-0.8815802335739136	-0.0011282563209533691
chr17:41203094:G>A	-0.8804519772529602	-0.8816887736320496	-0.0012367963790893555
chr17:41203093:G>T	-0.8804672360420227	-0.8812735080718994	-0.000806272029876709
chr17:41203093:G>C	-0.8804672360420227	-0.8812462687492371	-0.0007790327072143555
chr17:41203093:G>A	-0.8804672360420227	-0.8807992935180664	-0.00033205747604370117
chr17:41203092:T>G	-0.8806273937225342	-0.8813303112983704	-0.0007029175758361816
chr17:41203092:T>C	-0.8806273937225342	-0.8816089630126953	-0.0009815692901611328
chr17:41203092:T>A	-0.8806273937225342	-0.883243978023529	-0.002616584300994873
chr17:41203091:T>G	-0.880593478679657	-0.8829877376556396	-0.002394258975982666
chr17:41203091:T>C	-0.880593478679657	-0.881530225276947	-0.0009367465972900391
chr17:41203091:T>A	-0.880593478679657	-0.8847978711128235	-0.004204392433166504
chr17:41203090:G>T	-0.8808647990226746	-0.8819353580474854	-0.001070559024810791
chr17:41203090:G>C	-0.8808647990226746	-0.8821081519126892	-0.0012433528900146484
chr17:41203090:G>A	-0.8808647990226746	-0.8805877566337585	0.0002770423889160156
chr17:41203089:T>G	-0.880479097366333	-0.8816541433334351	-0.0011750459671020508
chr17:41203089:T>C	-0.880479097366333	-0.8812257647514343	-0.0007466673851013184
chr17:41203089:T>A	-0.880479097366333	-0.8816781044006348	-0.0011990070343017578
chr17:41203088:A>T	-0.8805575966835022	-0.8830562829971313	-0.0024986863136291504
chr17:41203088:A>G	-0.8805575966835022	-0.8816826939582825	-0.0011250972747802734
chr17:41203088:A>C	-0.8805575966835022	-0.8829190731048584	-0.002361476421356201
chr17:41203087:C>T	-0.8805414438247681	-0.8811940550804138	-0.000652611255645752
chr17:41203087:C>G	-0.8805414438247681	-0.8814663887023926	-0.0009249448776245117
chr17:41203087:C>A	-0.8805414438247681	-0.8815892934799194	-0.0010478496551513672
chr17:41203086:G>T	-0.880791425704956	-0.8828014135360718	-0.0020099878311157227
chr17:41203086:G>C	-0.880791425704956	-0.8827903270721436	-0.0019989013671875
chr17:41203086:G>A	-0.880791425704956	-0.8822639584541321	-0.0014725327491760254
chr17:41203085:G>T	-0.8806784749031067	-0.8829240798950195	-0.002245604991912842
chr17:41203085:G>C	-0.8806784749031067	-0.8822467923164368	-0.0015683174133300781
chr17:41203085:G>A	-0.8806784749031067	-0.8834391236305237	-0.002760648727416992
chr17:41203084:G>T	-0.8807452917098999	-0.8812429308891296	-0.0004976391792297363
chr17:41203084:G>C	-0.8807452917098999	-0.8815568089485168	-0.0008115172386169434
chr17:41203084:G>A	-0.8807452917098999	-0.8808597922325134	-0.00011450052261352539
chr17:41203083:T>G	-0.8806331157684326	-0.8816207647323608	-0.0009876489639282227
chr17:41203083:T>C	-0.8806331157684326	-0.8813480734825134	-0.0007149577140808105
chr17:41203083:T>A	-0.8806331157684326	-0.8816512823104858	-0.0010181665420532227
chr17:41203082:G>T	-0.8807245492935181	-0.8816869258880615	-0.000962376594543457
chr17:41203082:G>C	-0.8807245492935181	-0.8814260363578796	-0.0007014870643615723
chr17:41203082:G>A	-0.8807245492935181	-0.8806436657905579	8.088350296020508e-05
chr17:41203081:T>G	-0.8807770609855652	-0.8811513781547546	-0.0003743171691894531
chr17:41203081:T>C	-0.8807770609855652	-0.8811327815055847	-0.00035572052001953125
chr17:41203081:T>A	-0.8807770609855652	-0.8812740445137024	-0.000496983528137207
chr17:41203080:C>T	-0.8804636597633362	-0.8819186091423035	-0.0014549493789672852
chr17:41203080:C>A	-0.8804636597633362	-0.8826432228088379	-0.002179563045501709
chr17:41203079:C>T	-0.880509078502655	-0.887496829032898	-0.00698775053024292
chr17:41203079:C>G	-0.880509078502655	-0.8891255855560303	-0.008616507053375244
chr17:41203079:C>A	-0.880509078502655	-0.8887187242507935	-0.008209645748138428
chr17:41203078:A>T	-0.8805796504020691	-0.8890307545661926	-0.008451104164123535
chr17:41203078:A>G	-0.8805796504020691	-0.8866723775863647	-0.006092727184295654
chr17:41203078:A>C	-0.8805796504020691	-0.889160692691803	-0.008581042289733887
chr17:41203077:T>G	-0.8807357549667358	-0.8811193704605103	-0.00038361549377441406
chr17:41203077:T>C	-0.8807357549667358	-0.8808032274246216	-6.747245788574219e-05
chr17:41203077:T>A	-0.8807357549667358	-0.8816490173339844	-0.0009132623672485352
chr17:41203076:T>G	-0.8806681036949158	-0.881127655506134	-0.0004595518112182617
chr17:41203076:T>C	-0.8806681036949158	-0.8806683421134949	-2.384185791015625e-07
chr17:41203076:T>A	-0.8806681036949158	-0.8808243870735168	-0.00015628337860107422
chr17:41203075:C>T	-0.8805214762687683	-0.8807733058929443	-0.0002518296241760254
chr17:41203075:C>G	-0.8805214762687683	-0.8807580471038818	-0.0002365708351135254
chr17:41203075:C>A	-0.8805214762687683	-0.8809291124343872	-0.0004076361656188965
chr17:41203074:T>G	-0.8804023861885071	-0.8808252215385437	-0.0004228353500366211
chr17:41203074:T>C	-0.8804023861885071	-0.8805140852928162	-0.00011169910430908203
chr17:41203074:T>A	-0.8804023861885071	-0.8806295990943909	-0.00022721290588378906
chr17:41203073:C>T	-0.8801413178443909	-0.8805190324783325	-0.0003777146339416504
chr17:41203073:C>G	-0.8801413178443909	-0.8805068731307983	-0.0003655552864074707
chr17:41203073:C>A	-0.8801413178443909	-0.8807684183120728	-0.0006271004676818848
chr17:41203072:G>T	-0.8802154660224915	-0.8802179098129272	-2.4437904357910156e-06
chr17:41203072:G>C	-0.8802154660224915	-0.8801490664482117	6.639957427978516e-05
chr17:41203072:G>A	-0.8802154660224915	-0.8802929520606995	-7.748603820800781e-05
chr17:41203071:G>T	-0.8799408078193665	-0.8801872134208679	-0.00024640560150146484
chr17:41203071:G>C	-0.8799408078193665	-0.8804471492767334	-0.0005063414573669434
chr17:41203071:G>A	-0.8799408078193665	-0.8799758553504944	-3.504753112792969e-05
chr17:41203070:A>T	-0.8799643516540527	-0.8802016377449036	-0.00023728609085083008
chr17:41203070:A>G	-0.8799643516540527	-0.8800987601280212	-0.00013440847396850586
chr17:41203070:A>C	-0.8799643516540527	-0.8802651762962341	-0.0003008246421813965
chr17:41203069:C>T	-0.8801649212837219	-0.8801013231277466	6.35981559753418e-05
chr17:41203069:C>G	-0.8801649212837219	-0.8804542422294617	-0.0002893209457397461
chr17:41203069:C>A	-0.8801649212837219	-0.8801413774490356	2.3543834686279297e-05
chr17:41203068:C>T	-0.8801712393760681	-0.8803772330284119	-0.00020599365234375
chr17:41203068:C>A	-0.8801712393760681	-0.8803008198738098	-0.00012958049774169922
chr17:41203067:C>T	-0.8798810243606567	-0.8799529075622559	-7.18832015991211e-05
chr17:41203067:C>G	-0.8798810243606567	-0.8801614046096802	-0.0002803802490234375
chr17:41203066:T>G	-0.8797948956489563	-0.8800843954086304	-0.00028949975967407227
chr17:41203066:T>C	-0.8797948956489563	-0.8796330094337463	0.00016188621520996094
chr17:41203066:T>A	-0.8797948956489563	-0.8798385858535767	-4.369020462036133e-05
chr17:41203065:C>T	-0.8798248767852783	-0.8798269033432007	-2.0265579223632812e-06
chr17:41203065:C>G	-0.8798248767852783	-0.879911482334137	-8.660554885864258e-05
chr17:41203065:C>A	-0.8798248767852783	-0.8798871040344238	-6.222724914550781e-05
chr17:41203064:T>G	-0.8795711994171143	-0.8795358538627625	3.534555435180664e-05
chr17:41203064:T>C	-0.8795711994171143	-0.8794242739677429	0.0001469254493713379
chr17:41203064:T>A	-0.8795711994171143	-0.879840075969696	-0.0002688765525817871
chr17:41203063:T>G	-0.8794897198677063	-0.8797800540924072	-0.00029033422470092773
chr17:41203063:T>C	-0.8794897198677063	-0.8795490264892578	-5.930662155151367e-05
chr17:41203063:T>A	-0.8794897198677063	-0.8797393441200256	-0.00024962425231933594
chr17:41203062:G>T	-0.8794884085655212	-0.8795368671417236	-4.845857620239258e-05
chr17:41203062:G>C	-0.8794884085655212	-0.8794550895690918	3.331899642944336e-05
chr17:41203062:G>A	-0.8794884085655212	-0.8794488310813904	3.9577484130859375e-05
chr17:41203061:G>T	-0.8797993063926697	-0.8797173500061035	8.195638656616211e-05
chr17:41203061:G>C	-0.8797993063926697	-0.879909336566925	-0.0001100301742553711
chr17:41203061:G>A	-0.8797993063926697	-0.8797223567962646	7.69495964050293e-05
chr17:41203060:G>T	-0.8796162009239197	-0.8795772790908813	3.892183303833008e-05
chr17:41203060:G>C	-0.8796162009239197	-0.8797824382781982	-0.00016623735427856445
chr17:41203060:G>A	-0.8796162009239197	-0.8797104358673096	-9.423494338989258e-05
chr17:41203059:G>T	-0.8794949650764465	-0.8794956803321838	-7.152557373046875e-07
chr17:41203059:G>C	-0.8794949650764465	-0.879950761795044	-0.0004557967185974121
chr17:41203059:G>A	-0.8794949650764465	-0.8796589374542236	-0.0001639723777770996
chr17:41203058:T>G	-0.8794883489608765	-0.879645049571991	-0.00015670061111450195
chr17:41203058:T>C	-0.8794883489608765	-0.87968909740448	-0.00020074844360351562
chr17:41203058:T>A	-0.8794883489608765	-0.8794348239898682	5.352497100830078e-05
chr17:41203057:C>T	-0.8791183829307556	-0.8793044686317444	-0.00018608570098876953
chr17:41203057:C>G	-0.8791183829307556	-0.8791876435279846	-6.92605972290039e-05
chr17:41203057:C>A	-0.8791183829307556	-0.879336416721344	-0.0002180337905883789
chr17:41201224:T>G	-0.9008368849754333	-0.9008546471595764	-1.7762184143066406e-05
chr17:41201224:T>C	-0.9008368849754333	-0.9008954167366028	-5.8531761169433594e-05
chr17:41201224:T>A	-0.9008368849754333	-0.9009189009666443	-8.20159912109375e-05
chr17:41201223:A>T	-0.9007692933082581	-0.9013832211494446	-0.0006139278411865234
chr17:41201223:A>G	-0.9007692933082581	-0.9011531472206116	-0.0003838539123535156
chr17:41201223:A>C	-0.9007692933082581	-0.9018742442131042	-0.0011049509048461914
chr17:41201222:C>T	-0.9008929133415222	-0.9008156657218933	7.724761962890625e-05
chr17:41201222:C>G	-0.9008929133415222	-0.9011374711990356	-0.00024455785751342773
chr17:41201222:C>A	-0.9008929133415222	-0.9010142683982849	-0.00012135505676269531
chr17:41201221:A>T	-0.9008497595787048	-0.9010340571403503	-0.0001842975616455078
chr17:41201221:A>G	-0.9008497595787048	-0.9008557796478271	-6.020069122314453e-06
chr17:41201221:A>C	-0.9008497595787048	-0.9012420773506165	-0.0003923177719116211
chr17:41201220:G>T	-0.900861382484436	-0.9009626507759094	-0.00010126829147338867
chr17:41201220:G>C	-0.900861382484436	-0.9010917544364929	-0.00023037195205688477
chr17:41201220:G>A	-0.900861382484436	-0.9007884860038757	7.289648056030273e-05
chr17:41201219:G>T	-0.9008335471153259	-0.901041567325592	-0.00020802021026611328
chr17:41201219:G>C	-0.9008335471153259	-0.9012361764907837	-0.00040262937545776367
chr17:41201219:G>A	-0.9008335471153259	-0.9009780883789062	-0.00014454126358032227
chr17:41201218:T>G	-0.9006357789039612	-0.900719940662384	-8.416175842285156e-05
chr17:41201218:T>C	-0.9006357789039612	-0.900801420211792	-0.00016564130783081055
chr17:41201218:T>A	-0.9006357789039612	-0.900762677192688	-0.00012689828872680664
chr17:41201217:A>T	-0.900534451007843	-0.8998424410820007	0.0006920099258422852
chr17:41201217:A>G	-0.900534451007843	-0.9005840420722961	-4.9591064453125e-05
chr17:41201217:A>C	-0.900534451007843	-0.9020592570304871	-0.001524806022644043
chr17:41201216:A>T	-0.9006965160369873	-0.9011439085006714	-0.00044739246368408203
chr17:41201216:A>G	-0.9006965160369873	-0.9008626341819763	-0.00016611814498901367
chr17:41201216:A>C	-0.9006965160369873	-0.9008320569992065	-0.00013554096221923828
chr17:41201215:A>T	-0.9006398916244507	-0.9012344479560852	-0.0005945563316345215
chr17:41201215:A>G	-0.9006398916244507	-0.9011362791061401	-0.0004963874816894531
chr17:41201215:A>C	-0.9006398916244507	-0.9011834859848022	-0.0005435943603515625
chr17:41201214:A>T	-0.9008806347846985	-0.9016478657722473	-0.0007672309875488281
chr17:41201214:A>G	-0.9008806347846985	-0.9011210203170776	-0.0002403855323791504
chr17:41201214:A>C	-0.9008806347846985	-0.9034908413887024	-0.0026102066040039062
chr17:41201213:T>G	-0.9009153246879578	-0.9041904211044312	-0.0032750964164733887
chr17:41201213:T>C	-0.9009153246879578	-0.9039551615715027	-0.003039836883544922
chr17:41201213:T>A	-0.9009153246879578	-0.9048947691917419	-0.00397944450378418
chr17:41201212:C>T	-0.9009122252464294	-0.9048874974250793	-0.003975272178649902
chr17:41201212:C>G	-0.9009122252464294	-0.9052990674972534	-0.004386842250823975
chr17:41201212:C>A	-0.9009122252464294	-0.9057329297065735	-0.004820704460144043
chr17:41201211:T>G	-0.9007827639579773	-0.9015874862670898	-0.0008047223091125488
chr17:41201211:T>C	-0.9007827639579773	-0.9014279842376709	-0.0006452202796936035
chr17:41201211:T>A	-0.9007827639579773	-0.9016439914703369	-0.0008612275123596191
chr17:41201210:A>T	-0.9008035659790039	-0.9011181592941284	-0.0003145933151245117
chr17:41201210:A>G	-0.9008035659790039	-0.9009758830070496	-0.0001723170280456543
chr17:41201210:A>C	-0.9008035659790039	-0.9012652635574341	-0.0004616975784301758
chr17:41201209:G>T	-0.9006959795951843	-0.901552140712738	-0.0008561611175537109
chr17:41201209:G>C	-0.9006959795951843	-0.9016721248626709	-0.0009761452674865723
chr17:41201209:G>A	-0.9006959795951843	-0.9020485281944275	-0.001352548599243164
chr17:41201208:T>G	-0.9007914662361145	-0.90273517370224	-0.0019437074661254883
chr17:41201208:T>C	-0.9007914662361145	-0.9021923542022705	-0.0014008879661560059
chr17:41201208:T>A	-0.9007914662361145	-0.9044269919395447	-0.0036355257034301758
chr17:41201207:T>G	-0.9007603526115417	-0.9018394351005554	-0.0010790824890136719
chr17:41201207:T>C	-0.9007603526115417	-0.900905191898346	-0.00014483928680419922
chr17:41201207:T>A	-0.9007603526115417	-0.9017218947410583	-0.0009615421295166016
chr17:41201206:G>C	-0.9007825255393982	-0.9019850492477417	-0.0012025237083435059
chr17:41201205:A>G	-0.9007849097251892	-0.9042195677757263	-0.0034346580505371094
chr17:41201205:A>C	-0.9007849097251892	-0.9052990674972534	-0.004514157772064209
chr17:41201203:C>T	-0.9007909893989563	-0.9022669792175293	-0.001475989818572998
chr17:41201203:C>G	-0.9007909893989563	-0.9021347165107727	-0.0013437271118164062
chr17:41201203:C>A	-0.9007909893989563	-0.9068748950958252	-0.0060839056968688965
chr17:41201202:T>G	-0.9007046818733215	-0.9021958112716675	-0.0014911293983459473
chr17:41201202:T>A	-0.9007046818733215	-0.9024838209152222	-0.0017791390419006348
chr17:41201201:T>G	-0.9006632566452026	-0.9016388058662415	-0.0009755492210388184
chr17:41201201:T>C	-0.9006632566452026	-0.9006096720695496	5.358457565307617e-05
chr17:41201201:T>A	-0.9006632566452026	-0.9015771746635437	-0.0009139180183410645
chr17:41201200:A>T	-0.9007114768028259	-0.903748631477356	-0.0030371546745300293
chr17:41201200:A>G	-0.9007114768028259	-0.9038770794868469	-0.003165602684020996
chr17:41201200:A>C	-0.9007114768028259	-0.9057043194770813	-0.004992842674255371
chr17:41201199:C>T	-0.9005500674247742	-0.9039837121963501	-0.0034336447715759277
chr17:41201199:C>G	-0.9005500674247742	-0.9038016200065613	-0.0032515525817871094
chr17:41201199:C>A	-0.9005500674247742	-0.9042789936065674	-0.003728926181793213
chr17:41201198:C>T	-0.9006779193878174	-0.903601348400116	-0.002923429012298584
chr17:41201198:C>G	-0.9006779193878174	-0.9035533666610718	-0.0028754472732543945
chr17:41201198:C>A	-0.9006779193878174	-0.9037080407142639	-0.003030121326446533
chr17:41201197:T>G	-0.9005241394042969	-0.9011033177375793	-0.0005791783332824707
chr17:41201197:T>C	-0.9005241394042969	-0.901240885257721	-0.0007167458534240723
chr17:41201197:T>A	-0.9005241394042969	-0.9007686972618103	-0.00024455785751342773
chr17:41201196:A>T	-0.9007441401481628	-0.9049068689346313	-0.004162728786468506
chr17:41201196:A>G	-0.9007441401481628	-0.9021477103233337	-0.0014035701751708984
chr17:41201196:A>C	-0.9007441401481628	-0.9057764410972595	-0.00503230094909668
chr17:41201195:C>T	-0.9006608128547668	-0.9012539982795715	-0.0005931854248046875
chr17:41201195:C>G	-0.9006608128547668	-0.9018307328224182	-0.0011699199676513672
chr17:41201195:C>A	-0.9006608128547668	-0.9019366502761841	-0.0012758374214172363
chr17:41201194:C>T	-0.9005852937698364	-0.9010314345359802	-0.00044614076614379883
chr17:41201194:C>G	-0.9005852937698364	-0.9013607501983643	-0.000775456428527832
chr17:41201194:C>A	-0.9005852937698364	-0.9017235636711121	-0.0011382699012756348
chr17:41201193:A>T	-0.9004113078117371	-0.9057202935218811	-0.005308985710144043
chr17:41201193:A>G	-0.9004113078117371	-0.902279257774353	-0.0018679499626159668
chr17:41201193:A>C	-0.9004113078117371	-0.9059473872184753	-0.005536079406738281
chr17:41201192:T>G	-0.9002990126609802	-0.9009071588516235	-0.0006081461906433105
chr17:41201192:T>C	-0.9002990126609802	-0.9003536701202393	-5.46574592590332e-05
chr17:41201192:T>A	-0.9002990126609802	-0.9007686972618103	-0.0004696846008300781
chr17:41201191:G>T	-0.9002333283424377	-0.901025652885437	-0.0007923245429992676
chr17:41201191:G>C	-0.9002333283424377	-0.9009511470794678	-0.0007178187370300293
chr17:41201191:G>A	-0.9002333283424377	-0.9035256505012512	-0.0032923221588134766
chr17:41201190:T>G	-0.9000796675682068	-0.9069032669067383	-0.006823599338531494
chr17:41201190:T>C	-0.9000796675682068	-0.9011043906211853	-0.0010247230529785156
chr17:41201190:T>A	-0.9000796675682068	-0.9037954211235046	-0.0037157535552978516
chr17:41201189:C>T	-0.8999131321907043	-0.9002588987350464	-0.000345766544342041
chr17:41201189:C>G	-0.8999131321907043	-0.9005556106567383	-0.0006424784660339355
chr17:41201189:C>A	-0.8999131321907043	-0.9004446268081665	-0.0005314946174621582
chr17:41201188:G>T	-0.899701714515686	-0.900511622428894	-0.0008099079132080078
chr17:41201188:G>C	-0.899701714515686	-0.9005118608474731	-0.0008101463317871094
chr17:41201188:G>A	-0.899701714515686	-0.8999599814414978	-0.0002582669258117676
chr17:41201187:A>T	-0.8995214700698853	-0.9030932784080505	-0.003571808338165283
chr17:41201187:A>G	-0.8995214700698853	-0.9040414690971375	-0.004519999027252197
chr17:41201187:A>C	-0.8995214700698853	-0.9032232761383057	-0.00370180606842041
chr17:41201186:C>T	-0.8993726968765259	-0.8994836211204529	-0.00011092424392700195
chr17:41201186:C>G	-0.8993726968765259	-0.8994342088699341	-6.151199340820312e-05
chr17:41201186:C>A	-0.8993726968765259	-0.899400532245636	-2.7835369110107422e-05
chr17:41201185:A>T	-0.8992301225662231	-0.9015223979949951	-0.0022922754287719727
chr17:41201185:A>G	-0.8992301225662231	-0.9020101428031921	-0.002780020236968994
chr17:41201185:A>C	-0.8992301225662231	-0.903822660446167	-0.004592537879943848
chr17:41201184:C>T	-0.8991203308105469	-0.9019408822059631	-0.0028205513954162598
chr17:41201184:C>G	-0.8991203308105469	-0.901431679725647	-0.0023113489151000977
chr17:41201184:C>A	-0.8991203308105469	-0.9022253155708313	-0.003104984760284424
chr17:41201183:A>T	-0.8989381194114685	-0.9070228338241577	-0.008084714412689209
chr17:41201183:A>G	-0.8989381194114685	-0.8993712067604065	-0.0004330873489379883
chr17:41201183:A>C	-0.8989381194114685	-0.9032595157623291	-0.004321396350860596
chr17:41201182:C>T	-0.8990004062652588	-0.9009391069412231	-0.0019387006759643555
chr17:41201182:C>G	-0.8990004062652588	-0.9025517106056213	-0.003551304340362549
chr17:41201182:C>A	-0.8990004062652588	-0.9012835621833801	-0.002283155918121338
chr17:41201181:C>T	-0.8987113237380981	-0.9011096358299255	-0.0023983120918273926
chr17:41201181:C>G	-0.8987113237380981	-0.9010775089263916	-0.002366185188293457
chr17:41201181:C>A	-0.8987113237380981	-0.9030985236167908	-0.004387199878692627
chr17:41201180:A>T	-0.8983931541442871	-0.8981776833534241	0.0002154707908630371
chr17:41201180:A>G	-0.8983931541442871	-0.898521900177002	-0.00012874603271484375
chr17:41201180:A>C	-0.8983931541442871	-0.8978330492973328	0.0005601048469543457
chr17:41201179:C>T	-0.8982434272766113	-0.8988386988639832	-0.0005952715873718262
chr17:41201179:C>G	-0.8982434272766113	-0.9003984928131104	-0.0021550655364990234
chr17:41201179:C>A	-0.8982434272766113	-0.8989702463150024	-0.0007268190383911133
chr17:41201178:G>T	-0.8983098268508911	-0.9006373882293701	-0.002327561378479004
chr17:41201178:G>C	-0.8983098268508911	-0.8993209600448608	-0.0010111331939697266
chr17:41201178:G>A	-0.8983098268508911	-0.8992277383804321	-0.0009179115295410156
chr17:41201177:A>T	-0.898151159286499	-0.898521900177002	-0.0003707408905029297
chr17:41201177:A>G	-0.898151159286499	-0.8986164331436157	-0.0004652738571166992
chr17:41201177:A>C	-0.898151159286499	-0.8987489342689514	-0.0005977749824523926
chr17:41201176:A>T	-0.8980469107627869	-0.8983242511749268	-0.0002773404121398926
chr17:41201176:A>G	-0.8980469107627869	-0.8990343809127808	-0.0009874701499938965
chr17:41201176:A>C	-0.8980469107627869	-0.8984459042549133	-0.00039899349212646484
chr17:41201175:G>T	-0.8979341387748718	-0.8999927043914795	-0.002058565616607666
chr17:41201175:G>C	-0.8979341387748718	-0.8982515931129456	-0.00031745433807373047
chr17:41201175:G>A	-0.8979341387748718	-0.899884819984436	-0.001950681209564209
chr17:41201174:A>T	-0.8975504040718079	-0.8981609344482422	-0.0006105303764343262
chr17:41201174:A>G	-0.8975504040718079	-0.8977921605110168	-0.00024175643920898438
chr17:41201174:A>C	-0.8975504040718079	-0.898430585861206	-0.0008801817893981934
chr17:41201173:C>T	-0.8975630402565002	-0.9001681804656982	-0.002605140209197998
chr17:41201173:C>G	-0.8975630402565002	-0.8989946246147156	-0.001431584358215332
chr17:41201173:C>A	-0.8975630402565002	-0.8991820812225342	-0.0016190409660339355
chr17:41201172:A>T	-0.897612452507019	-0.9003086686134338	-0.002696216106414795
chr17:41201172:A>G	-0.897612452507019	-0.8983724117279053	-0.0007599592208862305
chr17:41201172:A>C	-0.897612452507019	-0.89961838722229	-0.002005934715270996
chr17:41201171:C>T	-0.8972406387329102	-0.8974871039390564	-0.00024646520614624023
chr17:41201171:C>G	-0.8972406387329102	-0.8979275822639465	-0.000686943531036377
chr17:41201171:C>A	-0.8972406387329102	-0.897750198841095	-0.0005095601081848145
chr17:41201170:C>T	-0.8966699838638306	-0.8979225754737854	-0.001252591609954834
chr17:41201170:C>G	-0.8966699838638306	-0.8974732160568237	-0.0008032321929931641
chr17:41201170:C>A	-0.8966699838638306	-0.8976424336433411	-0.000972449779510498
chr17:41201169:A>T	-0.8967310786247253	-0.8988399505615234	-0.0021088719367980957
chr17:41201169:A>G	-0.8967310786247253	-0.8983430862426758	-0.0016120076179504395
chr17:41201169:A>C	-0.8967310786247253	-0.8992927074432373	-0.002561628818511963
chr17:41201168:C>T	-0.8966341018676758	-0.8965951800346375	3.892183303833008e-05
chr17:41201168:C>G	-0.8966341018676758	-0.8969557881355286	-0.0003216862678527832
chr17:41201168:C>A	-0.8966341018676758	-0.896956741809845	-0.00032263994216918945
chr17:41201167:T>G	-0.8965242505073547	-0.8970836400985718	-0.000559389591217041
chr17:41201167:T>C	-0.8965242505073547	-0.89731764793396	-0.0007933974266052246
chr17:41201167:T>A	-0.8965242505073547	-0.9051642417907715	-0.008639991283416748
chr17:41201166:T>G	-0.8962818384170532	-0.89789879322052	-0.0016169548034667969
chr17:41201166:T>C	-0.8962818384170532	-0.8966404795646667	-0.0003586411476135254
chr17:41201166:T>A	-0.8962818384170532	-0.8996338844299316	-0.003352046012878418
chr17:41201165:C>T	-0.8962544202804565	-0.8966333270072937	-0.0003789067268371582
chr17:41201165:C>G	-0.8962544202804565	-0.897208034992218	-0.0009536147117614746
chr17:41201165:C>A	-0.8962544202804565	-0.8968499302864075	-0.0005955100059509277
chr17:41201164:C>T	-0.8960140347480774	-0.8972567915916443	-0.0012427568435668945
chr17:41201164:C>G	-0.8960140347480774	-0.8973433375358582	-0.0013293027877807617
chr17:41201164:C>A	-0.8960140347480774	-0.9041016101837158	-0.008087575435638428
chr17:41201163:T>G	-0.8961122035980225	-0.8976291418075562	-0.0015169382095336914
chr17:41201163:T>C	-0.8961122035980225	-0.896771252155304	-0.0006590485572814941
chr17:41201163:T>A	-0.8961122035980225	-0.8978669047355652	-0.0017547011375427246
chr17:41201162:C>T	-0.8959981799125671	-0.8958675861358643	0.00013059377670288086
chr17:41201162:C>G	-0.8959981799125671	-0.8963110446929932	-0.0003128647804260254
chr17:41201162:C>A	-0.8959981799125671	-0.8963702917098999	-0.00037211179733276367
chr17:41201161:G>T	-0.895508885383606	-0.8960168957710266	-0.0005080103874206543
chr17:41201161:G>C	-0.895508885383606	-0.8958267569541931	-0.0003178715705871582
chr17:41201161:G>A	-0.895508885383606	-0.8960579037666321	-0.000549018383026123
chr17:41201160:A>T	-0.895480751991272	-0.8957430124282837	-0.00026226043701171875
chr17:41201160:A>G	-0.895480751991272	-0.8944495320320129	0.0010312199592590332
chr17:41201160:A>C	-0.895480751991272	-0.8959383368492126	-0.00045758485794067383
chr17:41201159:A>T	-0.8955287933349609	-0.8957359790802002	-0.0002071857452392578
chr17:41201159:A>G	-0.8955287933349609	-0.8955252170562744	3.5762786865234375e-06
chr17:41201159:A>C	-0.8955287933349609	-0.8955807089805603	-5.1915645599365234e-05
chr17:41201158:A>T	-0.8953957557678223	-0.8959810137748718	-0.0005852580070495605
chr17:41201158:A>G	-0.8953957557678223	-0.8953695297241211	2.6226043701171875e-05
chr17:41201158:A>C	-0.8953957557678223	-0.8961862325668335	-0.0007904767990112305
chr17:41201157:G>T	-0.8950935006141663	-0.8987335562705994	-0.0036400556564331055
chr17:41201157:G>C	-0.8950935006141663	-0.8985751867294312	-0.0034816861152648926
chr17:41201157:G>A	-0.8950935006141663	-0.8970814347267151	-0.001987934112548828
chr17:41201156:T>G	-0.8949533700942993	-0.8952116370201111	-0.0002582669258117676
chr17:41201156:T>C	-0.8949533700942993	-0.8951651453971863	-0.0002117753028869629
chr17:41201156:T>A	-0.8949533700942993	-0.8953395485877991	-0.00038617849349975586
chr17:41201155:A>T	-0.8946447372436523	-0.8954771757125854	-0.0008324384689331055
chr17:41201155:A>G	-0.8946447372436523	-0.8950260877609253	-0.0003813505172729492
chr17:41201155:A>C	-0.8946447372436523	-0.8952840566635132	-0.0006393194198608398
chr17:41201154:G>T	-0.8944743871688843	-0.897867739200592	-0.0033933520317077637
chr17:41201154:G>C	-0.8944743871688843	-0.8998252749443054	-0.005350887775421143
chr17:41201154:G>A	-0.8944743871688843	-0.8947089910507202	-0.0002346038818359375
chr17:41201153:T>G	-0.8944039940834045	-0.8945989608764648	-0.00019496679306030273
chr17:41201153:T>C	-0.8944039940834045	-0.8946805000305176	-0.0002765059471130371
chr17:41201153:T>A	-0.8944039940834045	-0.8944142460823059	-1.0251998901367188e-05
chr17:41201152:A>T	-0.8943592309951782	-0.8951283693313599	-0.0007691383361816406
chr17:41201152:A>G	-0.8943592309951782	-0.8948874473571777	-0.0005282163619995117
chr17:41201152:A>C	-0.8943592309951782	-0.8947963118553162	-0.00043708086013793945
chr17:41201151:A>T	-0.8944470882415771	-0.8949913382530212	-0.0005442500114440918
chr17:41201151:A>G	-0.8944470882415771	-0.8954933285713196	-0.0010462403297424316
chr17:41201151:A>C	-0.8944470882415771	-0.8955316543579102	-0.0010845661163330078
chr17:41201150:G>T	-0.8943630456924438	-0.8976902961730957	-0.0033272504806518555
chr17:41201150:G>C	-0.8943630456924438	-0.8978683352470398	-0.0035052895545959473
chr17:41201150:G>A	-0.8943630456924438	-0.8944869041442871	-0.00012385845184326172
chr17:41201149:T>G	-0.894210934638977	-0.8951497673988342	-0.0009388327598571777
chr17:41201149:T>C	-0.894210934638977	-0.8947255611419678	-0.0005146265029907227
chr17:41201149:T>A	-0.894210934638977	-0.8946676254272461	-0.00045669078826904297
chr17:41201148:G>T	-0.8940101861953735	-0.8945910334587097	-0.0005808472633361816
chr17:41201148:G>C	-0.8940101861953735	-0.8941847681999207	-0.00017458200454711914
chr17:41201148:G>A	-0.8940101861953735	-0.8953036069869995	-0.0012934207916259766
chr17:41201147:G>T	-0.8942388892173767	-0.8946619033813477	-0.00042301416397094727
chr17:41201147:G>C	-0.8942388892173767	-0.8947182893753052	-0.0004794001579284668
chr17:41201147:G>A	-0.8942388892173767	-0.8943050503730774	-6.61611557006836e-05
chr17:41201146:G>T	-0.8941237330436707	-0.8944042325019836	-0.0002804994583129883
chr17:41201146:G>C	-0.8941237330436707	-0.894460916519165	-0.00033718347549438477
chr17:41201146:G>A	-0.8941237330436707	-0.8947013020515442	-0.0005775690078735352
chr17:41201145:A>T	-0.893993079662323	-0.894385576248169	-0.00039249658584594727
chr17:41201145:A>G	-0.893993079662323	-0.8944926857948303	-0.0004996061325073242
chr17:41201145:A>C	-0.893993079662323	-0.8946700692176819	-0.0006769895553588867
chr17:41201144:A>T	-0.8937211036682129	-0.893863320350647	-0.00014221668243408203
chr17:41201144:A>G	-0.8937211036682129	-0.8942771553993225	-0.0005560517311096191
chr17:41201144:A>C	-0.8937211036682129	-0.8939073085784912	-0.0001862049102783203
chr17:41201143:C>T	-0.8932085633277893	-0.8926860690116882	0.0005224943161010742
chr17:41201143:C>G	-0.8932085633277893	-0.8936399221420288	-0.00043135881423950195
chr17:41201143:C>A	-0.8932085633277893	-0.8941258192062378	-0.0009172558784484863
chr17:41201142:C>T	-0.893297553062439	-0.8932696580886841	2.7894973754882812e-05
chr17:41201142:C>G	-0.893297553062439	-0.8938683867454529	-0.000570833683013916
chr17:41201142:C>A	-0.893297553062439	-0.8936954140663147	-0.0003978610038757324
chr17:41201141:G>T	-0.8930307030677795	-0.8935333490371704	-0.0005026459693908691
chr17:41201141:G>C	-0.8930307030677795	-0.8936624526977539	-0.0006317496299743652
chr17:41201141:G>A	-0.8930307030677795	-0.8933773636817932	-0.0003466606140136719
chr17:41201140:T>G	-0.892953634262085	-0.8929854035377502	-3.17692756652832e-05
chr17:41201140:T>C	-0.892953634262085	-0.8934905529022217	-0.0005369186401367188
chr17:41201140:T>A	-0.892953634262085	-0.8938791155815125	-0.0009254813194274902
chr17:41201139:G>T	-0.8927943706512451	-0.8927725553512573	2.181529998779297e-05
chr17:41201139:G>C	-0.8927943706512451	-0.8926979899406433	9.638071060180664e-05
chr17:41201139:G>A	-0.8927943706512451	-0.8933193683624268	-0.0005249977111816406
chr17:41201138:T>G	-0.892621636390686	-0.8930885791778564	-0.00046694278717041016
chr17:41201138:T>C	-0.892621636390686	-0.8927205204963684	-9.888410568237305e-05
chr17:41201138:T>A	-0.892621636390686	-0.892589271068573	3.236532211303711e-05
chr17:41201137:C>T	-0.8924298286437988	-0.9029211401939392	-0.01049131155014038
chr17:41201137:C>G	-0.8924298286437988	-0.9045917391777039	-0.01216191053390503
chr17:41201137:C>A	-0.8924298286437988	-0.9044924974441528	-0.012062668800354004
chr17:41201136:A>T	-0.8923989534378052	-0.9047093987464905	-0.012310445308685303
chr17:41201136:A>G	-0.8923989534378052	-0.9022547006607056	-0.00985574722290039
chr17:41201136:A>C	-0.8923989534378052	-0.9041043519973755	-0.011705398559570312
chr17:41201135:T>G	-0.8924392461776733	-0.901589035987854	-0.009149789810180664
chr17:41201135:T>C	-0.8924392461776733	-0.8921305537223816	0.00030869245529174805
chr17:41201135:T>A	-0.8924392461776733	-0.9010847806930542	-0.00864553451538086
chr17:41201134:T>G	-0.8922904133796692	-0.8928195238113403	-0.0005291104316711426
chr17:41201134:T>C	-0.8922904133796692	-0.8927762508392334	-0.000485837459564209
chr17:41201134:T>A	-0.8922904133796692	-0.8962874412536621	-0.00399702787399292
chr17:41201133:C>T	-0.8920546770095825	-0.9025749564170837	-0.01052027940750122
chr17:41201133:C>G	-0.8920546770095825	-0.9022650718688965	-0.010210394859313965
chr17:41201133:C>A	-0.8920546770095825	-0.9024235010147095	-0.010368824005126953
chr17:41201132:A>T	-0.892139196395874	-0.8949305415153503	-0.0027913451194763184
chr17:41201132:A>G	-0.892139196395874	-0.893024206161499	-0.000885009765625
chr17:41201132:A>C	-0.892139196395874	-0.895936906337738	-0.0037977099418640137
chr17:41201131:T>G	-0.8919742107391357	-0.8917282223701477	0.0002459883689880371
chr17:41201131:T>C	-0.8919742107391357	-0.8917393088340759	0.00023490190505981445
chr17:41201131:T>A	-0.8919742107391357	-0.8919658660888672	8.344650268554688e-06
chr17:41201130:A>T	-0.8918444514274597	-0.8917760252952576	6.842613220214844e-05
chr17:41201130:A>G	-0.8918444514274597	-0.8916007876396179	0.00024366378784179688
chr17:41201130:A>C	-0.8918444514274597	-0.8917137980461121	0.00013065338134765625
chr17:41201129:A>T	-0.8917814493179321	-0.891578197479248	0.00020325183868408203
chr17:41201129:A>G	-0.8917814493179321	-0.8920890688896179	-0.000307619571685791
chr17:41201129:A>C	-0.8917814493179321	-0.8916161060333252	0.0001653432846069336
chr17:41201128:C>T	-0.8914439678192139	-0.8913978338241577	4.6133995056152344e-05
chr17:41201128:C>G	-0.8914439678192139	-0.8917312026023865	-0.0002872347831726074
chr17:41201127:C>T	-0.8910340666770935	-0.8910526633262634	-1.8596649169921875e-05
chr17:41201127:C>G	-0.8910340666770935	-0.8912618160247803	-0.00022774934768676758
chr17:41201126:C>T	-0.8909972310066223	-0.8910109996795654	-1.3768672943115234e-05
chr17:41201126:C>G	-0.8909972310066223	-0.890927791595459	6.943941116333008e-05
chr17:41201126:C>A	-0.8909972310066223	-0.8909805417060852	1.6689300537109375e-05
chr17:41201125:A>T	-0.8907405138015747	-0.8906444311141968	9.608268737792969e-05
chr17:41201125:A>G	-0.8907405138015747	-0.891010582447052	-0.0002700686454772949
chr17:41201125:A>C	-0.8907405138015747	-0.8907313942909241	9.119510650634766e-06
chr17:41201124:C>T	-0.8905760645866394	-0.890773594379425	-0.00019752979278564453
chr17:41201124:C>G	-0.8905760645866394	-0.8907966613769531	-0.0002205967903137207
chr17:41201124:C>A	-0.8905760645866394	-0.8907098174095154	-0.00013375282287597656
chr17:41201123:G>T	-0.8904179930686951	-0.8904164433479309	1.5497207641601562e-06
chr17:41201123:G>C	-0.8904179930686951	-0.8904587030410767	-4.07099723815918e-05
chr17:41201122:G>T	-0.8904901146888733	-0.8904701471328735	1.996755599975586e-05
chr17:41201122:G>C	-0.8904901146888733	-0.8908190131187439	-0.00032889842987060547
chr17:41201122:G>A	-0.8904901146888733	-0.8903967142105103	9.340047836303711e-05
chr17:41201121:G>T	-0.8901959657669067	-0.8902848362922668	-8.887052536010742e-05
chr17:41201121:G>C	-0.8901959657669067	-0.8905715942382812	-0.0003756284713745117
chr17:41201121:G>A	-0.8901959657669067	-0.8902944326400757	-9.846687316894531e-05
chr17:41201120:A>T	-0.890234649181366	-0.8901008367538452	0.00013381242752075195
chr17:41201120:A>G	-0.890234649181366	-0.8904824256896973	-0.00024777650833129883
chr17:41201120:A>C	-0.890234649181366	-0.890325129032135	-9.047985076904297e-05
chr17:41199734:A>T	-0.9124870896339417	-0.9134482741355896	-0.0009611845016479492
chr17:41199734:A>G	-0.9124870896339417	-0.9126107692718506	-0.00012367963790893555
chr17:41199734:A>C	-0.9124870896339417	-0.9130191206932068	-0.0005320310592651367
chr17:41199733:G>T	-0.9125535488128662	-0.9131481051445007	-0.0005945563316345215
chr17:41199733:G>C	-0.9125535488128662	-0.9131293892860413	-0.0005758404731750488
chr17:41199733:G>A	-0.9125535488128662	-0.9121465086936951	0.0004070401191711426
chr17:41199732:G>T	-0.9127169251441956	-0.9130954146385193	-0.00037848949432373047
chr17:41199732:G>C	-0.9127169251441956	-0.9133038520812988	-0.0005869269371032715
chr17:41199732:G>A	-0.9127169251441956	-0.9124521613121033	0.00026476383209228516
chr17:41199731:A>T	-0.9129010438919067	-0.9157915115356445	-0.002890467643737793
chr17:41199731:A>G	-0.9129010438919067	-0.9130443334579468	-0.00014328956604003906
chr17:41199731:A>C	-0.9129010438919067	-0.9138125777244568	-0.0009115338325500488
chr17:41199730:C>T	-0.9130042791366577	-0.9214579463005066	-0.008453667163848877
chr17:41199730:C>G	-0.9130042791366577	-0.9135916829109192	-0.0005874037742614746
chr17:41199730:C>A	-0.9130042791366577	-0.9131931662559509	-0.0001888871192932129
chr17:41199729:C>T	-0.9130758047103882	-0.9139228463172913	-0.0008470416069030762
chr17:41199729:C>G	-0.9130758047103882	-0.9138814210891724	-0.0008056163787841797
chr17:41199729:C>A	-0.9130758047103882	-0.9133309721946716	-0.00025516748428344727
chr17:41199728:C>T	-0.9132763147354126	-0.914130449295044	-0.0008541345596313477
chr17:41199728:C>G	-0.9132763147354126	-0.9137545228004456	-0.000478208065032959
chr17:41199728:C>A	-0.9132763147354126	-0.913201093673706	7.522106170654297e-05
chr17:41199727:C>T	-0.9135740399360657	-0.9135098457336426	6.41942024230957e-05
chr17:41199727:C>G	-0.9135740399360657	-0.9135914444923401	-1.7404556274414062e-05
chr17:41199727:C>A	-0.9135740399360657	-0.9135028719902039	7.11679458618164e-05
chr17:41199726:T>G	-0.9136925935745239	-0.9136495590209961	4.303455352783203e-05
chr17:41199726:T>C	-0.9136925935745239	-0.913918673992157	-0.00022608041763305664
chr17:41199726:T>A	-0.9136925935745239	-0.9134108424186707	0.0002817511558532715
chr17:41199725:A>T	-0.9140188097953796	-0.9144760966300964	-0.0004572868347167969
chr17:41199725:A>G	-0.9140188097953796	-0.9141126871109009	-9.387731552124023e-05
chr17:41199725:A>C	-0.9140188097953796	-0.9153438806533813	-0.001325070858001709
chr17:41199724:G>T	-0.9139872193336487	-0.9140480756759644	-6.085634231567383e-05
chr17:41199724:G>C	-0.9139872193336487	-0.913794755935669	0.00019246339797973633
chr17:41199724:G>A	-0.9139872193336487	-0.9138293862342834	0.00015783309936523438
chr17:41199723:G>T	-0.9142292737960815	-0.9162610173225403	-0.0020317435264587402
chr17:41199723:G>C	-0.9142292737960815	-0.9180788993835449	-0.003849625587463379
chr17:41199723:G>A	-0.9142292737960815	-0.9141721725463867	5.710124969482422e-05
chr17:41199722:T>G	-0.9145321846008301	-0.9198992252349854	-0.0053670406341552734
chr17:41199722:T>C	-0.9145321846008301	-0.9194543957710266	-0.004922211170196533
chr17:41199722:T>A	-0.9145321846008301	-0.9209796190261841	-0.006447434425354004
chr17:41199721:C>T	-0.9147759079933167	-0.9210968613624573	-0.006320953369140625
chr17:41199721:C>G	-0.9147759079933167	-0.9193016886711121	-0.00452578067779541
chr17:41199721:C>A	-0.9147759079933167	-0.9198828935623169	-0.005106985569000244
chr17:41199720:C>T	-0.9150099158287048	-0.9159272909164429	-0.0009173750877380371
chr17:41199720:C>G	-0.9150099158287048	-0.9167086482048035	-0.0016987323760986328
chr17:41199720:C>A	-0.9150099158287048	-0.9168129563331604	-0.0018030405044555664
chr17:41199719:C>T	-0.9150093793869019	-0.9155376553535461	-0.0005282759666442871
chr17:41199719:C>G	-0.9150093793869019	-0.9168774485588074	-0.0018680691719055176
chr17:41199719:C>A	-0.9150093793869019	-0.9169085025787354	-0.001899123191833496
chr17:41199718:A>T	-0.9149126410484314	-0.9153609871864319	-0.0004483461380004883
chr17:41199718:A>G	-0.9149126410484314	-0.9153047204017639	-0.00039207935333251953
chr17:41199718:A>C	-0.9149126410484314	-0.9155115485191345	-0.000598907470703125
chr17:41199717:C>T	-0.9149864315986633	-0.9150367379188538	-5.030632019042969e-05
chr17:41199717:C>G	-0.9149864315986633	-0.9152019023895264	-0.0002154707908630371
chr17:41199717:C>A	-0.9149864315986633	-0.9150535464286804	-6.711483001708984e-05
chr17:41199716:A>T	-0.9151080846786499	-0.9150511026382446	5.698204040527344e-05
chr17:41199716:A>G	-0.9151080846786499	-0.9141781330108643	0.0009299516677856445
chr17:41199716:A>C	-0.9151080846786499	-0.9157761931419373	-0.0006681084632873535
chr17:41199715:G>T	-0.9153628349304199	-0.9155532717704773	-0.00019043684005737305
chr17:41199715:G>C	-0.9153628349304199	-0.9155434370040894	-0.0001806020736694336
chr17:41199715:G>A	-0.9153628349304199	-0.9151393175125122	0.00022351741790771484
chr17:41199714:G>T	-0.9154055118560791	-0.9156795740127563	-0.0002740621566772461
chr17:41199714:G>C	-0.9154055118560791	-0.9168811440467834	-0.0014756321907043457
chr17:41199714:G>A	-0.9154055118560791	-0.915736198425293	-0.0003306865692138672
chr17:41199713:T>G	-0.9156442284584045	-0.9178545475006104	-0.0022103190422058105
chr17:41199713:T>C	-0.9156442284584045	-0.9153656363487244	0.0002785921096801758
chr17:41199713:T>A	-0.9156442284584045	-0.91678786277771	-0.00114363431930542
chr17:41199712:G>T	-0.915709912776947	-0.9162200689315796	-0.0005101561546325684
chr17:41199712:G>C	-0.915709912776947	-0.9161026477813721	-0.00039273500442504883
chr17:41199712:G>A	-0.915709912776947	-0.9157398343086243	-2.9921531677246094e-05
chr17:41199711:G>T	-0.9156494140625	-0.917190670967102	-0.0015412569046020508
chr17:41199711:G>C	-0.9156494140625	-0.9169787168502808	-0.0013293027877807617
chr17:41199711:G>A	-0.9156494140625	-0.9173864722251892	-0.001737058162689209
chr17:41199710:G>T	-0.915868878364563	-0.9183521866798401	-0.0024833083152770996
chr17:41199710:G>C	-0.915868878364563	-0.9183876514434814	-0.002518773078918457
chr17:41199710:G>A	-0.915868878364563	-0.9174907803535461	-0.0016219019889831543
chr17:41199709:T>G	-0.9160356521606445	-0.9166399836540222	-0.0006043314933776855
chr17:41199709:T>C	-0.9160356521606445	-0.9163956046104431	-0.000359952449798584
chr17:41199709:T>A	-0.9160356521606445	-0.9167054295539856	-0.0006697773933410645
chr17:41199708:T>G	-0.9162967801094055	-0.9177312254905701	-0.0014344453811645508
chr17:41199708:T>C	-0.9162967801094055	-0.9163422584533691	-4.547834396362305e-05
chr17:41199708:T>A	-0.9162967801094055	-0.9194914698600769	-0.0031946897506713867
chr17:41199707:A>T	-0.9161801338195801	-0.9209082126617432	-0.004728078842163086
chr17:41199707:A>G	-0.9161801338195801	-0.9183208346366882	-0.0021407008171081543
chr17:41199707:A>C	-0.9161801338195801	-0.9203596115112305	-0.004179477691650391
chr17:41199706:A>T	-0.9162330627441406	-0.9168517589569092	-0.0006186962127685547
chr17:41199706:A>G	-0.9162330627441406	-0.9162524938583374	-1.9431114196777344e-05
chr17:41199706:A>C	-0.9162330627441406	-0.9177747964859009	-0.001541733741760254
chr17:41199705:C>G	-0.9161186218261719	-0.9180854558944702	-0.00196683406829834
chr17:41199704:A>G	-0.9162766337394714	-0.9186041951179504	-0.002327561378479004
chr17:41199704:A>C	-0.9162766337394714	-0.9220666885375977	-0.005790054798126221
chr17:41199702:C>T	-0.916537344455719	-0.9168143272399902	-0.00027698278427124023
chr17:41199701:A>T	-0.9167103171348572	-0.9216567873954773	-0.004946470260620117
chr17:41199701:A>G	-0.9167103171348572	-0.9186467528343201	-0.0019364356994628906
chr17:41199700:A>T	-0.9169234037399292	-0.9172820448875427	-0.0003586411476135254
chr17:41199700:A>G	-0.9169234037399292	-0.916947603225708	-2.4199485778808594e-05
chr17:41199700:A>C	-0.9169234037399292	-0.9168931245803833	3.0279159545898438e-05
chr17:41199699:C>T	-0.9170690774917603	-0.9180660247802734	-0.0009969472885131836
chr17:41199699:C>G	-0.9170690774917603	-0.9189821481704712	-0.0019130706787109375
chr17:41199699:C>A	-0.9170690774917603	-0.9192999005317688	-0.002230823040008545
chr17:41199698:A>T	-0.9172844290733337	-0.9228568077087402	-0.005572378635406494
chr17:41199698:A>G	-0.9172844290733337	-0.9188631772994995	-0.0015787482261657715
chr17:41199698:A>C	-0.9172844290733337	-0.9255672693252563	-0.008282840251922607
chr17:41199697:C>T	-0.9175459742546082	-0.917843222618103	-0.00029724836349487305
chr17:41199697:C>G	-0.9175459742546082	-0.9181991815567017	-0.0006532073020935059
chr17:41199697:C>A	-0.9175459742546082	-0.9181104898452759	-0.0005645155906677246
chr17:41199696:G>T	-0.9177245497703552	-0.919065535068512	-0.0013409852981567383
chr17:41199696:G>C	-0.9177245497703552	-0.9205011129379272	-0.0027765631675720215
chr17:41199696:G>A	-0.9177245497703552	-0.923548698425293	-0.005824148654937744
chr17:41199695:T>G	-0.9177147746086121	-0.9228995442390442	-0.005184769630432129
chr17:41199695:T>C	-0.9177147746086121	-0.9187067151069641	-0.0009919404983520508
chr17:41199695:T>A	-0.9177147746086121	-0.9235133528709412	-0.0057985782623291016
chr17:41199694:C>T	-0.9178057909011841	-0.918199896812439	-0.0003941059112548828
chr17:41199694:C>G	-0.9178057909011841	-0.9204428791999817	-0.0026370882987976074
chr17:41199694:C>A	-0.9178057909011841	-0.9205572605133057	-0.002751469612121582
chr17:41199693:G>T	-0.9179987907409668	-0.9215514063835144	-0.0035526156425476074
chr17:41199693:G>C	-0.9179987907409668	-0.9223181009292603	-0.004319310188293457
chr17:41199693:G>A	-0.9179987907409668	-0.9203224182128906	-0.002323627471923828
chr17:41199692:G>T	-0.9179940223693848	-0.9240819811820984	-0.006087958812713623
chr17:41199692:G>C	-0.9179940223693848	-0.9241117835044861	-0.006117761135101318
chr17:41199692:G>A	-0.9179940223693848	-0.9251877665519714	-0.00719374418258667
chr17:41199691:T>G	-0.9181883335113525	-0.9185931086540222	-0.00040477514266967773
chr17:41199691:T>C	-0.9181883335113525	-0.9185460209846497	-0.00035768747329711914
chr17:41199691:T>A	-0.9181883335113525	-0.9185988306999207	-0.00041049718856811523
chr17:41199690:C>T	-0.9181641936302185	-0.9191839098930359	-0.0010197162628173828
chr17:41199690:C>G	-0.9181641936302185	-0.9200384616851807	-0.0018742680549621582
chr17:41199690:C>A	-0.9181641936302185	-0.9217970967292786	-0.0036329030990600586
chr17:41199689:T>G	-0.918572187423706	-0.9203557372093201	-0.0017835497856140137
chr17:41199689:T>C	-0.918572187423706	-0.9210770130157471	-0.0025048255920410156
chr17:41199689:T>A	-0.918572187423706	-0.9228649139404297	-0.004292726516723633
chr17:41199688:A>T	-0.9185333847999573	-0.9189883470535278	-0.00045496225357055664
chr17:41199688:A>G	-0.9185333847999573	-0.9186099171638489	-7.653236389160156e-05
chr17:41199688:A>C	-0.9185333847999573	-0.919104814529419	-0.0005714297294616699
chr17:41199687:C>T	-0.9186487197875977	-0.9194077849388123	-0.0007590651512145996
chr17:41199687:C>G	-0.9186487197875977	-0.9202484488487244	-0.001599729061126709
chr17:41199687:C>A	-0.9186487197875977	-0.9195499420166016	-0.0009012222290039062
chr17:41199686:G>T	-0.9188232421875	-0.9199856519699097	-0.001162409782409668
chr17:41199686:G>C	-0.9188232421875	-0.9199806451797485	-0.0011574029922485352
chr17:41199686:G>A	-0.9188232421875	-0.920295774936676	-0.0014725327491760254
chr17:41199685:G>T	-0.9190728068351746	-0.9197903275489807	-0.0007175207138061523
chr17:41199685:G>C	-0.9190728068351746	-0.9196391701698303	-0.0005663633346557617
chr17:41199685:G>A	-0.9190728068351746	-0.9193504452705383	-0.00027763843536376953
chr17:41199684:A>T	-0.9191492795944214	-0.9263707995414734	-0.007221519947052002
chr17:41199684:A>G	-0.9191492795944214	-0.9254187941551208	-0.006269514560699463
chr17:41199684:A>C	-0.9191492795944214	-0.9259752035140991	-0.006825923919677734
chr17:41199683:C>T	-0.9192703366279602	-0.9314188957214355	-0.012148559093475342
chr17:41199683:C>G	-0.9192703366279602	-0.9265302419662476	-0.0072599053382873535
chr17:41199683:C>A	-0.9192703366279602	-0.9252496361732483	-0.005979299545288086
chr17:41199682:C>T	-0.9191685914993286	-0.9316308498382568	-0.012462258338928223
chr17:41199682:C>G	-0.9191685914993286	-0.9238052368164062	-0.004636645317077637
chr17:41199682:C>A	-0.9191685914993286	-0.9239033460617065	-0.00473475456237793
chr17:41199681:T>G	-0.9194366931915283	-0.921900749206543	-0.0024640560150146484
chr17:41199681:T>C	-0.9194366931915283	-0.9200128316879272	-0.0005761384963989258
chr17:41199681:T>A	-0.9194366931915283	-0.9200844168663025	-0.0006477236747741699
chr17:41199680:G>T	-0.9196048974990845	-0.9205673336982727	-0.0009624361991882324
chr17:41199680:G>C	-0.9196048974990845	-0.9206532835960388	-0.0010483860969543457
chr17:41199680:G>A	-0.9196048974990845	-0.9209470748901367	-0.001342177391052246
chr17:41199679:T>G	-0.9196842908859253	-0.9204282164573669	-0.0007439255714416504
chr17:41199679:T>C	-0.9196842908859253	-0.9199267625808716	-0.00024247169494628906
chr17:41199679:T>A	-0.9196842908859253	-0.9201619029045105	-0.0004776120185852051
chr17:41199678:C>T	-0.9198688864707947	-0.9204527139663696	-0.0005838274955749512
chr17:41199678:C>G	-0.9198688864707947	-0.9209119081497192	-0.0010430216789245605
chr17:41199678:C>A	-0.9198688864707947	-0.9323834180831909	-0.01251453161239624
chr17:41199677:T>G	-0.9200742840766907	-0.9212282299995422	-0.0011539459228515625
chr17:41199677:T>C	-0.9200742840766907	-0.9211429953575134	-0.001068711280822754
chr17:41199677:T>A	-0.9200742840766907	-0.9217579364776611	-0.001683652400970459
chr17:41199676:C>T	-0.9200696349143982	-0.9201416969299316	-7.206201553344727e-05
chr17:41199676:C>G	-0.9200696349143982	-0.920488178730011	-0.00041854381561279297
chr17:41199676:C>A	-0.9200696349143982	-0.920378565788269	-0.0003089308738708496
chr17:41199675:C>T	-0.9202398657798767	-0.92094886302948	-0.0007089972496032715
chr17:41199675:C>G	-0.9202398657798767	-0.9214281439781189	-0.0011882781982421875
chr17:41199675:C>A	-0.9202398657798767	-0.9230197072029114	-0.002779841423034668
chr17:41199674:T>G	-0.9200167655944824	-0.9220778942108154	-0.002061128616333008
chr17:41199674:T>C	-0.9200167655944824	-0.9216513633728027	-0.0016345977783203125
chr17:41199674:T>A	-0.9200167655944824	-0.9231874346733093	-0.0031706690788269043
chr17:41199673:G>T	-0.9202136993408203	-0.9208773374557495	-0.0006636381149291992
chr17:41199673:G>C	-0.9202136993408203	-0.9207864999771118	-0.0005728006362915039
chr17:41199673:G>A	-0.9202136993408203	-0.920586884021759	-0.0003731846809387207
chr17:41199672:T>G	-0.9202190637588501	-0.9209614396095276	-0.0007423758506774902
chr17:41199672:T>C	-0.9202190637588501	-0.9209406971931458	-0.0007216334342956543
chr17:41199672:T>A	-0.9202190637588501	-0.9214693903923035	-0.0012503266334533691
chr17:41199671:T>G	-0.9204419255256653	-0.9206732511520386	-0.00023132562637329102
chr17:41199671:T>C	-0.9204419255256653	-0.9200371503829956	0.00040477514266967773
chr17:41199671:T>A	-0.9204419255256653	-0.9218810200691223	-0.0014390945434570312
chr17:41199670:A>T	-0.9204749464988708	-0.9212887287139893	-0.0008137822151184082
chr17:41199670:A>G	-0.9204749464988708	-0.9204859137535095	-1.0967254638671875e-05
chr17:41199670:A>C	-0.9204749464988708	-0.9212967157363892	-0.0008217692375183105
chr17:41199669:C>T	-0.9207652807235718	-0.9216947555541992	-0.0009294748306274414
chr17:41199669:C>G	-0.9207652807235718	-0.9221117496490479	-0.0013464689254760742
chr17:41199669:C>A	-0.9207652807235718	-0.9222046732902527	-0.0014393925666809082
chr17:41199668:C>T	-0.9208075404167175	-0.9214267730712891	-0.0006192326545715332
chr17:41199668:C>G	-0.9208075404167175	-0.9226968884468079	-0.001889348030090332
chr17:41199668:C>A	-0.9208075404167175	-0.9233461022377014	-0.0025385618209838867
chr17:41199667:G>T	-0.9210412502288818	-0.9217220544815063	-0.0006808042526245117
chr17:41199667:G>C	-0.9210412502288818	-0.9216082692146301	-0.000567018985748291
chr17:41199667:G>A	-0.9210412502288818	-0.9212914705276489	-0.00025022029876708984
chr17:41199666:A>T	-0.9211646914482117	-0.9238841533660889	-0.0027194619178771973
chr17:41199666:A>G	-0.9211646914482117	-0.9230735898017883	-0.0019088983535766602
chr17:41199666:A>C	-0.9211646914482117	-0.9239431023597717	-0.0027784109115600586
chr17:41199665:A>T	-0.9211519956588745	-0.9219509959220886	-0.0007990002632141113
chr17:41199665:A>G	-0.9211519956588745	-0.9237291812896729	-0.00257718563079834
chr17:41199665:A>C	-0.9211519956588745	-0.9238855838775635	-0.002733588218688965
chr17:41199664:G>T	-0.9215058088302612	-0.9232748746871948	-0.0017690658569335938
chr17:41199664:G>C	-0.9215058088302612	-0.923363447189331	-0.0018576383590698242
chr17:41199664:G>A	-0.9215058088302612	-0.9218733310699463	-0.0003675222396850586
chr17:41199663:G>T	-0.9215201139450073	-0.9221490621566772	-0.0006289482116699219
chr17:41199663:G>C	-0.9215201139450073	-0.9224661588668823	-0.000946044921875
chr17:41199663:G>A	-0.9215201139450073	-0.9218987822532654	-0.00037866830825805664
chr17:41199662:T>G	-0.9217768907546997	-0.9226280450820923	-0.0008511543273925781
chr17:41199662:T>C	-0.9217768907546997	-0.9223877787590027	-0.0006108880043029785
chr17:41199662:T>A	-0.9217768907546997	-0.9229522347450256	-0.0011753439903259277
chr17:41199661:A>T	-0.9216985702514648	-0.9219759702682495	-0.00027740001678466797
chr17:41199661:A>G	-0.9216985702514648	-0.9218063354492188	-0.00010776519775390625
chr17:41199661:A>C	-0.9216985702514648	-0.9224724173545837	-0.0007738471031188965
chr17:41199660:C>T	-0.9218766689300537	-0.9297972917556763	-0.007920622825622559
chr17:41199660:C>G	-0.9218766689300537	-0.9266090989112854	-0.0047324299812316895
chr17:41199660:C>A	-0.9218766689300537	-0.9319679141044617	-0.010091245174407959
chr17:41199659:C>T	-0.9220649003982544	-0.9312620759010315	-0.0091971755027771
chr17:41199659:C>G	-0.9220649003982544	-0.9347331523895264	-0.012668251991271973
chr17:41199659:C>A	-0.9220649003982544	-0.9337649941444397	-0.011700093746185303
chr17:41199658:A>T	-0.9221434593200684	-0.933265209197998	-0.011121749877929688
chr17:41199658:A>G	-0.9221434593200684	-0.9326111078262329	-0.01046764850616455
chr17:41199657:T>G	-0.9224477410316467	-0.9323388934135437	-0.009891152381896973
chr17:41199657:T>C	-0.9224477410316467	-0.9230695366859436	-0.000621795654296875
chr17:41199657:T>A	-0.9224477410316467	-0.93244469165802	-0.009996950626373291
chr17:41199656:T>G	-0.9226857423782349	-0.923542320728302	-0.0008565783500671387
chr17:41199656:T>C	-0.9226857423782349	-0.9254125952720642	-0.0027268528938293457
chr17:41199656:T>A	-0.9226857423782349	-0.9240140914916992	-0.0013283491134643555
chr17:41199655:C>T	-0.922814667224884	-0.9236802458763123	-0.0008655786514282227
chr17:41199655:C>G	-0.922814667224884	-0.923964262008667	-0.001149594783782959
chr17:41199655:C>A	-0.922814667224884	-0.9239695072174072	-0.0011548399925231934
chr17:41199654:C>T	-0.9230266809463501	-0.9228430986404419	0.00018358230590820312
chr17:41199654:C>G	-0.9230266809463501	-0.922650933265686	0.0003757476806640625
chr17:41199654:C>A	-0.9230266809463501	-0.9227064251899719	0.00032025575637817383
chr17:41199653:A>T	-0.9231307506561279	-0.9229483008384705	0.0001824498176574707
chr17:41199653:A>G	-0.9231307506561279	-0.9234397411346436	-0.000308990478515625
chr17:41199653:A>C	-0.9231307506561279	-0.9228966236114502	0.00023412704467773438
chr17:41199652:C>T	-0.9234312176704407	-0.9236132502555847	-0.00018203258514404297
chr17:41199652:C>G	-0.9234312176704407	-0.9232859015464783	0.00014531612396240234
chr17:41199652:C>A	-0.9234312176704407	-0.9233874678611755	4.374980926513672e-05
chr17:41199651:G>T	-0.9234798550605774	-0.9237080812454224	-0.0002282261848449707
chr17:41199651:G>C	-0.9234798550605774	-0.9235057234764099	-2.586841583251953e-05
chr17:41199650:G>T	-0.9233818650245667	-0.9235002994537354	-0.00011843442916870117
chr17:41199650:G>C	-0.9233818650245667	-0.9239349365234375	-0.0005530714988708496
chr17:41199650:G>A	-0.9233818650245667	-0.9234464764595032	-6.461143493652344e-05
chr17:41199649:A>T	-0.9233961701393127	-0.9234216809272766	-2.5510787963867188e-05
chr17:41199649:A>G	-0.9233961701393127	-0.9236977100372314	-0.00030153989791870117
chr17:41199649:A>C	-0.9233961701393127	-0.9238110780715942	-0.00041490793228149414
chr17:41199648:C>T	-0.923451840877533	-0.9238954782485962	-0.0004436373710632324
chr17:41199648:C>G	-0.923451840877533	-0.9234327077865601	1.913309097290039e-05
chr17:41199648:C>A	-0.923451840877533	-0.9236489534378052	-0.0001971125602722168
chr17:41199647:G>T	-0.9235917925834656	-0.9240479469299316	-0.00045615434646606445
chr17:41199647:G>C	-0.9235917925834656	-0.9236107468605042	-1.895427703857422e-05
chr17:41199647:G>A	-0.9235917925834656	-0.9236892461776733	-9.745359420776367e-05
chr17:41199646:T>G	-0.9238564968109131	-0.9235939979553223	0.0002624988555908203
chr17:41199646:T>C	-0.9238564968109131	-0.92383873462677	1.7762184143066406e-05
chr17:41199646:T>A	-0.9238564968109131	-0.9237298965454102	0.0001266002655029297
chr17:41199645:A>T	-0.9238204956054688	-0.9239796996116638	-0.00015920400619506836
chr17:41199645:A>G	-0.9238204956054688	-0.9239691495895386	-0.00014865398406982422
chr17:41199645:A>C	-0.9238204956054688	-0.9239720106124878	-0.00015151500701904297
chr17:41199644:C>T	-0.9240620136260986	-0.9241739511489868	-0.0001119375228881836
chr17:41199644:C>G	-0.9240620136260986	-0.9240562915802002	5.7220458984375e-06
chr17:41199644:C>A	-0.9240620136260986	-0.9240060448646545	5.59687614440918e-05
chr17:41199643:A>T	-0.9240680932998657	-0.9239364862442017	0.0001316070556640625
chr17:41199643:A>G	-0.9240680932998657	-0.9241034388542175	-3.534555435180664e-05
chr17:41199643:A>C	-0.9240680932998657	-0.9240460991859436	2.199411392211914e-05
chr17:41199642:T>G	-0.924321711063385	-0.9239736795425415	0.00034803152084350586
chr17:41199642:T>C	-0.924321711063385	-0.9240198731422424	0.0003018379211425781
chr17:41199642:T>A	-0.924321711063385	-0.924121618270874	0.00020009279251098633
chr17:41199641:G>T	-0.9244317412376404	-0.9245263338088989	-9.459257125854492e-05
chr17:41199641:G>C	-0.9244317412376404	-0.9243602156639099	7.152557373046875e-05
chr17:41199641:G>A	-0.9244317412376404	-0.9243399500846863	9.179115295410156e-05
chr17:41199640:G>T	-0.924575924873352	-0.9245243668556213	5.155801773071289e-05
chr17:41199640:G>C	-0.924575924873352	-0.924693763256073	-0.00011783838272094727
chr17:41199640:G>A	-0.924575924873352	-0.9245677590370178	8.165836334228516e-06
chr17:41199639:A>T	-0.924627959728241	-0.9248583316802979	-0.00023037195205688477
chr17:41199639:A>G	-0.924627959728241	-0.9250759482383728	-0.00044798851013183594
chr17:41199639:A>C	-0.924627959728241	-0.9250756502151489	-0.000447690486907959
chr17:41199638:C>T	-0.9247184991836548	-0.925030529499054	-0.0003120303153991699
chr17:41199638:C>G	-0.9247184991836548	-0.9249438643455505	-0.00022536516189575195
chr17:41199638:C>A	-0.9247184991836548	-0.9247720241546631	-5.352497100830078e-05
chr17:41199637:A>T	-0.9247992038726807	-0.9246844053268433	0.00011479854583740234
chr17:41199637:A>G	-0.9247992038726807	-0.9251675009727478	-0.00036829710006713867
chr17:41199637:A>C	-0.9247992038726807	-0.924712061882019	8.71419906616211e-05
chr17:41199636:C>T	-0.9250445365905762	-0.9252403378486633	-0.0001958012580871582
chr17:41199636:C>G	-0.9250445365905762	-0.9250791072845459	-3.457069396972656e-05
chr17:41199636:C>A	-0.9250445365905762	-0.9250410795211792	3.4570693969726562e-06
chr17:41199635:G>C	-0.9253382086753845	-0.9250059723854065	0.00033223628997802734
chr17:41199635:G>A	-0.9253382086753845	-0.9249728918075562	0.00036531686782836914
chr17:41197829:G>T	-0.9722586274147034	-0.9726462960243225	-0.0003876686096191406
chr17:41197829:G>C	-0.9722586274147034	-0.9724857807159424	-0.00022715330123901367
chr17:41197829:G>A	-0.9722586274147034	-0.9723373651504517	-7.873773574829102e-05
chr17:41197828:A>T	-0.972086489200592	-0.975695013999939	-0.003608524799346924
chr17:41197828:A>G	-0.972086489200592	-0.9723179340362549	-0.0002314448356628418
chr17:41197828:A>C	-0.972086489200592	-0.9726980328559875	-0.0006115436553955078
chr17:41197827:C>T	-0.9718704223632812	-0.9721706509590149	-0.0003002285957336426
chr17:41197827:C>G	-0.9718704223632812	-0.9721773266792297	-0.00030690431594848633
chr17:41197827:C>A	-0.9718704223632812	-0.9720496535301208	-0.0001792311668395996
chr17:41197826:A>T	-0.9718491435050964	-0.9722834825515747	-0.0004343390464782715
chr17:41197826:A>G	-0.9718491435050964	-0.9721525311470032	-0.0003033876419067383
chr17:41197826:A>C	-0.9718491435050964	-0.9723314642906189	-0.00048232078552246094
chr17:41197825:G>T	-0.9719840288162231	-0.9726264476776123	-0.0006424188613891602
chr17:41197825:G>C	-0.9719840288162231	-0.972452700138092	-0.0004686713218688965
chr17:41197825:G>A	-0.9719840288162231	-0.9722173810005188	-0.0002333521842956543
chr17:41197824:A>T	-0.9718806743621826	-0.9724197387695312	-0.0005390644073486328
chr17:41197824:A>G	-0.9718806743621826	-0.9716995358467102	0.0001811385154724121
chr17:41197824:A>C	-0.9718806743621826	-0.9725861549377441	-0.0007054805755615234
chr17:41197823:G>T	-0.9721197485923767	-0.9725130200386047	-0.00039327144622802734
chr17:41197823:G>C	-0.9721197485923767	-0.9723142385482788	-0.0001944899559020996
chr17:41197823:G>A	-0.9721197485923767	-0.972112774848938	6.973743438720703e-06
chr17:41197822:G>T	-0.9719498753547668	-0.972598135471344	-0.0006482601165771484
chr17:41197822:G>C	-0.9719498753547668	-0.9728248119354248	-0.000874936580657959
chr17:41197822:G>A	-0.9719498753547668	-0.9721533060073853	-0.0002034306526184082
chr17:41197821:T>G	-0.9719619750976562	-0.9768919944763184	-0.004930019378662109
chr17:41197821:T>C	-0.9719619750976562	-0.9747459888458252	-0.0027840137481689453
chr17:41197821:T>A	-0.9719619750976562	-0.9768574237823486	-0.004895448684692383
chr17:41197820:C>T	-0.9712849855422974	-0.9755718111991882	-0.004286825656890869
chr17:41197820:C>G	-0.9712849855422974	-0.9760896563529968	-0.004804670810699463
chr17:41197820:C>A	-0.9712849855422974	-0.9758764505386353	-0.004591464996337891
chr17:41197819:G>T	-0.9708738327026367	-0.9709755182266235	-0.0001016855239868164
chr17:41197819:G>C	-0.9708738327026367	-0.9712468385696411	-0.00037300586700439453
chr17:41197819:G>A	-0.9708738327026367	-0.9716466069221497	-0.0007727742195129395
chr17:41197818:T>G	-0.9705708026885986	-0.9708758592605591	-0.0003050565719604492
chr17:41197818:T>C	-0.9705708026885986	-0.9709359407424927	-0.00036513805389404297
chr17:41197818:T>A	-0.9705708026885986	-0.9709628224372864	-0.00039201974868774414
chr17:41197817:T>G	-0.9707340598106384	-0.9713948369026184	-0.0006607770919799805
chr17:41197817:T>C	-0.9707340598106384	-0.9711196422576904	-0.00038558244705200195
chr17:41197817:T>A	-0.9707340598106384	-0.9713801741600037	-0.0006461143493652344
chr17:41197816:A>T	-0.970702052116394	-0.9714165329933167	-0.0007144808769226074
chr17:41197816:A>G	-0.970702052116394	-0.9711740612983704	-0.00047200918197631836
chr17:41197816:A>C	-0.970702052116394	-0.9715021252632141	-0.0008000731468200684
chr17:41197815:A>T	-0.9707887172698975	-0.9712030291557312	-0.00041431188583374023
chr17:41197815:A>G	-0.9707887172698975	-0.9712123274803162	-0.00042361021041870117
chr17:41197815:A>C	-0.9707887172698975	-0.9713438153266907	-0.0005550980567932129
chr17:41197814:C>T	-0.970703125	-0.9718275666236877	-0.0011244416236877441
chr17:41197814:C>G	-0.970703125	-0.9724438190460205	-0.0017406940460205078
chr17:41197814:C>A	-0.970703125	-0.9729433059692383	-0.0022401809692382812
chr17:41197813:C>T	-0.9706274271011353	-0.9715311527252197	-0.0009037256240844727
chr17:41197813:C>G	-0.9706274271011353	-0.9721981883049011	-0.0015707612037658691
chr17:41197813:C>A	-0.9706274271011353	-0.972949206829071	-0.002321779727935791
chr17:41197812:C>T	-0.9705216884613037	-0.9706729650497437	-0.0001512765884399414
chr17:41197812:C>G	-0.9705216884613037	-0.9712045788764954	-0.0006828904151916504
chr17:41197812:C>A	-0.9705216884613037	-0.9711292386054993	-0.0006075501441955566
chr17:41197811:G>T	-0.9706575870513916	-0.9713675379753113	-0.0007099509239196777
chr17:41197811:G>C	-0.9706575870513916	-0.9711241126060486	-0.0004665255546569824
chr17:41197811:G>A	-0.9706575870513916	-0.9713347554206848	-0.0006771683692932129
chr17:41197810:T>G	-0.9704049229621887	-0.9717518091201782	-0.001346886157989502
chr17:41197810:T>C	-0.9704049229621887	-0.9712727069854736	-0.0008677840232849121
chr17:41197810:T>A	-0.9704049229621887	-0.9716892242431641	-0.0012843012809753418
chr17:41197809:C>T	-0.9698671102523804	-0.9702202081680298	-0.00035309791564941406
chr17:41197809:C>G	-0.9698671102523804	-0.9706758260726929	-0.0008087158203125
chr17:41197809:C>A	-0.9698671102523804	-0.9706221222877502	-0.000755012035369873
chr17:41197808:T>G	-0.9698606133460999	-0.9703552722930908	-0.0004946589469909668
chr17:41197808:T>C	-0.9698606133460999	-0.9704299569129944	-0.0005693435668945312
chr17:41197808:T>A	-0.9698606133460999	-0.9703482389450073	-0.0004876255989074707
chr17:41197807:A>T	-0.9698716998100281	-0.9700271487236023	-0.00015544891357421875
chr17:41197807:A>G	-0.9698716998100281	-0.9702000617980957	-0.00032836198806762695
chr17:41197807:A>C	-0.9698716998100281	-0.9701243042945862	-0.00025260448455810547
chr17:41197806:C>T	-0.9695545434951782	-0.9698572754859924	-0.000302731990814209
chr17:41197806:C>G	-0.9695545434951782	-0.9702141880989075	-0.000659644603729248
chr17:41197806:C>A	-0.9695545434951782	-0.970259964466095	-0.000705420970916748
chr17:41197805:A>T	-0.9696152806282043	-0.9706571698188782	-0.0010418891906738281
chr17:41197805:A>G	-0.9696152806282043	-0.9704958200454712	-0.0008805394172668457
chr17:41197805:A>C	-0.9696152806282043	-0.9709210991859436	-0.0013058185577392578
chr17:41197804:C>T	-0.969531238079071	-0.9700873494148254	-0.0005561113357543945
chr17:41197804:C>G	-0.969531238079071	-0.9704862236976624	-0.0009549856185913086
chr17:41197804:C>A	-0.969531238079071	-0.9706253409385681	-0.0010941028594970703
chr17:41197803:A>T	-0.9696768522262573	-0.9706640839576721	-0.000987231731414795
chr17:41197803:A>G	-0.9696768522262573	-0.9698757529258728	-0.00019890069961547852
chr17:41197803:A>C	-0.9696768522262573	-0.970670759677887	-0.0009939074516296387
chr17:41197802:C>T	-0.9694249629974365	-0.969895601272583	-0.0004706382751464844
chr17:41197802:C>G	-0.9694249629974365	-0.9701588749885559	-0.0007339119911193848
chr17:41197802:C>A	-0.9694249629974365	-0.9703984260559082	-0.0009734630584716797
chr17:41197801:T>G	-0.9695322513580322	-0.9705318212509155	-0.0009995698928833008
chr17:41197801:T>C	-0.9695322513580322	-0.9704418778419495	-0.0009096264839172363
chr17:41197801:T>A	-0.9695322513580322	-0.9705862998962402	-0.0010540485382080078
chr17:41197800:C>T	-0.9695454239845276	-0.969751238822937	-0.00020581483840942383
chr17:41197800:C>G	-0.9695454239845276	-0.970233142375946	-0.000687718391418457
chr17:41197800:C>A	-0.9695454239845276	-0.9699894785881042	-0.00044405460357666016
chr17:41197799:C>T	-0.9694086909294128	-0.9701231122016907	-0.000714421272277832
chr17:41197799:C>G	-0.9694086909294128	-0.9706150889396667	-0.0012063980102539062
chr17:41197799:C>A	-0.9694086909294128	-0.9701570868492126	-0.0007483959197998047
chr17:41197798:G>T	-0.969219982624054	-0.9705699682235718	-0.0013499855995178223
chr17:41197798:G>C	-0.969219982624054	-0.9706168174743652	-0.0013968348503112793
chr17:41197798:G>A	-0.969219982624054	-0.9697788953781128	-0.0005589127540588379
chr17:41197797:T>G	-0.9692392945289612	-0.969880223274231	-0.0006409287452697754
chr17:41197797:T>C	-0.9692392945289612	-0.9697935581207275	-0.0005542635917663574
chr17:41197797:T>A	-0.9692392945289612	-0.9697799682617188	-0.0005406737327575684
chr17:41197796:G>T	-0.9691956043243408	-0.9705767035484314	-0.0013810992240905762
chr17:41197796:G>C	-0.9691956043243408	-0.9709838032722473	-0.0017881989479064941
chr17:41197796:G>A	-0.9691956043243408	-0.9702631831169128	-0.0010675787925720215
chr17:41197795:G>T	-0.9694023728370667	-0.9709373116493225	-0.0015349388122558594
chr17:41197795:G>C	-0.9694023728370667	-0.9710865616798401	-0.0016841888427734375
chr17:41197795:G>A	-0.9694023728370667	-0.970891535282135	-0.0014891624450683594
chr17:41197794:A>T	-0.9693071842193604	-0.9697704315185547	-0.00046324729919433594
chr17:41197794:A>G	-0.9693071842193604	-0.9695742726325989	-0.0002670884132385254
chr17:41197794:A>C	-0.9693071842193604	-0.9698818922042847	-0.0005747079849243164
chr17:41197793:C>G	-0.9692979454994202	-0.9704058766365051	-0.001107931137084961
chr17:41197792:A>G	-0.9693078398704529	-0.9703834056854248	-0.0010755658149719238
chr17:41197792:A>C	-0.9693078398704529	-0.9728814363479614	-0.003573596477508545
chr17:41197790:C>T	-0.9682315587997437	-0.9693427681922913	-0.0011112093925476074
chr17:41197790:C>G	-0.9682315587997437	-0.9698811769485474	-0.001649618148803711
chr17:41197789:A>T	-0.9679810404777527	-0.9723184108734131	-0.0043373703956604
chr17:41197789:A>G	-0.9679810404777527	-0.9697864055633545	-0.0018053650856018066
chr17:41197788:C>T	-0.9679391384124756	-0.9683915972709656	-0.00045245885848999023
chr17:41197788:C>G	-0.9679391384124756	-0.9686496257781982	-0.0007104873657226562
chr17:41197788:C>A	-0.9679391384124756	-0.9686026573181152	-0.0006635189056396484
chr17:41197787:T>G	-0.9680266976356506	-0.9730607867240906	-0.005034089088439941
chr17:41197787:T>C	-0.9680266976356506	-0.9689964056015015	-0.0009697079658508301
chr17:41197787:T>A	-0.9680266976356506	-0.9689967036247253	-0.000970005989074707
chr17:41197786:G>T	-0.9677547812461853	-0.9695034623146057	-0.0017486810684204102
chr17:41197786:G>C	-0.9677547812461853	-0.9690548777580261	-0.0013000965118408203
chr17:41197786:G>A	-0.9677547812461853	-0.9699763059616089	-0.002221524715423584
chr17:41197785:G>T	-0.9674630761146545	-0.9678474068641663	-0.00038433074951171875
chr17:41197785:G>C	-0.9674630761146545	-0.9680896401405334	-0.0006265640258789062
chr17:41197785:G>A	-0.9674630761146545	-0.9677837491035461	-0.00032067298889160156
chr17:41197784:G>T	-0.96769118309021	-0.9681831002235413	-0.0004919171333312988
chr17:41197784:G>C	-0.96769118309021	-0.9725584983825684	-0.0048673152923583984
chr17:41197784:G>A	-0.96769118309021	-0.9684260487556458	-0.000734865665435791
chr17:41197783:C>T	-0.9677432775497437	-0.9684802889823914	-0.0007370114326477051
chr17:41197783:C>G	-0.9677432775497437	-0.972661018371582	-0.004917740821838379
chr17:41197783:C>A	-0.9677432775497437	-0.9722756743431091	-0.0045323967933654785
chr17:41197782:T>G	-0.9676601886749268	-0.9683675765991211	-0.0007073879241943359
chr17:41197782:T>C	-0.9676601886749268	-0.967980682849884	-0.0003204941749572754
chr17:41197782:T>A	-0.9676601886749268	-0.9681735634803772	-0.0005133748054504395
chr17:41197781:C>T	-0.9676094055175781	-0.9699140787124634	-0.002304673194885254
chr17:41197781:C>G	-0.9676094055175781	-0.9696612358093262	-0.002051830291748047
chr17:41197781:C>A	-0.9676094055175781	-0.9711853265762329	-0.003575921058654785
chr17:41197780:T>G	-0.9684627056121826	-0.9717743396759033	-0.003311634063720703
chr17:41197780:T>C	-0.9684627056121826	-0.9719793796539307	-0.003516674041748047
chr17:41197780:T>A	-0.9684627056121826	-0.9752864241600037	-0.006823718547821045
chr17:41197779:C>T	-0.9684057831764221	-0.9685299396514893	-0.00012415647506713867
chr17:41197779:C>G	-0.9684057831764221	-0.9692498445510864	-0.0008440613746643066
chr17:41197779:C>A	-0.9684057831764221	-0.9694226980209351	-0.0010169148445129395
chr17:41197778:A>T	-0.9675654172897339	-0.977572500705719	-0.010007083415985107
chr17:41197778:A>G	-0.9675654172897339	-0.9771987795829773	-0.009633362293243408
chr17:41197778:A>C	-0.9675654172897339	-0.980247974395752	-0.012682557106018066
chr17:41197777:C>T	-0.9677006602287292	-0.9755802154541016	-0.007879555225372314
chr17:41197777:C>G	-0.9677006602287292	-0.9799829125404358	-0.012282252311706543
chr17:41197777:C>A	-0.9677006602287292	-0.979046106338501	-0.011345446109771729
chr17:41197776:C>T	-0.9677523374557495	-0.9704991579055786	-0.0027468204498291016
chr17:41197776:C>G	-0.9677523374557495	-0.9792332649230957	-0.011480927467346191
chr17:41197776:C>A	-0.9677523374557495	-0.9788783192634583	-0.01112598180770874
chr17:41197775:C>T	-0.9676371812820435	-0.9686101675033569	-0.0009729862213134766
chr17:41197775:C>G	-0.9676371812820435	-0.9696927666664124	-0.0020555853843688965
chr17:41197775:C>A	-0.9676371812820435	-0.9696104526519775	-0.001973271369934082
chr17:41197774:A>T	-0.9678008556365967	-0.976817786693573	-0.009016931056976318
chr17:41197774:A>G	-0.9678008556365967	-0.9704996347427368	-0.0026987791061401367
chr17:41197774:A>C	-0.9678008556365967	-0.9779918789863586	-0.010191023349761963
chr17:41197773:C>T	-0.9677020907402039	-0.9677636623382568	-6.157159805297852e-05
chr17:41197773:C>G	-0.9677020907402039	-0.968354344367981	-0.0006522536277770996
chr17:41197773:C>A	-0.9677020907402039	-0.9678537845611572	-0.00015169382095336914
chr17:41197772:A>G	-0.9675617218017578	-0.9675861597061157	-2.4437904357910156e-05
chr17:41197772:A>C	-0.9675617218017578	-0.9687677621841431	-0.001206040382385254
chr17:41197771:A>T	-0.9677003026008606	-0.9713854193687439	-0.0036851167678833008
chr17:41197771:A>G	-0.9677003026008606	-0.9707961082458496	-0.0030958056449890137
chr17:41197770:C>G	-0.9677082300186157	-0.9707158803939819	-0.003007650375366211
chr17:41197770:C>A	-0.9677082300186157	-0.9702035784721375	-0.0024953484535217285
chr17:41197769:C>T	-0.9679941534996033	-0.9690244197845459	-0.001030266284942627
chr17:41197769:C>G	-0.9679941534996033	-0.9712364077568054	-0.0032422542572021484
chr17:41197768:T>G	-0.9679359197616577	-0.9729910492897034	-0.005055129528045654
chr17:41197768:T>C	-0.9679359197616577	-0.9709281921386719	-0.00299227237701416
chr17:41197768:T>A	-0.9679359197616577	-0.9759902358055115	-0.00805431604385376
chr17:41197767:G>T	-0.9686696529388428	-0.9704187512397766	-0.0017490983009338379
chr17:41197767:G>C	-0.9686696529388428	-0.9703742861747742	-0.0017046332359313965
chr17:41197767:G>A	-0.9686696529388428	-0.9689334630966187	-0.0002638101577758789
chr17:41197766:T>G	-0.9682462215423584	-0.9701483845710754	-0.001902163028717041
chr17:41197766:T>C	-0.9682462215423584	-0.9706127047538757	-0.002366483211517334
chr17:41197766:T>A	-0.9682462215423584	-0.9705916047096252	-0.0023453831672668457
chr17:41197765:C>T	-0.9679213166236877	-0.9688407182693481	-0.0009194016456604004
chr17:41197765:C>G	-0.9679213166236877	-0.9702609777450562	-0.002339661121368408
chr17:41197765:C>A	-0.9679213166236877	-0.9754701256752014	-0.007548809051513672
chr17:41197764:A>T	-0.9679479002952576	-0.9698987007141113	-0.0019508004188537598
chr17:41197764:A>G	-0.9679479002952576	-0.9681387543678284	-0.00019085407257080078
chr17:41197764:A>C	-0.9679479002952576	-0.9697644114494324	-0.0018165111541748047
chr17:41197763:C>T	-0.9678322076797485	-0.9678516387939453	-1.9431114196777344e-05
chr17:41197763:C>G	-0.9678322076797485	-0.9692540168762207	-0.001421809196472168
chr17:41197763:C>A	-0.9678322076797485	-0.9689964652061462	-0.001164257526397705
chr17:41197762:A>T	-0.9678217768669128	-0.9761298298835754	-0.008308053016662598
chr17:41197762:A>G	-0.9678217768669128	-0.970310389995575	-0.0024886131286621094
chr17:41197762:A>C	-0.9678217768669128	-0.9765062928199768	-0.008684515953063965
chr17:41197761:T>G	-0.9678895473480225	-0.968381404876709	-0.0004918575286865234
chr17:41197761:T>C	-0.9678895473480225	-0.968034029006958	-0.00014448165893554688
chr17:41197761:T>A	-0.9678895473480225	-0.9684106707572937	-0.0005211234092712402
chr17:41197760:C>T	-0.9677985310554504	-0.9691735506057739	-0.0013750195503234863
chr17:41197760:C>G	-0.9677985310554504	-0.9730021357536316	-0.005203604698181152
chr17:41197760:C>A	-0.9677985310554504	-0.9692841172218323	-0.001485586166381836
chr17:41197759:G>T	-0.9676605463027954	-0.9704556465148926	-0.002795100212097168
chr17:41197759:G>C	-0.9676605463027954	-0.9699358344078064	-0.0022752881050109863
chr17:41197759:G>A	-0.9676605463027954	-0.9691672921180725	-0.0015067458152770996
chr17:41197758:T>G	-0.9678032398223877	-0.9671526551246643	0.0006505846977233887
chr17:41197758:T>C	-0.9678032398223877	-0.9679243564605713	-0.00012111663818359375
chr17:41197758:T>A	-0.9678032398223877	-0.9675710797309875	0.00023216009140014648
chr17:41197757:G>T	-0.9678485989570618	-0.9689217209815979	-0.0010731220245361328
chr17:41197757:G>C	-0.9678485989570618	-0.9691874384880066	-0.0013388395309448242
chr17:41197757:G>A	-0.9678485989570618	-0.9691250920295715	-0.0012764930725097656
chr17:41197756:A>T	-0.967902421951294	-0.9699978232383728	-0.0020954012870788574
chr17:41197756:A>G	-0.967902421951294	-0.9712091088294983	-0.0033066868782043457
chr17:41197756:A>C	-0.967902421951294	-0.9704102277755737	-0.002507805824279785
chr17:41197755:G>T	-0.9676458835601807	-0.9679672718048096	-0.00032138824462890625
chr17:41197755:G>C	-0.9676458835601807	-0.9676777124404907	-3.1828880310058594e-05
chr17:41197755:G>A	-0.9676458835601807	-0.9678130149841309	-0.0001671314239501953
chr17:41197754:A>T	-0.9676010012626648	-0.9737204313278198	-0.006119430065155029
chr17:41197754:A>G	-0.9676010012626648	-0.9709761738777161	-0.0033751726150512695
chr17:41197754:A>C	-0.9676010012626648	-0.9756088256835938	-0.008007824420928955
chr17:41197753:T>G	-0.9676764011383057	-0.9724970459938049	-0.004820644855499268
chr17:41197753:T>C	-0.9676764011383057	-0.9701655507087708	-0.002489149570465088
chr17:41197753:T>A	-0.9676764011383057	-0.9694963097572327	-0.001819908618927002
chr17:41197752:G>T	-0.9678045511245728	-0.9780182242393494	-0.010213673114776611
chr17:41197752:G>C	-0.9678045511245728	-0.9764241576194763	-0.008619606494903564
chr17:41197752:G>A	-0.9678045511245728	-0.9684111475944519	-0.0006065964698791504
chr17:41197751:G>T	-0.9678440690040588	-0.968778669834137	-0.000934600830078125
chr17:41197751:G>C	-0.9678440690040588	-0.9688580632209778	-0.0010139942169189453
chr17:41197751:G>A	-0.9678440690040588	-0.9723585247993469	-0.004514455795288086
chr17:41197750:T>G	-0.9675930142402649	-0.9717201590538025	-0.004127144813537598
chr17:41197750:T>C	-0.9675930142402649	-0.9686712622642517	-0.0010782480239868164
chr17:41197750:T>A	-0.9675930142402649	-0.9755573272705078	-0.00796431303024292
chr17:41197749:C>T	-0.9674702882766724	-0.967759370803833	-0.00028908252716064453
chr17:41197749:C>G	-0.9674702882766724	-0.9686588644981384	-0.0011885762214660645
chr17:41197749:C>A	-0.9674702882766724	-0.968758225440979	-0.0012879371643066406
chr17:41197748:A>T	-0.9675866365432739	-0.9700462222099304	-0.002459585666656494
chr17:41197748:A>G	-0.9675866365432739	-0.9691293835639954	-0.0015427470207214355
chr17:41197748:A>C	-0.9675866365432739	-0.9709200263023376	-0.0033333897590637207
chr17:41197747:C>T	-0.967659056186676	-0.9710538983345032	-0.0033948421478271484
chr17:41197747:C>G	-0.967659056186676	-0.9697526097297668	-0.0020935535430908203
chr17:41197747:C>A	-0.967659056186676	-0.9716880917549133	-0.004029035568237305
chr17:41197746:G>T	-0.967904806137085	-0.9755581617355347	-0.007653355598449707
chr17:41197746:G>C	-0.967904806137085	-0.9719173908233643	-0.004012584686279297
chr17:41197746:G>A	-0.967904806137085	-0.9683168530464172	-0.0004120469093322754
chr17:41197745:G>T	-0.9679089188575745	-0.9688577055931091	-0.000948786735534668
chr17:41197745:G>C	-0.9679089188575745	-0.9696462154388428	-0.0017372965812683105
chr17:41197745:G>A	-0.9679089188575745	-0.9730576872825623	-0.005148768424987793
chr17:41197744:T>G	-0.9679116606712341	-0.9708105325698853	-0.002898871898651123
chr17:41197744:T>C	-0.9679116606712341	-0.9685235023498535	-0.0006118416786193848
chr17:41197744:T>A	-0.9679116606712341	-0.9722489714622498	-0.004337310791015625
chr17:41197743:C>T	-0.9678858518600464	-0.9680942296981812	-0.00020837783813476562
chr17:41197743:C>G	-0.9678858518600464	-0.9693279266357422	-0.0014420747756958008
chr17:41197743:C>A	-0.9678858518600464	-0.9691300988197327	-0.0012442469596862793
chr17:41197742:C>T	-0.9678852558135986	-0.9703874588012695	-0.0025022029876708984
chr17:41197742:C>G	-0.9678852558135986	-0.9688428044319153	-0.0009575486183166504
chr17:41197742:C>A	-0.9678852558135986	-0.9738456606864929	-0.005960404872894287
chr17:41197741:T>G	-0.9677276015281677	-0.971834123134613	-0.0041065216064453125
chr17:41197741:T>C	-0.9677276015281677	-0.9712295532226562	-0.0035019516944885254
chr17:41197741:T>A	-0.9677276015281677	-0.9722713232040405	-0.004543721675872803
chr17:41197740:C>T	-0.9678346514701843	-0.9679688215255737	-0.0001341700553894043
chr17:41197740:C>G	-0.9678346514701843	-0.9684208035469055	-0.0005861520767211914
chr17:41197740:C>A	-0.9678346514701843	-0.9686894416809082	-0.000854790210723877
chr17:41197739:G>T	-0.9678357839584351	-0.9696023464202881	-0.0017665624618530273
chr17:41197739:G>C	-0.9678357839584351	-0.9699279069900513	-0.002092123031616211
chr17:41197739:G>A	-0.9678357839584351	-0.9683025479316711	-0.000466763973236084
chr17:41197738:A>T	-0.9674886465072632	-0.9718691110610962	-0.004380464553833008
chr17:41197738:A>G	-0.9674886465072632	-0.9717562198638916	-0.004267573356628418
chr17:41197738:A>C	-0.9674886465072632	-0.9716867804527283	-0.004198133945465088
chr17:41197737:C>T	-0.9675431251525879	-0.9677398204803467	-0.00019669532775878906
chr17:41197737:C>G	-0.9675431251525879	-0.9680581092834473	-0.000514984130859375
chr17:41197737:C>A	-0.9675431251525879	-0.967501163482666	4.1961669921875e-05
chr17:41197736:C>T	-0.9669455289840698	-0.9691174626350403	-0.002171933650970459
chr17:41197736:C>G	-0.9669455289840698	-0.9701642394065857	-0.003218710422515869
chr17:41197736:C>A	-0.9669455289840698	-0.9726822376251221	-0.005736708641052246
chr17:41197735:T>G	-0.9666898250579834	-0.9712197184562683	-0.004529893398284912
chr17:41197735:T>C	-0.9666898250579834	-0.9693592190742493	-0.002669394016265869
chr17:41197735:T>A	-0.9666898250579834	-0.9721936583518982	-0.005503833293914795
chr17:41197734:G>T	-0.9667133092880249	-0.9681714177131653	-0.0014581084251403809
chr17:41197734:G>C	-0.9667133092880249	-0.9680302143096924	-0.0013169050216674805
chr17:41197734:G>A	-0.9667133092880249	-0.9669736623764038	-0.00026035308837890625
chr17:41197733:T>G	-0.966681718826294	-0.9691281914710999	-0.002446472644805908
chr17:41197733:T>C	-0.966681718826294	-0.9669777154922485	-0.00029599666595458984
chr17:41197733:T>A	-0.966681718826294	-0.9677190184593201	-0.001037299633026123
chr17:41197732:G>T	-0.9668573141098022	-0.968092143535614	-0.0012348294258117676
chr17:41197732:G>C	-0.9668573141098022	-0.9677082300186157	-0.0008509159088134766
chr17:41197732:G>A	-0.9668573141098022	-0.9685404896736145	-0.0016831755638122559
chr17:41197731:G>T	-0.9667155742645264	-0.9669710397720337	-0.0002554655075073242
chr17:41197731:G>C	-0.9667155742645264	-0.9670063853263855	-0.00029081106185913086
chr17:41197731:G>A	-0.9667155742645264	-0.9666681289672852	4.744529724121094e-05
chr17:41197730:A>T	-0.9656871557235718	-0.9697613716125488	-0.004074215888977051
chr17:41197730:A>G	-0.9656871557235718	-0.9678525924682617	-0.0021654367446899414
chr17:41197730:A>C	-0.9656871557235718	-0.9703842401504517	-0.004697084426879883
chr17:41197729:T>G	-0.9655361771583557	-0.9694997668266296	-0.003963589668273926
chr17:41197729:T>C	-0.9655361771583557	-0.9684233069419861	-0.002887129783630371
chr17:41197729:T>A	-0.9655361771583557	-0.9667593240737915	-0.001223146915435791
chr17:41197728:G>T	-0.9656192660331726	-0.9739497303962708	-0.008330464363098145
chr17:41197728:G>C	-0.9656192660331726	-0.9734140634536743	-0.007794797420501709
chr17:41197728:G>A	-0.9656192660331726	-0.9657103419303894	-9.107589721679688e-05
chr17:41197727:G>T	-0.9655841588973999	-0.9667999744415283	-0.001215815544128418
chr17:41197727:G>C	-0.9655841588973999	-0.9672381281852722	-0.0016539692878723145
chr17:41197727:G>A	-0.9655841588973999	-0.9658856987953186	-0.00030153989791870117
chr17:41197726:A>T	-0.9654133319854736	-0.9686182737350464	-0.003204941749572754
chr17:41197726:A>G	-0.9654133319854736	-0.969607949256897	-0.00419461727142334
chr17:41197726:A>C	-0.9654133319854736	-0.9687783718109131	-0.003365039825439453
chr17:41197725:C>T	-0.9653556942939758	-0.9655490517616272	-0.0001933574676513672
chr17:41197725:C>G	-0.9653556942939758	-0.9653782844543457	-2.2590160369873047e-05
chr17:41197725:C>A	-0.9653556942939758	-0.9655337929725647	-0.0001780986785888672
chr17:41197724:T>G	-0.9649862051010132	-0.9653099775314331	-0.0003237724304199219
chr17:41197724:T>C	-0.9649862051010132	-0.9649146795272827	7.152557373046875e-05
chr17:41197724:T>A	-0.9649862051010132	-0.9653995633125305	-0.000413358211517334
chr17:41197723:A>T	-0.9650813341140747	-0.9681885838508606	-0.0031072497367858887
chr17:41197723:A>G	-0.9650813341140747	-0.9659851789474487	-0.0009038448333740234
chr17:41197723:A>C	-0.9650813341140747	-0.9680134057998657	-0.0029320716857910156
chr17:41197722:T>G	-0.9650532007217407	-0.964949369430542	0.00010383129119873047
chr17:41197722:T>C	-0.9650532007217407	-0.9648029208183289	0.00025027990341186523
chr17:41197722:T>A	-0.9650532007217407	-0.9651616811752319	-0.00010848045349121094
