id	ref_score	var_score	delta
chr17:41276135:T>G	-0.8579201102256775	-0.8579444289207458	-2.4318695068359375e-05
chr17:41276135:T>C	-0.8579201102256775	-0.8580681681632996	-0.0001480579376220703
chr17:41276135:T>A	-0.8579201102256775	-0.8580381274223328	-0.00011801719665527344
chr17:41276134:T>G	-0.8579885363578796	-0.858704149723053	-0.0007156133651733398
chr17:41276134:T>C	-0.8579885363578796	-0.8581299185752869	-0.00014138221740722656
chr17:41276134:T>A	-0.8579885363578796	-0.8583000898361206	-0.0003115534782409668
chr17:41276133:C>T	-0.8583725690841675	-0.8580232262611389	0.00034934282302856445
chr17:41276133:C>G	-0.8583725690841675	-0.8583964109420776	-2.384185791015625e-05
chr17:41276133:C>A	-0.8583725690841675	-0.8583824634552002	-9.894371032714844e-06
chr17:41276132:A>T	-0.8584549427032471	-0.8581443428993225	0.00031059980392456055
chr17:41276132:A>G	-0.8584549427032471	-0.8582943677902222	0.00016057491302490234
chr17:41276132:A>C	-0.8584549427032471	-0.8583828210830688	7.212162017822266e-05
chr17:41276131:A>T	-0.8583269119262695	-0.8586281538009644	-0.0003012418746948242
chr17:41276131:A>G	-0.8583269119262695	-0.8586102724075317	-0.00028336048126220703
chr17:41276131:A>C	-0.8583269119262695	-0.8586497902870178	-0.000322878360748291
chr17:41276130:G>T	-0.8585178852081299	-0.8588255047798157	-0.000307619571685791
chr17:41276130:G>C	-0.8585178852081299	-0.8589020371437073	-0.0003841519355773926
chr17:41276130:G>A	-0.8585178852081299	-0.8586194515228271	-0.00010156631469726562
chr17:41276129:T>G	-0.8585063219070435	-0.8586572408676147	-0.00015091896057128906
chr17:41276129:T>C	-0.8585063219070435	-0.8590630888938904	-0.0005567669868469238
chr17:41276129:T>A	-0.8585063219070435	-0.8588536381721497	-0.00034731626510620117
chr17:41276128:A>T	-0.8587788939476013	-0.858661949634552	0.0001169443130493164
chr17:41276128:A>C	-0.8587788939476013	-0.8585506677627563	0.0002282261848449707
chr17:41276127:A>T	-0.8590871691703796	-0.8592550754547119	-0.0001679062843322754
chr17:41276127:A>G	-0.8590871691703796	-0.8591930866241455	-0.00010591745376586914
chr17:41276127:A>C	-0.8590871691703796	-0.859495997428894	-0.0004088282585144043
chr17:41276126:C>T	-0.8590276837348938	-0.8590262532234192	1.430511474609375e-06
chr17:41276126:C>G	-0.8590276837348938	-0.8595390319824219	-0.0005113482475280762
chr17:41276126:C>A	-0.8590276837348938	-0.8594557046890259	-0.0004280209541320801
chr17:41276125:C>T	-0.8591153621673584	-0.8596646785736084	-0.00054931640625
chr17:41276125:C>G	-0.8591153621673584	-0.8593884706497192	-0.00027310848236083984
chr17:41276125:C>A	-0.8591153621673584	-0.8594579100608826	-0.0003425478935241699
chr17:41276124:T>G	-0.8589441180229187	-0.8595585227012634	-0.0006144046783447266
chr17:41276124:T>C	-0.8589441180229187	-0.8593413829803467	-0.0003972649574279785
chr17:41276124:T>A	-0.8589441180229187	-0.8595060110092163	-0.0005618929862976074
chr17:41276123:T>G	-0.8589889407157898	-0.8593679666519165	-0.000379025936126709
chr17:41276123:T>C	-0.8589889407157898	-0.859306275844574	-0.0003173351287841797
chr17:41276123:T>A	-0.8589889407157898	-0.8591985702514648	-0.00020962953567504883
chr17:41276122:G>T	-0.8591679334640503	-0.8595670461654663	-0.0003991127014160156
chr17:41276122:G>C	-0.8591679334640503	-0.8595770001411438	-0.00040906667709350586
chr17:41276122:G>A	-0.8591679334640503	-0.8594988584518433	-0.00033092498779296875
chr17:41276121:T>G	-0.8590173721313477	-0.8590929508209229	-7.557868957519531e-05
chr17:41276121:T>C	-0.8590173721313477	-0.8593974709510803	-0.000380098819732666
chr17:41276121:T>A	-0.8590173721313477	-0.8586844801902771	0.00033289194107055664
chr17:41276120:C>T	-0.8591352701187134	-0.8594775795936584	-0.00034230947494506836
chr17:41276120:C>G	-0.8591352701187134	-0.8591501712799072	-1.4901161193847656e-05
chr17:41276120:C>A	-0.8591352701187134	-0.8591032028198242	3.2067298889160156e-05
chr17:41276119:T>G	-0.8593661189079285	-0.8595150709152222	-0.00014895200729370117
chr17:41276119:T>C	-0.8593661189079285	-0.859304666519165	6.145238876342773e-05
chr17:41276119:T>A	-0.8593661189079285	-0.8594223260879517	-5.620718002319336e-05
chr17:41276118:T>G	-0.859004557132721	-0.8594834804534912	-0.00047892332077026367
chr17:41276118:T>C	-0.859004557132721	-0.8593975901603699	-0.0003930330276489258
chr17:41276118:T>A	-0.859004557132721	-0.8599134087562561	-0.0009088516235351562
chr17:41276117:T>G	-0.8590591549873352	-0.8596935272216797	-0.0006343722343444824
chr17:41276117:T>C	-0.8590591549873352	-0.8592150211334229	-0.00015586614608764648
chr17:41276117:T>A	-0.8590591549873352	-0.8595300912857056	-0.00047093629837036133
chr17:41276116:C>T	-0.8587693572044373	-0.8595342636108398	-0.0007649064064025879
chr17:41276116:C>G	-0.8587693572044373	-0.8594983816146851	-0.0007290244102478027
chr17:41276116:C>A	-0.8587693572044373	-0.8596299290657043	-0.0008605718612670898
chr17:41276115:T>G	-0.858609676361084	-0.8592137098312378	-0.0006040334701538086
chr17:41276115:T>C	-0.858609676361084	-0.8586735129356384	-6.383657455444336e-05
chr17:41276115:T>A	-0.858609676361084	-0.859454870223999	-0.0008451938629150391
chr17:41276114:T>G	-0.8586919903755188	-0.8588231205940247	-0.00013113021850585938
chr17:41276114:T>C	-0.8586919903755188	-0.8585816621780396	0.00011032819747924805
chr17:41276114:T>A	-0.8586919903755188	-0.8585782051086426	0.0001137852668762207
chr17:41276113:T>G	-0.85848069190979	-0.8598693013191223	-0.0013886094093322754
chr17:41276113:T>C	-0.85848069190979	-0.8595980405807495	-0.0011173486709594727
chr17:41276113:T>A	-0.85848069190979	-0.8599498867988586	-0.0014691948890686035
chr17:41276112:A>T	-0.8583078384399414	-0.859741747379303	-0.0014339089393615723
chr17:41276112:A>G	-0.8583078384399414	-0.8597634434700012	-0.0014556050300598145
chr17:41276112:A>C	-0.8583078384399414	-0.8597473502159119	-0.001439511775970459
chr17:41276111:C>T	-0.858713686466217	-0.8594136238098145	-0.0006999373435974121
chr17:41276111:C>G	-0.858713686466217	-0.8593747019767761	-0.000661015510559082
chr17:41276111:C>A	-0.858713686466217	-0.859363853931427	-0.0006501674652099609
chr17:41276110:C>T	-0.85834139585495	-0.8589314818382263	-0.0005900859832763672
chr17:41276110:C>G	-0.85834139585495	-0.859488844871521	-0.001147449016571045
chr17:41276110:C>A	-0.85834139585495	-0.8592517971992493	-0.0009104013442993164
chr17:41276109:T>G	-0.8585594296455383	-0.8591644167900085	-0.0006049871444702148
chr17:41276109:T>C	-0.8585594296455383	-0.8593952655792236	-0.0008358359336853027
chr17:41276109:T>A	-0.8585594296455383	-0.8597413897514343	-0.001181960105895996
chr17:41276108:A>T	-0.858415961265564	-0.8595858812332153	-0.0011699199676513672
chr17:41276108:A>G	-0.858415961265564	-0.8584667444229126	-5.078315734863281e-05
chr17:41276108:A>C	-0.858415961265564	-0.8592860698699951	-0.0008701086044311523
chr17:41276107:A>T	-0.8585790395736694	-0.8592352867126465	-0.0006562471389770508
chr17:41276107:A>G	-0.8585790395736694	-0.8590149879455566	-0.00043594837188720703
chr17:41276107:A>C	-0.8585790395736694	-0.8590758442878723	-0.0004968047142028809
chr17:41276106:A>T	-0.85850989818573	-0.8601467609405518	-0.0016368627548217773
chr17:41276106:A>G	-0.85850989818573	-0.8592387437820435	-0.0007288455963134766
chr17:41276106:A>C	-0.85850989818573	-0.8597662448883057	-0.0012563467025756836
chr17:41276105:T>G	-0.858356773853302	-0.8584232926368713	-6.651878356933594e-05
chr17:41276105:T>C	-0.858356773853302	-0.8590863347053528	-0.0007295608520507812
chr17:41276105:T>A	-0.858356773853302	-0.8586697578430176	-0.00031298398971557617
chr17:41276104:A>T	-0.857994019985199	-0.8590583801269531	-0.0010643601417541504
chr17:41276104:A>G	-0.857994019985199	-0.8590608239173889	-0.0010668039321899414
chr17:41276104:A>C	-0.857994019985199	-0.858966052532196	-0.0009720325469970703
chr17:41276103:G>T	-0.858345627784729	-0.8599957227706909	-0.001650094985961914
chr17:41276103:G>C	-0.858345627784729	-0.859229564666748	-0.000883936882019043
chr17:41276103:G>A	-0.858345627784729	-0.8593426942825317	-0.0009970664978027344
chr17:41276102:A>T	-0.8586122989654541	-0.8583847284317017	0.0002275705337524414
chr17:41276102:A>G	-0.8586122989654541	-0.8589488863945007	-0.00033658742904663086
chr17:41276102:A>C	-0.8586122989654541	-0.858843982219696	-0.00023168325424194336
chr17:41276101:C>T	-0.858435869216919	-0.8590087294578552	-0.0005728602409362793
chr17:41276101:C>G	-0.858435869216919	-0.8593982458114624	-0.000962376594543457
chr17:41276101:C>A	-0.858435869216919	-0.8588787317276001	-0.00044286251068115234
chr17:41276100:G>T	-0.8587414026260376	-0.8599032759666443	-0.0011618733406066895
chr17:41276100:G>C	-0.8587414026260376	-0.8599293231964111	-0.0011879205703735352
chr17:41276100:G>A	-0.8587414026260376	-0.8596622347831726	-0.0009208321571350098
chr17:41276099:A>T	-0.8585169315338135	-0.8587609529495239	-0.00024402141571044922
chr17:41276099:A>G	-0.8585169315338135	-0.8588090538978577	-0.00029212236404418945
chr17:41276099:A>C	-0.8585169315338135	-0.8590995669364929	-0.0005826354026794434
chr17:41276098:G>T	-0.8580935597419739	-0.8570805788040161	0.0010129809379577637
chr17:41276098:G>C	-0.8580935597419739	-0.8572250604629517	0.0008684992790222168
chr17:41276098:G>A	-0.8580935597419739	-0.8582248687744141	-0.00013130903244018555
chr17:41276097:A>T	-0.8584593534469604	-0.8581058382987976	0.0003535151481628418
chr17:41276097:A>G	-0.8584593534469604	-0.8595936298370361	-0.0011342763900756836
chr17:41276097:A>C	-0.8584593534469604	-0.8586532473564148	-0.0001938939094543457
chr17:41276096:A>T	-0.8583089113235474	-0.858993411064148	-0.0006844997406005859
chr17:41276096:A>G	-0.8583089113235474	-0.8587450385093689	-0.0004361271858215332
chr17:41276096:A>C	-0.8583089113235474	-0.8589432835578918	-0.0006343722343444824
chr17:41276095:G>T	-0.8586009740829468	-0.859784722328186	-0.0011837482452392578
chr17:41276095:G>C	-0.8586009740829468	-0.8602441549301147	-0.0016431808471679688
chr17:41276095:G>A	-0.8586009740829468	-0.8596053123474121	-0.001004338264465332
chr17:41276094:C>T	-0.8587133884429932	-0.8587174415588379	-4.0531158447265625e-06
chr17:41276094:C>G	-0.8587133884429932	-0.8602958917617798	-0.001582503318786621
chr17:41276094:C>A	-0.8587133884429932	-0.8603385090827942	-0.0016251206398010254
chr17:41276093:G>T	-0.858825147151947	-0.8585165143013	0.00030863285064697266
chr17:41276093:G>C	-0.858825147151947	-0.8586784601211548	0.00014668703079223633
chr17:41276093:G>A	-0.858825147151947	-0.8585056662559509	0.00031948089599609375
chr17:41276092:C>T	-0.8586028814315796	-0.8583746552467346	0.0002282261848449707
chr17:41276092:C>G	-0.8586028814315796	-0.858799159526825	-0.00019627809524536133
chr17:41276092:C>A	-0.8586028814315796	-0.8598533272743225	-0.00125044584274292
chr17:41276091:A>T	-0.8587456345558167	-0.8610544204711914	-0.002308785915374756
chr17:41276091:A>G	-0.8587456345558167	-0.859488844871521	-0.0007432103157043457
chr17:41276091:A>C	-0.8587456345558167	-0.8617265224456787	-0.0029808878898620605
chr17:41276090:A>T	-0.8588597178459167	-0.8588660359382629	-6.318092346191406e-06
chr17:41276090:A>G	-0.8588597178459167	-0.859200119972229	-0.00034040212631225586
chr17:41276090:A>C	-0.8588597178459167	-0.8589127659797668	-5.3048133850097656e-05
chr17:41276089:C>T	-0.8583648204803467	-0.8601735830307007	-0.001808762550354004
chr17:41276089:C>G	-0.8583648204803467	-0.8593178391456604	-0.0009530186653137207
chr17:41276089:C>A	-0.8583648204803467	-0.8603162169456482	-0.0019513964653015137
chr17:41276088:T>G	-0.8583441376686096	-0.8600379824638367	-0.0016938447952270508
chr17:41276088:T>C	-0.8583441376686096	-0.8607805967330933	-0.0024364590644836426
chr17:41276088:T>A	-0.8583441376686096	-0.8608757853507996	-0.0025316476821899414
chr17:41276087:T>G	-0.8585039973258972	-0.8598036766052246	-0.0012996792793273926
chr17:41276087:T>C	-0.8585039973258972	-0.8589974641799927	-0.000493466854095459
chr17:41276087:T>A	-0.8585039973258972	-0.8594993352890015	-0.000995337963104248
chr17:41276086:C>T	-0.8587363362312317	-0.8623108863830566	-0.003574550151824951
chr17:41276086:C>G	-0.8587363362312317	-0.8614944219589233	-0.0027580857276916504
chr17:41276086:C>A	-0.8587363362312317	-0.8624439239501953	-0.003707587718963623
chr17:41276085:T>G	-0.8583400249481201	-0.8624668121337891	-0.004126787185668945
chr17:41276085:T>C	-0.8583400249481201	-0.8620598316192627	-0.003719806671142578
chr17:41276085:T>A	-0.8583400249481201	-0.8623988628387451	-0.004058837890625
chr17:41276084:T>G	-0.8586169481277466	-0.8603916168212891	-0.0017746686935424805
chr17:41276084:T>C	-0.8586169481277466	-0.8596622943878174	-0.0010453462600708008
chr17:41276084:T>A	-0.8586169481277466	-0.8600491285324097	-0.001432180404663086
chr17:41276083:C>T	-0.8589023947715759	-0.8600344657897949	-0.0011320710182189941
chr17:41276083:C>G	-0.8589023947715759	-0.8621619343757629	-0.0032595396041870117
chr17:41276083:C>A	-0.8589023947715759	-0.8620489239692688	-0.003146529197692871
chr17:41276082:A>T	-0.8591100573539734	-0.8631130456924438	-0.004002988338470459
chr17:41276082:A>G	-0.8591100573539734	-0.8618608117103577	-0.0027507543563842773
chr17:41276082:A>C	-0.8591100573539734	-0.8629162907600403	-0.0038062334060668945
chr17:41276081:T>G	-0.859239935874939	-0.8594192266464233	-0.000179290771484375
chr17:41276081:T>C	-0.859239935874939	-0.8593176007270813	-7.766485214233398e-05
chr17:41276081:T>A	-0.859239935874939	-0.8592050075531006	3.4928321838378906e-05
chr17:41276080:G>T	-0.8594356775283813	-0.8612127304077148	-0.001777052879333496
chr17:41276080:G>C	-0.8594356775283813	-0.8620265126228333	-0.0025908350944519043
chr17:41276080:G>A	-0.8594356775283813	-0.8625925183296204	-0.0031568408012390137
chr17:41276079:T>G	-0.8595921993255615	-0.8628823757171631	-0.0032901763916015625
chr17:41276079:T>C	-0.8595921993255615	-0.8614234924316406	-0.0018312931060791016
chr17:41276079:T>A	-0.8595921993255615	-0.8618579506874084	-0.002265751361846924
chr17:41276078:T>G	-0.8595771789550781	-0.8605793714523315	-0.001002192497253418
chr17:41276078:T>C	-0.8595771789550781	-0.8595942258834839	-1.704692840576172e-05
chr17:41276078:T>A	-0.8595771789550781	-0.8606462478637695	-0.0010690689086914062
chr17:41276077:T>G	-0.8597167134284973	-0.8622775673866272	-0.002560853958129883
chr17:41276077:T>C	-0.8597167134284973	-0.8614810705184937	-0.0017643570899963379
chr17:41276077:T>A	-0.8597167134284973	-0.8632577657699585	-0.0035410523414611816
chr17:41276076:T>G	-0.860027015209198	-0.861350417137146	-0.001323401927947998
chr17:41276076:T>C	-0.860027015209198	-0.8605637550354004	-0.0005367398262023926
chr17:41276076:T>A	-0.860027015209198	-0.8625230193138123	-0.002496004104614258
chr17:41276075:A>T	-0.8601707816123962	-0.8617417216300964	-0.0015709400177001953
chr17:41276075:A>G	-0.8601707816123962	-0.8607298731803894	-0.0005590915679931641
chr17:41276075:A>C	-0.8601707816123962	-0.862287163734436	-0.002116382122039795
chr17:41276074:C>T	-0.860419511795044	-0.8606275916099548	-0.00020807981491088867
chr17:41276074:C>G	-0.860419511795044	-0.8626940846443176	-0.0022745728492736816
chr17:41276074:C>A	-0.860419511795044	-0.8643734455108643	-0.0039539337158203125
chr17:41276073:A>T	-0.8603799939155579	-0.8646013140678406	-0.004221320152282715
chr17:41276073:A>G	-0.8603799939155579	-0.8622915744781494	-0.0019115805625915527
chr17:41276073:A>C	-0.8603799939155579	-0.8644443154335022	-0.004064321517944336
chr17:41276072:G>T	-0.8605493307113647	-0.8608022332191467	-0.0002529025077819824
chr17:41276072:G>C	-0.8605493307113647	-0.8609372973442078	-0.0003879666328430176
chr17:41276072:G>A	-0.8605493307113647	-0.8606094121932983	-6.008148193359375e-05
chr17:41276071:T>G	-0.8608884215354919	-0.8599303960800171	0.0009580254554748535
chr17:41276071:T>C	-0.8608884215354919	-0.860935389995575	-4.696846008300781e-05
chr17:41276071:T>A	-0.8608884215354919	-0.862061083316803	-0.0011726617813110352
chr17:41276070:A>T	-0.8607993125915527	-0.8647705912590027	-0.003971278667449951
chr17:41276070:A>G	-0.8607993125915527	-0.8639887571334839	-0.0031894445419311523
chr17:41276070:A>C	-0.8607993125915527	-0.8647992014884949	-0.003999888896942139
chr17:41276069:A>T	-0.8610790371894836	-0.8612656593322754	-0.00018662214279174805
chr17:41276069:A>G	-0.8610790371894836	-0.8610078692436218	7.11679458618164e-05
chr17:41276069:A>C	-0.8610790371894836	-0.8611749410629272	-9.590387344360352e-05
chr17:41276068:T>G	-0.861251175403595	-0.8622254133224487	-0.0009742379188537598
chr17:41276068:T>C	-0.861251175403595	-0.8632737398147583	-0.00202256441116333
chr17:41276068:T>A	-0.861251175403595	-0.8626827597618103	-0.001431584358215332
chr17:41276067:T>G	-0.8611623644828796	-0.8614675998687744	-0.0003052353858947754
chr17:41276067:T>C	-0.8611623644828796	-0.8615733981132507	-0.00041103363037109375
chr17:41276067:T>A	-0.8611623644828796	-0.8620842099189758	-0.0009218454360961914
chr17:41276066:A>T	-0.8615785837173462	-0.8622498512268066	-0.0006712675094604492
chr17:41276066:A>G	-0.8615785837173462	-0.8619216680526733	-0.00034308433532714844
chr17:41276066:A>C	-0.8615785837173462	-0.8623153567314148	-0.0007367730140686035
chr17:41276065:C>T	-0.8615201115608215	-0.8625456094741821	-0.0010254979133605957
chr17:41276065:C>G	-0.8615201115608215	-0.8659469485282898	-0.004426836967468262
chr17:41276065:C>A	-0.8615201115608215	-0.8623422384262085	-0.0008221268653869629
chr17:41276064:G>T	-0.8615530729293823	-0.8654783964157104	-0.003925323486328125
chr17:41276064:G>C	-0.8615530729293823	-0.863800585269928	-0.0022475123405456543
chr17:41276064:G>A	-0.8615530729293823	-0.8634800314903259	-0.0019269585609436035
chr17:41276063:A>T	-0.8616586327552795	-0.8619551062583923	-0.00029647350311279297
chr17:41276063:A>G	-0.8616586327552795	-0.8620420694351196	-0.0003834366798400879
chr17:41276063:A>C	-0.8616586327552795	-0.8622579574584961	-0.0005993247032165527
chr17:41276062:T>G	-0.8619909286499023	-0.86284339427948	-0.0008524656295776367
chr17:41276062:T>C	-0.8619909286499023	-0.8627095222473145	-0.0007185935974121094
chr17:41276062:T>A	-0.8619909286499023	-0.8626800179481506	-0.000689089298248291
chr17:41276061:A>T	-0.861979067325592	-0.8665274381637573	-0.004548370838165283
chr17:41276061:A>G	-0.861979067325592	-0.8646539449691772	-0.002674877643585205
chr17:41276061:A>C	-0.861979067325592	-0.866698682308197	-0.0047196149826049805
chr17:41276060:C>T	-0.8619909882545471	-0.8625720143318176	-0.0005810260772705078
chr17:41276060:C>G	-0.8619909882545471	-0.8631167411804199	-0.0011257529258728027
chr17:41276060:C>A	-0.8619909882545471	-0.8631582260131836	-0.0011672377586364746
chr17:41276059:G>T	-0.8622517585754395	-0.8637253642082214	-0.0014736056327819824
chr17:41276059:G>C	-0.8622517585754395	-0.864776074886322	-0.0025243163108825684
chr17:41276059:G>A	-0.8622517585754395	-0.8671832084655762	-0.004931449890136719
chr17:41276058:T>G	-0.8623358011245728	-0.8669565916061401	-0.004620790481567383
chr17:41276058:T>C	-0.8623358011245728	-0.863150417804718	-0.0008146166801452637
chr17:41276058:T>A	-0.8623358011245728	-0.8660761713981628	-0.003740370273590088
chr17:41276057:C>T	-0.8623694181442261	-0.8630291819572449	-0.0006597638130187988
chr17:41276057:C>G	-0.8623694181442261	-0.8627598881721497	-0.000390470027923584
chr17:41276057:C>A	-0.8623694181442261	-0.8626254200935364	-0.00025600194931030273
chr17:41276056:T>G	-0.8625547289848328	-0.8631584644317627	-0.0006037354469299316
chr17:41276056:T>C	-0.8625547289848328	-0.8633788228034973	-0.0008240938186645508
chr17:41276056:T>A	-0.8625547289848328	-0.8674161434173584	-0.004861414432525635
chr17:41276055:T>G	-0.8626102805137634	-0.8647781014442444	-0.002167820930480957
chr17:41276055:T>C	-0.8626102805137634	-0.8631147146224976	-0.0005044341087341309
chr17:41276055:T>A	-0.8626102805137634	-0.8651613593101501	-0.0025510787963867188
chr17:41276054:T>G	-0.862876832485199	-0.8643020987510681	-0.0014252662658691406
chr17:41276054:T>C	-0.862876832485199	-0.863149881362915	-0.00027304887771606445
chr17:41276054:T>A	-0.862876832485199	-0.8640806078910828	-0.001203775405883789
chr17:41276053:T>G	-0.8629279732704163	-0.8639276623725891	-0.0009996891021728516
chr17:41276053:T>C	-0.8629279732704163	-0.8634417057037354	-0.0005137324333190918
chr17:41276053:T>A	-0.8629279732704163	-0.8661730289459229	-0.003245055675506592
chr17:41276052:A>T	-0.8628947138786316	-0.866101086139679	-0.0032063722610473633
chr17:41276052:A>G	-0.8628947138786316	-0.8643248677253723	-0.0014301538467407227
chr17:41276052:A>C	-0.8628947138786316	-0.865971565246582	-0.0030768513679504395
chr17:41276051:G>T	-0.8631067276000977	-0.8636416792869568	-0.0005349516868591309
chr17:41276051:G>C	-0.8631067276000977	-0.8641357421875	-0.0010290145874023438
chr17:41276051:G>A	-0.8631067276000977	-0.8632779121398926	-0.00017118453979492188
chr17:41276050:A>T	-0.8629605174064636	-0.8642513751983643	-0.0012908577919006348
chr17:41276050:A>G	-0.8629605174064636	-0.8631356358528137	-0.00017511844635009766
chr17:41276050:A>C	-0.8629605174064636	-0.8645856976509094	-0.0016251802444458008
chr17:41276049:A>T	-0.8629849553108215	-0.8676076531410217	-0.004622697830200195
chr17:41276049:A>G	-0.8629849553108215	-0.8658786416053772	-0.002893686294555664
chr17:41276049:A>C	-0.8629849553108215	-0.8676262497901917	-0.004641294479370117
chr17:41276048:T>G	-0.8632239103317261	-0.8645313382148743	-0.0013074278831481934
chr17:41276048:T>C	-0.8632239103317261	-0.8636476397514343	-0.00042372941970825195
chr17:41276048:T>A	-0.8632239103317261	-0.8647019863128662	-0.0014780759811401367
chr17:41276047:C>T	-0.8633882999420166	-0.863040566444397	0.0003477334976196289
chr17:41276047:C>G	-0.8633882999420166	-0.8636323809623718	-0.0002440810203552246
chr17:41276047:C>A	-0.8633882999420166	-0.8680844306945801	-0.0046961307525634766
chr17:41276046:T>G	-0.8635719418525696	-0.8644863963127136	-0.000914454460144043
chr17:41276046:T>C	-0.8635719418525696	-0.8660776019096375	-0.002505660057067871
chr17:41276046:T>A	-0.8635719418525696	-0.8662223815917969	-0.002650439739227295
chr17:41276045:C>T	-0.8637706637382507	-0.8632859587669373	0.00048470497131347656
chr17:41276045:C>G	-0.8637706637382507	-0.8637941479682922	-2.3484230041503906e-05
chr17:41276045:C>A	-0.8637706637382507	-0.863700270652771	7.039308547973633e-05
chr17:41276044:A>T	-0.8640285730361938	-0.8659763932228088	-0.0019478201866149902
chr17:41276044:A>G	-0.8640285730361938	-0.8650939464569092	-0.001065373420715332
chr17:41276044:A>C	-0.8640285730361938	-0.8658741116523743	-0.00184553861618042
chr17:41276043:C>T	-0.8638588786125183	-0.8646596074104309	-0.0008007287979125977
chr17:41276043:C>G	-0.8638588786125183	-0.8654523491859436	-0.001593470573425293
chr17:41276043:C>A	-0.8638588786125183	-0.8639000058174133	-4.112720489501953e-05
chr17:41276042:A>T	-0.8637716174125671	-0.8681825399398804	-0.004410922527313232
chr17:41276042:A>G	-0.8637716174125671	-0.8640633821487427	-0.0002917647361755371
chr17:41276042:A>C	-0.8637716174125671	-0.8653812408447266	-0.0016096234321594238
chr17:41276041:G>T	-0.8634543418884277	-0.8648558259010315	-0.0014014840126037598
chr17:41276041:G>C	-0.8634543418884277	-0.8654347658157349	-0.001980423927307129
chr17:41276041:G>A	-0.8634543418884277	-0.8647041916847229	-0.001249849796295166
chr17:41276040:G>C	-0.863741397857666	-0.8660709261894226	-0.002329528331756592
chr17:41276040:G>A	-0.863741397857666	-0.8672960996627808	-0.003554701805114746
chr17:41276038:T>G	-0.8639099597930908	-0.8638730645179749	3.68952751159668e-05
chr17:41276038:T>C	-0.8639099597930908	-0.8642593026161194	-0.00034934282302856445
chr17:41276037:A>T	-0.864139199256897	-0.8661189079284668	-0.0019797086715698242
chr17:41276037:A>G	-0.864139199256897	-0.8654810786247253	-0.0013418793678283691
chr17:41276037:A>C	-0.864139199256897	-0.866090714931488	-0.0019515156745910645
chr17:41276036:G>T	-0.86436927318573	-0.8644908666610718	-0.00012159347534179688
chr17:41276036:G>C	-0.86436927318573	-0.8643815517425537	-1.2278556823730469e-05
chr17:41276036:G>A	-0.86436927318573	-0.8641725778579712	0.00019669532775878906
chr17:41276035:A>T	-0.8644483685493469	-0.8656803965568542	-0.0012320280075073242
chr17:41276035:A>G	-0.8644483685493469	-0.8655246496200562	-0.0010762810707092285
chr17:41276035:A>C	-0.8644483685493469	-0.8676109910011292	-0.0031626224517822266
chr17:41276034:C>T	-0.864536702632904	-0.8674928545951843	-0.0029561519622802734
chr17:41276034:C>G	-0.864536702632904	-0.8661859035491943	-0.0016492009162902832
chr17:41276034:C>A	-0.864536702632904	-0.8669530153274536	-0.0024163126945495605
chr17:41276033:C>T	-0.8649187684059143	-0.8696507811546326	-0.004732012748718262
chr17:41276033:C>G	-0.8649187684059143	-0.8697817921638489	-0.00486302375793457
chr17:41276033:C>A	-0.8649187684059143	-0.8696507811546326	-0.004732012748718262
chr17:41276032:A>T	-0.8650718927383423	-0.869801938533783	-0.004730045795440674
chr17:41276032:A>G	-0.8650718927383423	-0.8697310090065002	-0.004659116268157959
chr17:41276032:A>C	-0.8650718927383423	-0.8699870109558105	-0.004915118217468262
chr17:41276031:T>G	-0.8652899861335754	-0.8698223233222961	-0.004532337188720703
chr17:41276031:T>C	-0.8652899861335754	-0.8652050495147705	8.493661880493164e-05
chr17:41276031:T>A	-0.8652899861335754	-0.868328332901001	-0.003038346767425537
chr17:41276030:T>G	-0.8651704788208008	-0.8667724132537842	-0.0016019344329833984
chr17:41276030:T>C	-0.8651704788208008	-0.8664392828941345	-0.0012688040733337402
chr17:41276030:T>A	-0.8651704788208008	-0.8665165305137634	-0.0013460516929626465
chr17:41267819:A>T	-0.8512670397758484	-0.8516775965690613	-0.0004105567932128906
chr17:41267819:A>G	-0.8512670397758484	-0.8516026139259338	-0.0003355741500854492
chr17:41267819:A>C	-0.8512670397758484	-0.8515335321426392	-0.0002664923667907715
chr17:41267818:A>T	-0.8511084318161011	-0.8513357043266296	-0.00022727251052856445
chr17:41267818:A>G	-0.8511084318161011	-0.8511446118354797	-3.618001937866211e-05
chr17:41267818:A>C	-0.8511084318161011	-0.8513376116752625	-0.00022917985916137695
chr17:41267817:A>T	-0.8508929014205933	-0.8513662815093994	-0.00047338008880615234
chr17:41267817:A>G	-0.8508929014205933	-0.8511394262313843	-0.0002465248107910156
chr17:41267817:A>C	-0.8508929014205933	-0.8513072729110718	-0.0004143714904785156
chr17:41267816:G>T	-0.8507564663887024	-0.8510625958442688	-0.00030612945556640625
chr17:41267816:G>C	-0.8507564663887024	-0.8511123061180115	-0.00035583972930908203
chr17:41267816:G>A	-0.8507564663887024	-0.8506361842155457	0.00012028217315673828
chr17:41267815:A>T	-0.8504262566566467	-0.8509055972099304	-0.0004793405532836914
chr17:41267815:A>G	-0.8504262566566467	-0.8505111336708069	-8.487701416015625e-05
chr17:41267815:A>C	-0.8504262566566467	-0.8511031270027161	-0.0006768703460693359
chr17:41267814:G>T	-0.8503201603889465	-0.8503825664520264	-6.240606307983398e-05
chr17:41267814:G>C	-0.8503201603889465	-0.850488543510437	-0.00016838312149047852
chr17:41267814:G>A	-0.8503201603889465	-0.8503400087356567	-1.9848346710205078e-05
chr17:41267813:G>T	-0.8501670956611633	-0.8502938747406006	-0.00012677907943725586
chr17:41267813:G>C	-0.8501670956611633	-0.8505120277404785	-0.00034493207931518555
chr17:41267813:G>A	-0.8501670956611633	-0.8501716256141663	-4.5299530029296875e-06
chr17:41267812:G>T	-0.8503429889678955	-0.8502730131149292	6.99758529663086e-05
chr17:41267812:G>C	-0.8503429889678955	-0.8505522012710571	-0.0002092123031616211
chr17:41267812:G>A	-0.8503429889678955	-0.8502799868583679	6.300210952758789e-05
chr17:41267811:G>T	-0.8502761721611023	-0.8504670858383179	-0.00019091367721557617
chr17:41267811:G>C	-0.8502761721611023	-0.8508199453353882	-0.0005437731742858887
chr17:41267811:G>A	-0.8502761721611023	-0.8503433465957642	-6.717443466186523e-05
chr17:41267810:G>T	-0.8500708341598511	-0.8502907156944275	-0.00021988153457641602
chr17:41267810:G>C	-0.8500708341598511	-0.8506021499633789	-0.000531315803527832
chr17:41267810:G>A	-0.8500708341598511	-0.8501532673835754	-8.243322372436523e-05
chr17:41267809:G>T	-0.8501046299934387	-0.8502071499824524	-0.00010251998901367188
chr17:41267809:G>C	-0.8501046299934387	-0.8503444194793701	-0.00023978948593139648
chr17:41267809:G>A	-0.8501046299934387	-0.8500543832778931	5.02467155456543e-05
chr17:41267808:G>T	-0.849922239780426	-0.8499301671981812	-7.927417755126953e-06
chr17:41267808:G>C	-0.849922239780426	-0.8503395915031433	-0.00041735172271728516
chr17:41267808:G>A	-0.849922239780426	-0.8498687148094177	5.352497100830078e-05
chr17:41267807:A>T	-0.849650502204895	-0.8495992422103882	5.125999450683594e-05
chr17:41267807:A>G	-0.849650502204895	-0.8495995998382568	5.0902366638183594e-05
chr17:41267807:A>C	-0.849650502204895	-0.8499882817268372	-0.00033777952194213867
chr17:41267806:T>G	-0.8494856953620911	-0.8495379090309143	-5.221366882324219e-05
chr17:41267806:T>C	-0.8494856953620911	-0.8498601317405701	-0.0003744363784790039
chr17:41267806:T>A	-0.8494856953620911	-0.8497255444526672	-0.00023984909057617188
chr17:41267805:G>T	-0.8494014739990234	-0.8495416641235352	-0.00014019012451171875
chr17:41267805:G>C	-0.8494014739990234	-0.8507964611053467	-0.0013949871063232422
chr17:41267805:G>A	-0.8494014739990234	-0.849624514579773	-0.00022304058074951172
chr17:41267804:G>T	-0.8495513200759888	-0.8498382568359375	-0.00028693675994873047
chr17:41267804:G>C	-0.8495513200759888	-0.8501676917076111	-0.0006163716316223145
chr17:41267804:G>A	-0.8495513200759888	-0.8496084213256836	-5.710124969482422e-05
chr17:41267803:G>T	-0.8496366739273071	-0.8499376177787781	-0.00030094385147094727
chr17:41267803:G>C	-0.8496366739273071	-0.8502013087272644	-0.0005646347999572754
chr17:41267803:G>A	-0.8496366739273071	-0.8497621417045593	-0.00012546777725219727
chr17:41267802:A>T	-0.849480926990509	-0.8501781821250916	-0.0006972551345825195
chr17:41267802:A>G	-0.849480926990509	-0.8494775295257568	3.3974647521972656e-06
chr17:41267802:A>C	-0.849480926990509	-0.8500990271568298	-0.0006181001663208008
chr17:41267801:C>T	-0.8492719531059265	-0.84928959608078	-1.7642974853515625e-05
chr17:41267801:C>G	-0.8492719531059265	-0.8491225242614746	0.0001494288444519043
chr17:41267801:C>A	-0.8492719531059265	-0.8488947153091431	0.00037723779678344727
chr17:41267800:G>T	-0.8491469025611877	-0.8494284152984619	-0.0002815127372741699
chr17:41267800:G>C	-0.8491469025611877	-0.8492216467857361	-7.474422454833984e-05
chr17:41267800:G>A	-0.8491469025611877	-0.8494471311569214	-0.0003002285957336426
chr17:41267799:A>T	-0.8490184545516968	-0.8493018746376038	-0.0002834200859069824
chr17:41267799:A>G	-0.8490184545516968	-0.8493120074272156	-0.00029355287551879883
chr17:41267799:A>C	-0.8490184545516968	-0.8500306606292725	-0.0010122060775756836
chr17:41267798:T>G	-0.8491982221603394	-0.8501688241958618	-0.0009706020355224609
chr17:41267798:T>C	-0.8491982221603394	-0.8500354886054993	-0.0008372664451599121
chr17:41267798:T>A	-0.8491982221603394	-0.8503960371017456	-0.00119781494140625
chr17:41267797:C>T	-0.8490324020385742	-0.8503923416137695	-0.0013599395751953125
chr17:41267797:C>G	-0.8490324020385742	-0.8506864905357361	-0.0016540884971618652
chr17:41267797:C>A	-0.8490324020385742	-0.8507608771324158	-0.0017284750938415527
chr17:41267796:A>T	-0.8486729860305786	-0.8493961095809937	-0.0007231235504150391
chr17:41267796:A>G	-0.8486729860305786	-0.8488175272941589	-0.00014454126358032227
chr17:41267796:A>C	-0.8486729860305786	-0.8496072292327881	-0.0009342432022094727
chr17:41267795:G>T	-0.8490151762962341	-0.8498896360397339	-0.0008744597434997559
chr17:41267795:G>C	-0.8490151762962341	-0.8501672148704529	-0.00115203857421875
chr17:41267795:G>A	-0.8490151762962341	-0.8494482040405273	-0.0004330277442932129
chr17:41267794:A>T	-0.8485013842582703	-0.8496265411376953	-0.0011251568794250488
chr17:41267794:A>G	-0.8485013842582703	-0.8506917357444763	-0.0021903514862060547
chr17:41267794:A>C	-0.8485013842582703	-0.8503071069717407	-0.001805722713470459
chr17:41267793:C>T	-0.848621129989624	-0.8490225672721863	-0.00040143728256225586
chr17:41267793:C>G	-0.848621129989624	-0.8493391871452332	-0.0007180571556091309
chr17:41267793:C>A	-0.848621129989624	-0.8493179678916931	-0.0006968379020690918
chr17:41267792:C>T	-0.8480679988861084	-0.8491950035095215	-0.001127004623413086
chr17:41267792:C>G	-0.8480679988861084	-0.849087119102478	-0.001019120216369629
chr17:41267792:C>A	-0.8480679988861084	-0.8494892716407776	-0.0014212727546691895
chr17:41267791:T>G	-0.8482887744903564	-0.849800705909729	-0.0015119314193725586
chr17:41267791:T>C	-0.8482887744903564	-0.8496094346046448	-0.00132066011428833
chr17:41267791:T>A	-0.8482887744903564	-0.8500015139579773	-0.0017127394676208496
chr17:41267790:C>T	-0.8480331301689148	-0.8482674956321716	-0.00023436546325683594
chr17:41267790:C>G	-0.8480331301689148	-0.8485193252563477	-0.00048619508743286133
chr17:41267790:C>A	-0.8480331301689148	-0.848609447479248	-0.000576317310333252
chr17:41267789:A>T	-0.8478821516036987	-0.8484652042388916	-0.0005830526351928711
chr17:41267789:A>G	-0.8478821516036987	-0.8481742739677429	-0.00029212236404418945
chr17:41267789:A>C	-0.8478821516036987	-0.8485975861549377	-0.0007154345512390137
chr17:41267788:A>T	-0.8480772376060486	-0.8495723009109497	-0.001495063304901123
chr17:41267788:A>G	-0.8480772376060486	-0.849392294883728	-0.0013150572776794434
chr17:41267788:A>C	-0.8480772376060486	-0.8500716686248779	-0.0019944310188293457
chr17:41267787:C>T	-0.847830057144165	-0.8479353189468384	-0.00010526180267333984
chr17:41267787:C>G	-0.847830057144165	-0.8488844037055969	-0.0010543465614318848
chr17:41267787:C>A	-0.847830057144165	-0.848806619644165	-0.0009765625
chr17:41267786:T>G	-0.8477805852890015	-0.8486423492431641	-0.0008617639541625977
chr17:41267786:T>C	-0.8477805852890015	-0.8483237624168396	-0.0005431771278381348
chr17:41267786:T>A	-0.8477805852890015	-0.849301815032959	-0.0015212297439575195
chr17:41267785:A>T	-0.8474144339561462	-0.8492417931556702	-0.0018273591995239258
chr17:41267785:A>G	-0.8474144339561462	-0.8485673666000366	-0.0011529326438903809
chr17:41267785:A>C	-0.8474144339561462	-0.8490232229232788	-0.0016087889671325684
chr17:41267784:G>T	-0.8474121689796448	-0.8477990627288818	-0.00038689374923706055
chr17:41267784:G>C	-0.8474121689796448	-0.8479569554328918	-0.0005447864532470703
chr17:41267784:G>A	-0.8474121689796448	-0.8479004502296448	-0.00048828125
chr17:41267783:T>G	-0.8473054766654968	-0.8483108282089233	-0.0010053515434265137
chr17:41267783:T>C	-0.8473054766654968	-0.8491014838218689	-0.0017960071563720703
chr17:41267783:T>A	-0.8473054766654968	-0.8488954901695251	-0.0015900135040283203
chr17:41267782:T>G	-0.8469198346138	-0.8488173484802246	-0.0018975138664245605
chr17:41267782:T>C	-0.8469198346138	-0.8476987481117249	-0.0007789134979248047
chr17:41267782:T>A	-0.8469198346138	-0.8499473333358765	-0.003027498722076416
chr17:41267781:C>T	-0.8465418815612793	-0.8461052179336548	0.0004366636276245117
chr17:41267781:C>G	-0.8465418815612793	-0.8478353023529053	-0.0012934207916259766
chr17:41267781:C>A	-0.8465418815612793	-0.8477574586868286	-0.0012155771255493164
chr17:41267780:C>T	-0.8466024994850159	-0.8475061655044556	-0.0009036660194396973
chr17:41267780:C>G	-0.8466024994850159	-0.8474624752998352	-0.0008599758148193359
chr17:41267780:C>A	-0.8466024994850159	-0.848451554775238	-0.001849055290222168
chr17:41267779:T>G	-0.8465610146522522	-0.8479372262954712	-0.0013762116432189941
chr17:41267779:T>C	-0.8465610146522522	-0.8480647206306458	-0.0015037059783935547
chr17:41267779:T>A	-0.8465610146522522	-0.8485583066940308	-0.0019972920417785645
chr17:41267778:T>G	-0.8465675115585327	-0.8472945690155029	-0.0007270574569702148
chr17:41267778:T>C	-0.8465675115585327	-0.8463869690895081	0.0001805424690246582
chr17:41267778:T>A	-0.8465675115585327	-0.8469645977020264	-0.00039708614349365234
chr17:41267777:G>T	-0.8465172052383423	-0.848613440990448	-0.002096235752105713
chr17:41267777:G>C	-0.8465172052383423	-0.8488017320632935	-0.002284526824951172
chr17:41267777:G>A	-0.8465172052383423	-0.8483378291130066	-0.0018206238746643066
chr17:41267776:G>T	-0.846671462059021	-0.8489042520523071	-0.002232789993286133
chr17:41267776:G>C	-0.846671462059021	-0.8495284914970398	-0.002857029438018799
chr17:41267776:G>A	-0.846671462059021	-0.8497893214225769	-0.003117859363555908
chr17:41267775:A>T	-0.8464851379394531	-0.8470152020454407	-0.0005300641059875488
chr17:41267775:A>G	-0.8464851379394531	-0.8468362092971802	-0.0003510713577270508
chr17:41267775:A>C	-0.8464851379394531	-0.8470835089683533	-0.0005983710289001465
chr17:41267774:C>T	-0.8464111685752869	-0.8470064401626587	-0.0005952715873718262
chr17:41267774:C>G	-0.8464111685752869	-0.8473023772239685	-0.0008912086486816406
chr17:41267774:C>A	-0.8464111685752869	-0.8483789563179016	-0.001967787742614746
chr17:41267773:A>T	-0.846394956111908	-0.8483384251594543	-0.0019434690475463867
chr17:41267773:A>G	-0.846394956111908	-0.8474293947219849	-0.0010344386100769043
chr17:41267773:A>C	-0.846394956111908	-0.8483498692512512	-0.0019549131393432617
chr17:41267772:G>T	-0.8461163640022278	-0.8463698029518127	-0.00025343894958496094
chr17:41267772:G>C	-0.8461163640022278	-0.8463277816772461	-0.00021141767501831055
chr17:41267772:G>A	-0.8461163640022278	-0.8457005023956299	0.0004158616065979004
chr17:41267771:A>T	-0.8460400104522705	-0.846581220626831	-0.0005412101745605469
chr17:41267771:A>C	-0.8460400104522705	-0.8466662168502808	-0.0006262063980102539
chr17:41267768:T>G	-0.8460226058959961	-0.847913384437561	-0.0018907785415649414
chr17:41267768:T>C	-0.8460226058959961	-0.8468962907791138	-0.0008736848831176758
chr17:41267768:T>A	-0.8460226058959961	-0.8470269441604614	-0.001004338264465332
chr17:41267767:G>T	-0.8451460599899292	-0.846398115158081	-0.0012520551681518555
chr17:41267767:G>C	-0.8451460599899292	-0.8462242484092712	-0.001078188419342041
chr17:41267767:G>A	-0.8451460599899292	-0.845687985420227	-0.0005419254302978516
chr17:41267766:T>G	-0.844875693321228	-0.844933032989502	-5.733966827392578e-05
chr17:41267766:T>C	-0.844875693321228	-0.8451195955276489	-0.00024390220642089844
chr17:41267766:T>A	-0.844875693321228	-0.8450623154640198	-0.00018662214279174805
chr17:41267765:T>G	-0.844691276550293	-0.8447431325912476	-5.1856040954589844e-05
chr17:41267765:T>C	-0.844691276550293	-0.8459030389785767	-0.0012117624282836914
chr17:41267765:T>A	-0.844691276550293	-0.8454837799072266	-0.0007925033569335938
chr17:41267764:T>G	-0.8447448015213013	-0.8454234004020691	-0.0006785988807678223
chr17:41267764:T>C	-0.8447448015213013	-0.8447743654251099	-2.956390380859375e-05
chr17:41267764:T>A	-0.8447448015213013	-0.8457937240600586	-0.0010489225387573242
chr17:41267763:C>T	-0.8445348739624023	-0.8444197773933411	0.0001150965690612793
chr17:41267763:C>G	-0.8445348739624023	-0.8450881838798523	-0.0005533099174499512
chr17:41267763:C>A	-0.8445348739624023	-0.8451021313667297	-0.0005672574043273926
chr17:41267762:A>T	-0.8445082902908325	-0.848304808139801	-0.003796517848968506
chr17:41267762:A>G	-0.8445082902908325	-0.8479087948799133	-0.0034005045890808105
chr17:41267762:A>C	-0.8445082902908325	-0.8495674133300781	-0.0050591230392456055
chr17:41267761:C>T	-0.8445593118667603	-0.8467426300048828	-0.0021833181381225586
chr17:41267761:C>G	-0.8445593118667603	-0.8478232622146606	-0.0032639503479003906
chr17:41267761:C>A	-0.8445593118667603	-0.8482028841972351	-0.0036435723304748535
chr17:41267760:A>T	-0.8445501327514648	-0.8495455980300903	-0.004995465278625488
chr17:41267760:A>G	-0.8445501327514648	-0.8448571562767029	-0.0003070235252380371
chr17:41267760:A>C	-0.8445501327514648	-0.8496431112289429	-0.005092978477478027
chr17:41267759:C>T	-0.8447054028511047	-0.8449626564979553	-0.00025725364685058594
chr17:41267759:C>G	-0.8447054028511047	-0.8455531001091003	-0.0008476972579956055
chr17:41267759:C>A	-0.8447054028511047	-0.846352756023407	-0.001647353172302246
chr17:41267758:T>G	-0.8446673154830933	-0.8455897569656372	-0.0009224414825439453
chr17:41267758:T>C	-0.8446673154830933	-0.8452978134155273	-0.000630497932434082
chr17:41267758:T>A	-0.8446673154830933	-0.8462768197059631	-0.001609504222869873
chr17:41267757:G>T	-0.8445026874542236	-0.8445764780044556	-7.37905502319336e-05
chr17:41267757:G>C	-0.8445026874542236	-0.844660758972168	-0.00015807151794433594
chr17:41267757:G>A	-0.8445026874542236	-0.8442898392677307	0.00021284818649291992
chr17:41267756:G>T	-0.8445461988449097	-0.8455127477645874	-0.0009665489196777344
chr17:41267756:G>C	-0.8445461988449097	-0.8465738296508789	-0.0020276308059692383
chr17:41267756:G>A	-0.8445461988449097	-0.8455084562301636	-0.0009622573852539062
chr17:41267755:T>G	-0.8437217473983765	-0.8483033776283264	-0.004581630229949951
chr17:41267755:T>C	-0.8437217473983765	-0.8441570401191711	-0.00043529272079467773
chr17:41267755:T>A	-0.8437217473983765	-0.8468241095542908	-0.0031023621559143066
chr17:41267754:G>T	-0.8435944318771362	-0.8443224430084229	-0.0007280111312866211
chr17:41267754:G>C	-0.8435944318771362	-0.843896746635437	-0.00030231475830078125
chr17:41267754:G>A	-0.8435944318771362	-0.8432133197784424	0.00038111209869384766
chr17:41267753:T>G	-0.8436328768730164	-0.843535304069519	9.757280349731445e-05
chr17:41267753:T>C	-0.8436328768730164	-0.8435007929801941	0.00013208389282226562
chr17:41267753:T>A	-0.8436328768730164	-0.8434775471687317	0.00015532970428466797
chr17:41267752:A>T	-0.8434250354766846	-0.8440307974815369	-0.0006057620048522949
chr17:41267752:A>G	-0.8434250354766846	-0.8433663249015808	5.8710575103759766e-05
chr17:41267752:A>C	-0.8434250354766846	-0.8441159129142761	-0.0006908774375915527
chr17:41267751:T>G	-0.8433409929275513	-0.8434550166130066	-0.00011402368545532227
chr17:41267751:T>C	-0.8433409929275513	-0.8434323072433472	-9.131431579589844e-05
chr17:41267751:T>A	-0.8433409929275513	-0.8432216048240662	0.00011938810348510742
chr17:41267750:A>T	-0.8435965776443481	-0.845100998878479	-0.0015044212341308594
chr17:41267750:A>G	-0.8435965776443481	-0.8442360758781433	-0.000639498233795166
chr17:41267750:A>C	-0.8435965776443481	-0.8453464508056641	-0.001749873161315918
chr17:41267749:A>T	-0.8433877825737	-0.8435919284820557	-0.0002041459083557129
chr17:41267749:A>G	-0.8433877825737	-0.845470130443573	-0.002082347869873047
chr17:41267749:A>C	-0.8433877825737	-0.8475203514099121	-0.004132568836212158
chr17:41267748:A>T	-0.8429636359214783	-0.8437111377716064	-0.0007475018501281738
chr17:41267748:A>G	-0.8429636359214783	-0.8430318236351013	-6.818771362304688e-05
chr17:41267748:A>C	-0.8429636359214783	-0.8435892462730408	-0.0006256103515625
chr17:41267747:A>T	-0.8431453704833984	-0.8475103378295898	-0.004364967346191406
chr17:41267747:A>G	-0.8431453704833984	-0.8470767140388489	-0.0039313435554504395
chr17:41267747:A>C	-0.8431453704833984	-0.8475327491760254	-0.004387378692626953
chr17:41267746:C>T	-0.8428130745887756	-0.8442164659500122	-0.0014033913612365723
chr17:41267746:C>G	-0.8428130745887756	-0.8464523553848267	-0.0036392807960510254
chr17:41267746:C>A	-0.8428130745887756	-0.8470427393913269	-0.0042296648025512695
chr17:41267745:G>T	-0.842749834060669	-0.847530722618103	-0.004780888557434082
chr17:41267745:G>C	-0.842749834060669	-0.8477239012718201	-0.004974067211151123
chr17:41267745:G>A	-0.842749834060669	-0.8427571058273315	-7.271766662597656e-06
chr17:41267744:T>G	-0.8427543640136719	-0.8426483869552612	0.00010597705841064453
chr17:41267744:T>C	-0.8427543640136719	-0.8430163860321045	-0.0002620220184326172
chr17:41267744:T>A	-0.8427543640136719	-0.8428351879119873	-8.082389831542969e-05
chr17:41267743:T>G	-0.8424641489982605	-0.8428218364715576	-0.00035768747329711914
chr17:41267743:T>C	-0.8424641489982605	-0.8426660299301147	-0.00020188093185424805
chr17:41267743:T>A	-0.8424641489982605	-0.8431890606880188	-0.0007249116897583008
chr17:41267742:C>T	-0.8422929048538208	-0.8474980592727661	-0.0052051544189453125
chr17:41267742:C>G	-0.8422929048538208	-0.847574770450592	-0.00528186559677124
chr17:41267742:C>A	-0.8422929048538208	-0.8474844098091125	-0.005191504955291748
chr17:41267741:A>T	-0.8422759771347046	-0.8475567102432251	-0.005280733108520508
chr17:41267741:A>G	-0.8422759771347046	-0.8475804328918457	-0.005304455757141113
chr17:41267741:A>C	-0.8422759771347046	-0.847484827041626	-0.005208849906921387
chr17:41267740:T>G	-0.8421922922134399	-0.8433496356010437	-0.0011573433876037598
chr17:41267740:T>C	-0.8421922922134399	-0.8419347405433655	0.0002575516700744629
chr17:41267740:T>A	-0.8421922922134399	-0.8467881679534912	-0.0045958757400512695
chr17:41267739:T>G	-0.8423178791999817	-0.8425946235656738	-0.00027674436569213867
chr17:41267739:T>C	-0.8423178791999817	-0.8423636555671692	-4.57763671875e-05
chr17:41267739:T>A	-0.8423178791999817	-0.8423213362693787	-3.4570693969726562e-06
chr17:41267738:C>T	-0.8422022461891174	-0.8473125696182251	-0.005110323429107666
chr17:41267738:C>G	-0.8422022461891174	-0.8473828434944153	-0.0051805973052978516
chr17:41267738:C>A	-0.8422022461891174	-0.8471470475196838	-0.004944801330566406
chr17:41267737:A>T	-0.8419910669326782	-0.8421729207038879	-0.0001818537712097168
chr17:41267737:A>G	-0.8419910669326782	-0.8420611619949341	-7.009506225585938e-05
chr17:41267737:A>C	-0.8419910669326782	-0.8420804142951965	-8.934736251831055e-05
chr17:41267736:A>T	-0.8418475985527039	-0.8418134450912476	3.415346145629883e-05
chr17:41267736:A>G	-0.8418475985527039	-0.8418899774551392	-4.2378902435302734e-05
chr17:41267736:A>C	-0.8418475985527039	-0.8417429327964783	0.00010466575622558594
chr17:41267735:A>T	-0.8415831923484802	-0.8413414359092712	0.00024175643920898438
chr17:41267735:A>G	-0.8415831923484802	-0.8420174717903137	-0.0004342794418334961
chr17:41267735:A>C	-0.8415831923484802	-0.8417004942893982	-0.00011730194091796875
chr17:41267734:C>T	-0.8415652513504028	-0.8416736721992493	-0.00010842084884643555
chr17:41267734:C>G	-0.8415652513504028	-0.8417121171951294	-0.0001468658447265625
chr17:41267734:C>A	-0.8415652513504028	-0.841510534286499	5.4717063903808594e-05
chr17:41267733:T>G	-0.8416643738746643	-0.841639518737793	2.485513687133789e-05
chr17:41267733:T>C	-0.8416643738746643	-0.8418467044830322	-0.00018233060836791992
chr17:41267733:T>A	-0.8416643738746643	-0.8415152430534363	0.00014913082122802734
chr17:41267732:T>G	-0.8413069844245911	-0.8412317633628845	7.522106170654297e-05
chr17:41267732:T>C	-0.8413069844245911	-0.84124356508255	6.341934204101562e-05
chr17:41267732:T>A	-0.8413069844245911	-0.8411998152732849	0.00010716915130615234
chr17:41267731:A>T	-0.8411117196083069	-0.8410232067108154	8.851289749145508e-05
chr17:41267731:A>G	-0.8411117196083069	-0.8414146304130554	-0.00030291080474853516
chr17:41267731:A>C	-0.8411117196083069	-0.8411349058151245	-2.3186206817626953e-05
chr17:41267730:C>T	-0.8409618139266968	-0.8409963846206665	-3.457069396972656e-05
chr17:41267730:C>G	-0.8409618139266968	-0.8409274220466614	3.439188003540039e-05
chr17:41267730:C>A	-0.8409618139266968	-0.84114009141922	-0.00017827749252319336
chr17:41267729:A>T	-0.8407689929008484	-0.840794563293457	-2.5570392608642578e-05
chr17:41267729:A>G	-0.8407689929008484	-0.8412448763847351	-0.00047588348388671875
chr17:41267729:A>C	-0.8407689929008484	-0.8408844470977783	-0.00011545419692993164
chr17:41267728:C>T	-0.8407542705535889	-0.8405205607414246	0.00023370981216430664
chr17:41267728:C>G	-0.8407542705535889	-0.8408796787261963	-0.00012540817260742188
chr17:41267728:C>A	-0.8407542705535889	-0.8404960036277771	0.0002582669258117676
chr17:41267727:A>T	-0.8405560851097107	-0.8405577540397644	-1.6689300537109375e-06
chr17:41267727:A>G	-0.8405560851097107	-0.8406053781509399	-4.929304122924805e-05
chr17:41267727:A>C	-0.8405560851097107	-0.8405861854553223	-3.0100345611572266e-05
chr17:41267726:A>T	-0.8401878476142883	-0.8401086926460266	7.915496826171875e-05
chr17:41267726:A>G	-0.8401878476142883	-0.840106189250946	8.165836334228516e-05
chr17:41267726:A>C	-0.8401878476142883	-0.840121328830719	6.651878356933594e-05
chr17:41267725:T>G	-0.8399597406387329	-0.8398227691650391	0.00013697147369384766
chr17:41267725:T>C	-0.8399597406387329	-0.8398714065551758	8.83340835571289e-05
chr17:41267725:T>A	-0.8399597406387329	-0.8397971391677856	0.00016260147094726562
chr17:41267724:A>T	-0.8399333953857422	-0.8398933410644531	4.00543212890625e-05
chr17:41267724:A>G	-0.8399333953857422	-0.8401973247528076	-0.0002639293670654297
chr17:41267724:A>C	-0.8399333953857422	-0.8400174379348755	-8.404254913330078e-05
chr17:41267723:C>T	-0.8397302627563477	-0.8397022485733032	2.8014183044433594e-05
chr17:41267723:C>G	-0.8397302627563477	-0.8397966027259827	-6.633996963500977e-05
chr17:41267723:C>A	-0.8397302627563477	-0.8396314978599548	9.876489639282227e-05
chr17:41267722:A>T	-0.8396037220954895	-0.8397363424301147	-0.00013262033462524414
chr17:41267722:A>G	-0.8396037220954895	-0.8399485349655151	-0.00034481287002563477
chr17:41267722:A>C	-0.8396037220954895	-0.8399055004119873	-0.00030177831649780273
chr17:41267721:C>T	-0.8392505049705505	-0.8393543362617493	-0.00010383129119873047
chr17:41267721:C>G	-0.8392505049705505	-0.8396347761154175	-0.00038427114486694336
chr17:41267721:C>A	-0.8392505049705505	-0.8392928838729858	-4.2378902435302734e-05
chr17:41267720:C>T	-0.8389495611190796	-0.8388999700546265	4.9591064453125e-05
chr17:41267720:C>A	-0.8389495611190796	-0.8390053510665894	-5.5789947509765625e-05
chr17:41258562:A>T	-0.8200219869613647	-0.820650041103363	-0.000628054141998291
chr17:41258562:A>G	-0.8200219869613647	-0.8203133940696716	-0.00029140710830688477
chr17:41258562:A>C	-0.8200219869613647	-0.8205767273902893	-0.0005547404289245605
chr17:41258561:T>G	-0.8200263381004333	-0.82021164894104	-0.00018531084060668945
chr17:41258561:T>C	-0.8200263381004333	-0.8199443221092224	8.20159912109375e-05
chr17:41258561:T>A	-0.8200263381004333	-0.8202838897705078	-0.0002575516700744629
chr17:41258560:A>T	-0.8197315335273743	-0.8203085660934448	-0.0005770325660705566
chr17:41258560:A>G	-0.8197315335273743	-0.8199533224105835	-0.00022178888320922852
chr17:41258560:A>C	-0.8197315335273743	-0.8209977149963379	-0.001266181468963623
chr17:41258559:T>G	-0.819408118724823	-0.8198587894439697	-0.0004506707191467285
chr17:41258559:T>C	-0.819408118724823	-0.8196830153465271	-0.00027489662170410156
chr17:41258559:T>A	-0.819408118724823	-0.8199566006660461	-0.0005484819412231445
chr17:41258558:T>G	-0.8192751407623291	-0.819871723651886	-0.0005965828895568848
chr17:41258558:T>C	-0.8192751407623291	-0.8203909397125244	-0.0011157989501953125
chr17:41258558:T>A	-0.8192751407623291	-0.8201324343681335	-0.0008572936058044434
chr17:41258557:A>T	-0.8193120956420898	-0.8202730417251587	-0.0009609460830688477
chr17:41258557:A>G	-0.8193120956420898	-0.8197947144508362	-0.0004826188087463379
chr17:41258557:A>C	-0.8193120956420898	-0.8206091523170471	-0.0012970566749572754
chr17:41258556:A>T	-0.8195396065711975	-0.819800853729248	-0.0002612471580505371
chr17:41258556:A>G	-0.8195396065711975	-0.8192499279975891	0.00028967857360839844
chr17:41258556:A>C	-0.8195396065711975	-0.8198564648628235	-0.00031685829162597656
chr17:41258555:A>T	-0.8195548057556152	-0.820548415184021	-0.0009936094284057617
chr17:41258555:A>G	-0.8195548057556152	-0.8200498223304749	-0.0004950165748596191
chr17:41258555:A>C	-0.8195548057556152	-0.8202791213989258	-0.0007243156433105469
chr17:41258554:T>G	-0.8194922804832458	-0.8209492564201355	-0.0014569759368896484
chr17:41258554:T>C	-0.8194922804832458	-0.8203810453414917	-0.0008887648582458496
chr17:41258554:T>A	-0.8194922804832458	-0.8209930062294006	-0.0015007257461547852
chr17:41258553:A>T	-0.8193256855010986	-0.8209822773933411	-0.0016565918922424316
chr17:41258553:A>G	-0.8193256855010986	-0.8198801279067993	-0.0005544424057006836
chr17:41258553:A>C	-0.8193256855010986	-0.821446418762207	-0.0021207332611083984
chr17:41258552:T>G	-0.81922847032547	-0.8214138746261597	-0.0021854043006896973
chr17:41258552:T>C	-0.81922847032547	-0.8213690519332886	-0.0021405816078186035
chr17:41258552:T>A	-0.81922847032547	-0.8219552636146545	-0.0027267932891845703
chr17:41258551:C>T	-0.8188083171844482	-0.8217400908470154	-0.0029317736625671387
chr17:41258551:C>G	-0.8188083171844482	-0.8207419514656067	-0.0019336342811584473
chr17:41258551:C>A	-0.8188083171844482	-0.8216027617454529	-0.0027944445610046387
chr17:41258550:T>G	-0.8186796307563782	-0.8201342225074768	-0.0014545917510986328
chr17:41258550:T>C	-0.8186796307563782	-0.8190849423408508	-0.00040531158447265625
chr17:41258550:T>A	-0.8186796307563782	-0.8204493522644043	-0.001769721508026123
chr17:41258549:A>T	-0.8187784552574158	-0.8202199935913086	-0.0014415383338928223
chr17:41258549:A>G	-0.8187784552574158	-0.8199291825294495	-0.0011507272720336914
chr17:41258549:A>C	-0.8187784552574158	-0.8205379247665405	-0.0017594695091247559
chr17:41258548:A>T	-0.8186540007591248	-0.8196365237236023	-0.000982522964477539
chr17:41258548:A>G	-0.8186540007591248	-0.8200264573097229	-0.0013724565505981445
chr17:41258548:A>C	-0.8186540007591248	-0.8199754357337952	-0.0013214349746704102
chr17:41258547:A>T	-0.8187008500099182	-0.8201430439949036	-0.0014421939849853516
chr17:41258547:A>G	-0.8187008500099182	-0.8192178010940552	-0.0005169510841369629
chr17:41258547:A>C	-0.8187008500099182	-0.8200904130935669	-0.0013895630836486816
chr17:41258546:A>T	-0.8187438249588013	-0.822003960609436	-0.0032601356506347656
chr17:41258546:A>G	-0.8187438249588013	-0.8214504718780518	-0.0027066469192504883
chr17:41258546:A>C	-0.8187438249588013	-0.8218902349472046	-0.0031464099884033203
chr17:41258545:C>T	-0.818697988986969	-0.8217305541038513	-0.0030325651168823242
chr17:41258545:C>G	-0.818697988986969	-0.8219032883644104	-0.0032052993774414062
chr17:41258545:C>A	-0.818697988986969	-0.8222986459732056	-0.0036006569862365723
chr17:41258544:G>T	-0.8185139894485474	-0.8216909170150757	-0.0031769275665283203
chr17:41258544:G>C	-0.8185139894485474	-0.8215571045875549	-0.0030431151390075684
chr17:41258544:G>A	-0.8185139894485474	-0.8179692625999451	0.0005447268486022949
chr17:41258543:T>G	-0.8183813095092773	-0.8188287615776062	-0.0004474520683288574
chr17:41258543:T>C	-0.8183813095092773	-0.818807065486908	-0.00042575597763061523
chr17:41258543:T>A	-0.8183813095092773	-0.8187853097915649	-0.00040400028228759766
chr17:41258542:A>T	-0.8180607557296753	-0.8207591772079468	-0.0026984214782714844
chr17:41258542:A>G	-0.8180607557296753	-0.8193471431732178	-0.0012863874435424805
chr17:41258542:A>C	-0.8180607557296753	-0.8209228515625	-0.002862095832824707
chr17:41258541:C>T	-0.8179273009300232	-0.8187483549118042	-0.0008210539817810059
chr17:41258541:C>G	-0.8179273009300232	-0.8189066052436829	-0.000979304313659668
chr17:41258541:C>A	-0.8179273009300232	-0.8188117146492004	-0.0008844137191772461
chr17:41258540:G>T	-0.8180233240127563	-0.8188221454620361	-0.0007988214492797852
chr17:41258540:G>C	-0.8180233240127563	-0.818943202495575	-0.0009198784828186035
chr17:41258540:G>A	-0.8180233240127563	-0.8183068037033081	-0.0002834796905517578
chr17:41258539:A>T	-0.8174226880073547	-0.819819986820221	-0.002397298812866211
chr17:41258539:A>G	-0.8174226880073547	-0.8198269605636597	-0.0024042725563049316
chr17:41258539:A>C	-0.8174226880073547	-0.819797158241272	-0.0023744702339172363
chr17:41258538:C>T	-0.8174589276313782	-0.8176316022872925	-0.00017267465591430664
chr17:41258538:C>G	-0.8174589276313782	-0.8179751634597778	-0.0005162358283996582
chr17:41258538:C>A	-0.8174589276313782	-0.8180097937583923	-0.0005508661270141602
chr17:41258537:T>G	-0.817579984664917	-0.8191791772842407	-0.0015991926193237305
chr17:41258537:T>C	-0.817579984664917	-0.8201175928115845	-0.0025376081466674805
chr17:41258537:T>A	-0.817579984664917	-0.8219811916351318	-0.004401206970214844
chr17:41258536:T>G	-0.8176137208938599	-0.8192125558853149	-0.0015988349914550781
chr17:41258536:T>C	-0.8176137208938599	-0.8185467720031738	-0.0009330511093139648
chr17:41258536:T>A	-0.8176137208938599	-0.8202517032623291	-0.0026379823684692383
chr17:41258535:T>G	-0.8177841305732727	-0.8188275694847107	-0.0010434389114379883
chr17:41258535:T>C	-0.8177841305732727	-0.8182438611984253	-0.0004597306251525879
chr17:41258535:T>A	-0.8177841305732727	-0.8189094066619873	-0.0011252760887145996
chr17:41258534:G>T	-0.817353367805481	-0.8181620836257935	-0.0008087158203125
chr17:41258534:G>C	-0.817353367805481	-0.8180744051933289	-0.0007210373878479004
chr17:41258534:G>A	-0.817353367805481	-0.8184559941291809	-0.0011026263236999512
chr17:41258533:A>T	-0.816893994808197	-0.8190244436264038	-0.002130448818206787
chr17:41258533:A>G	-0.816893994808197	-0.820345401763916	-0.003451406955718994
chr17:41258533:A>C	-0.816893994808197	-0.8195014595985413	-0.0026074647903442383
chr17:41258532:A>T	-0.8169541358947754	-0.817608118057251	-0.0006539821624755859
chr17:41258532:A>G	-0.8169541358947754	-0.817644476890564	-0.0006903409957885742
chr17:41258532:A>C	-0.8169541358947754	-0.8175028562545776	-0.0005487203598022461
chr17:41258531:G>T	-0.8165491819381714	-0.8173131942749023	-0.000764012336730957
chr17:41258531:G>C	-0.8165491819381714	-0.8179797530174255	-0.0014305710792541504
chr17:41258531:G>A	-0.8165491819381714	-0.8183244466781616	-0.0017752647399902344
chr17:41258530:A>T	-0.8166682720184326	-0.8198506236076355	-0.003182351589202881
chr17:41258530:A>G	-0.8166682720184326	-0.821020781993866	-0.00435250997543335
chr17:41258530:A>C	-0.8166682720184326	-0.8194245100021362	-0.0027562379837036133
chr17:41258529:G>T	-0.816224992275238	-0.8172158598899841	-0.0009908676147460938
chr17:41258529:G>C	-0.816224992275238	-0.8169682621955872	-0.0007432699203491211
chr17:41258529:G>A	-0.816224992275238	-0.8172256350517273	-0.0010006427764892578
chr17:41258528:T>G	-0.8163204193115234	-0.8178011775016785	-0.0014807581901550293
chr17:41258528:T>C	-0.8163204193115234	-0.8175414204597473	-0.001221001148223877
chr17:41258528:T>A	-0.8163204193115234	-0.8186740279197693	-0.0023536086082458496
chr17:41258527:T>G	-0.8160246014595032	-0.8170197010040283	-0.0009950995445251465
chr17:41258527:T>C	-0.8160246014595032	-0.8166459798812866	-0.0006213784217834473
chr17:41258527:T>A	-0.8160246014595032	-0.8185626864433289	-0.0025380849838256836
chr17:41258526:G>T	-0.8157250285148621	-0.8170028328895569	-0.0012778043746948242
chr17:41258526:G>C	-0.8157250285148621	-0.816887617111206	-0.0011625885963439941
chr17:41258526:G>A	-0.8157250285148621	-0.8159294724464417	-0.00020444393157958984
chr17:41258525:G>T	-0.815722644329071	-0.8164598941802979	-0.0007372498512268066
chr17:41258525:G>C	-0.815722644329071	-0.816877543926239	-0.0011548995971679688
chr17:41258525:G>A	-0.815722644329071	-0.8221813440322876	-0.006458699703216553
chr17:41258524:T>G	-0.8157219886779785	-0.8174998164176941	-0.0017778277397155762
chr17:41258524:T>C	-0.8157219886779785	-0.816058874130249	-0.0003368854522705078
chr17:41258524:T>A	-0.8157219886779785	-0.8187432885169983	-0.0030212998390197754
chr17:41258523:C>T	-0.8159778118133545	-0.8164293169975281	-0.000451505184173584
chr17:41258523:C>G	-0.8159778118133545	-0.8179628252983093	-0.001985013484954834
chr17:41258523:C>A	-0.8159778118133545	-0.8177586197853088	-0.0017808079719543457
chr17:41258522:T>G	-0.8156919479370117	-0.8163952827453613	-0.0007033348083496094
chr17:41258522:T>C	-0.8156919479370117	-0.8163536787033081	-0.0006617307662963867
chr17:41258522:T>A	-0.8156919479370117	-0.8227009177207947	-0.007008969783782959
chr17:41258521:T>G	-0.8154988288879395	-0.8168922066688538	-0.0013933777809143066
chr17:41258521:T>C	-0.8154988288879395	-0.8161652684211731	-0.0006664395332336426
chr17:41258521:T>A	-0.8154988288879395	-0.8181166648864746	-0.0026178359985351562
chr17:41258520:C>T	-0.815413236618042	-0.8157603740692139	-0.000347137451171875
chr17:41258520:C>G	-0.815413236618042	-0.8166844248771667	-0.0012711882591247559
chr17:41258520:C>A	-0.815413236618042	-0.816676676273346	-0.001263439655303955
chr17:41258519:T>G	-0.8153629302978516	-0.8165687322616577	-0.0012058019638061523
chr17:41258519:T>C	-0.8153629302978516	-0.8175349831581116	-0.0021720528602600098
chr17:41258519:T>A	-0.8153629302978516	-0.8227183222770691	-0.007355391979217529
chr17:41258518:T>G	-0.8156497478485107	-0.8176111578941345	-0.0019614100456237793
chr17:41258518:T>C	-0.8156497478485107	-0.815927267074585	-0.00027751922607421875
chr17:41258518:T>A	-0.8156497478485107	-0.8187016844749451	-0.003051936626434326
chr17:41258517:T>G	-0.8156993985176086	-0.8173102140426636	-0.0016108155250549316
chr17:41258517:T>C	-0.8156993985176086	-0.8161965608596802	-0.0004971623420715332
chr17:41258517:T>A	-0.8156993985176086	-0.8170825839042664	-0.0013831853866577148
chr17:41258516:C>G	-0.8154873847961426	-0.8177716135978699	-0.002284228801727295
chr17:41258515:C>G	-0.8152126669883728	-0.8177468776702881	-0.002534210681915283
chr17:41258515:C>A	-0.8152126669883728	-0.8187223076820374	-0.0035096406936645508
chr17:41258513:G>T	-0.8151127696037292	-0.8173214197158813	-0.0022086501121520996
chr17:41258513:G>C	-0.8151127696037292	-0.8171974420547485	-0.002084672451019287
chr17:41258512:G>T	-0.8155212998390198	-0.8177086710929871	-0.002187371253967285
chr17:41258512:G>C	-0.8155212998390198	-0.8178765177726746	-0.002355217933654785
chr17:41258512:G>A	-0.8155212998390198	-0.8177019953727722	-0.0021806955337524414
chr17:41258511:A>T	-0.8152461051940918	-0.8159428238868713	-0.000696718692779541
chr17:41258511:A>G	-0.8152461051940918	-0.8160616755485535	-0.0008155703544616699
chr17:41258511:A>C	-0.8152461051940918	-0.8159227967262268	-0.0006766915321350098
chr17:41258510:A>T	-0.8154493570327759	-0.8160775303840637	-0.0006281733512878418
chr17:41258510:A>G	-0.8154493570327759	-0.8173360824584961	-0.0018867254257202148
chr17:41258510:A>C	-0.8154493570327759	-0.816257894039154	-0.0008085370063781738
chr17:41258509:G>T	-0.8156065940856934	-0.8249605894088745	-0.009353995323181152
chr17:41258509:G>C	-0.8156065940856934	-0.8248065114021301	-0.009199917316436768
chr17:41258509:G>A	-0.8156065940856934	-0.8177232146263123	-0.0021166205406188965
chr17:41258508:T>G	-0.8156578540802002	-0.8161324858665466	-0.00047463178634643555
chr17:41258508:T>C	-0.8156578540802002	-0.8159152865409851	-0.0002574324607849121
chr17:41258508:T>A	-0.8156578540802002	-0.8160565495491028	-0.0003986954689025879
chr17:41258507:G>T	-0.8156800866127014	-0.8171165585517883	-0.001436471939086914
chr17:41258507:G>C	-0.8156800866127014	-0.8174272775650024	-0.0017471909523010254
chr17:41258507:G>A	-0.8156800866127014	-0.8241170644760132	-0.008436977863311768
chr17:41258506:T>G	-0.8159945607185364	-0.8180437088012695	-0.0020491480827331543
chr17:41258506:T>C	-0.8159945607185364	-0.8167651295661926	-0.00077056884765625
chr17:41258506:T>A	-0.8159945607185364	-0.8184710144996643	-0.0024764537811279297
chr17:41258505:C>T	-0.8162457942962646	-0.8162720799446106	-2.6285648345947266e-05
chr17:41258505:C>G	-0.8162457942962646	-0.8168376088142395	-0.0005918145179748535
chr17:41258505:C>A	-0.8162457942962646	-0.8169044852256775	-0.0006586909294128418
chr17:41258504:A>T	-0.816421627998352	-0.8258479237556458	-0.009426295757293701
chr17:41258504:A>G	-0.816421627998352	-0.8259244561195374	-0.009502828121185303
chr17:41258504:A>C	-0.816421627998352	-0.8258432745933533	-0.00942164659500122
chr17:41258503:C>T	-0.8165014982223511	-0.8257314562797546	-0.009229958057403564
chr17:41258503:C>G	-0.8165014982223511	-0.8260016441345215	-0.00950014591217041
chr17:41258503:C>A	-0.8165014982223511	-0.8256359696388245	-0.009134471416473389
chr17:41258502:A>T	-0.816693127155304	-0.8261604309082031	-0.00946730375289917
chr17:41258502:A>G	-0.816693127155304	-0.8173664212226868	-0.0006732940673828125
chr17:41258502:A>C	-0.816693127155304	-0.8258139491081238	-0.009120821952819824
chr17:41258501:G>T	-0.8166735768318176	-0.8236395716667175	-0.006965994834899902
chr17:41258501:G>C	-0.8166735768318176	-0.8238356113433838	-0.007162034511566162
chr17:41258501:G>A	-0.8166735768318176	-0.8235496878623962	-0.006876111030578613
chr17:41258500:G>T	-0.8167273998260498	-0.8241125345230103	-0.007385134696960449
chr17:41258500:G>C	-0.8167273998260498	-0.8225740194320679	-0.005846619606018066
chr17:41258500:G>A	-0.8167273998260498	-0.8240574598312378	-0.007330060005187988
chr17:41258499:A>T	-0.8164958953857422	-0.8173999190330505	-0.0009040236473083496
chr17:41258499:A>G	-0.8164958953857422	-0.8169369101524353	-0.00044101476669311523
chr17:41258499:A>C	-0.8164958953857422	-0.8172482252120972	-0.0007523298263549805
chr17:41258498:A>T	-0.816631555557251	-0.8171422481536865	-0.0005106925964355469
chr17:41258498:A>G	-0.816631555557251	-0.8165156245231628	0.00011593103408813477
chr17:41258498:A>C	-0.816631555557251	-0.8172500133514404	-0.0006184577941894531
chr17:41258497:A>T	-0.816055953502655	-0.8260598182678223	-0.010003864765167236
chr17:41258497:A>G	-0.816055953502655	-0.8186221718788147	-0.002566218376159668
chr17:41258497:A>C	-0.816055953502655	-0.8253032565116882	-0.009247303009033203
chr17:41258496:T>G	-0.8161986470222473	-0.8168051838874817	-0.000606536865234375
chr17:41258496:T>C	-0.8161986470222473	-0.8161647319793701	3.3915042877197266e-05
chr17:41258496:T>A	-0.8161986470222473	-0.8170384764671326	-0.0008398294448852539
chr17:41258495:A>T	-0.8156399726867676	-0.8255651593208313	-0.00992518663406372
chr17:41258495:A>G	-0.8156399726867676	-0.8251867890357971	-0.009546816349029541
chr17:41258495:A>C	-0.8156399726867676	-0.8253778219223022	-0.009737849235534668
chr17:41258494:C>T	-0.815369725227356	-0.8242547512054443	-0.008885025978088379
chr17:41258494:C>G	-0.815369725227356	-0.8249990344047546	-0.009629309177398682
chr17:41258494:C>A	-0.815369725227356	-0.824716329574585	-0.009346604347229004
chr17:41258493:A>T	-0.8154868483543396	-0.8256635069847107	-0.010176658630371094
chr17:41258493:A>G	-0.8154868483543396	-0.8156496286392212	-0.0001627802848815918
chr17:41258493:A>C	-0.8154868483543396	-0.825095534324646	-0.009608685970306396
chr17:41258492:T>G	-0.8157904744148254	-0.816619873046875	-0.0008293986320495605
chr17:41258492:T>C	-0.8157904744148254	-0.8178303241729736	-0.0020398497581481934
chr17:41258492:T>A	-0.8157904744148254	-0.8259303569793701	-0.010139882564544678
chr17:41258491:T>G	-0.8153688907623291	-0.8177178502082825	-0.002348959445953369
chr17:41258491:T>C	-0.8153688907623291	-0.8159828186035156	-0.0006139278411865234
chr17:41258491:T>A	-0.8153688907623291	-0.8190015554428101	-0.003632664680480957
chr17:41258490:C>T	-0.8151132464408875	-0.8153755068778992	-0.00026226043701171875
chr17:41258490:C>G	-0.8151132464408875	-0.815947949886322	-0.0008347034454345703
chr17:41258490:C>A	-0.8151132464408875	-0.8166914582252502	-0.001578211784362793
chr17:41258489:T>G	-0.8148636817932129	-0.8157150149345398	-0.0008513331413269043
chr17:41258489:T>C	-0.8148636817932129	-0.8158846497535706	-0.001020967960357666
chr17:41258489:T>A	-0.8148636817932129	-0.8226268887519836	-0.007763206958770752
chr17:41258488:T>G	-0.8149283528327942	-0.8153314590454102	-0.0004031062126159668
chr17:41258488:T>C	-0.8149283528327942	-0.8153430223464966	-0.0004146695137023926
chr17:41258488:T>A	-0.8149283528327942	-0.8162901997566223	-0.001361846923828125
chr17:41258487:A>T	-0.8148144483566284	-0.8152530193328857	-0.0004385709762573242
chr17:41258487:A>G	-0.8148144483566284	-0.8146694898605347	0.00014495849609375
chr17:41258487:A>C	-0.8148144483566284	-0.8154280185699463	-0.0006135702133178711
chr17:41258486:C>T	-0.8145650029182434	-0.8153927326202393	-0.0008277297019958496
chr17:41258486:C>G	-0.8145650029182434	-0.8156940340995789	-0.0011290311813354492
chr17:41258486:C>A	-0.8145650029182434	-0.8173745274543762	-0.0028095245361328125
chr17:41258485:T>G	-0.8147214651107788	-0.8149273991584778	-0.0002059340476989746
chr17:41258485:T>C	-0.8147214651107788	-0.8165293335914612	-0.001807868480682373
chr17:41258485:T>A	-0.8147214651107788	-0.8157661557197571	-0.0010446906089782715
chr17:41258484:A>T	-0.8143719434738159	-0.8155047297477722	-0.0011327862739562988
chr17:41258484:A>G	-0.8143719434738159	-0.8146548271179199	-0.0002828836441040039
chr17:41258484:A>C	-0.8143719434738159	-0.8154255151748657	-0.0010535717010498047
chr17:41258483:T>G	-0.8140634298324585	-0.8148183822631836	-0.0007549524307250977
chr17:41258483:T>C	-0.8140634298324585	-0.8143236041069031	-0.0002601742744445801
chr17:41258483:T>A	-0.8140634298324585	-0.8151689171791077	-0.00110548734664917
chr17:41258482:A>T	-0.8137272000312805	-0.8174045085906982	-0.0036773085594177246
chr17:41258482:A>G	-0.8137272000312805	-0.8151930570602417	-0.0014658570289611816
chr17:41258482:A>C	-0.8137272000312805	-0.8185434341430664	-0.004816234111785889
chr17:41258481:T>G	-0.8136468529701233	-0.8141272664070129	-0.00048041343688964844
chr17:41258481:T>C	-0.8136468529701233	-0.81438148021698	-0.0007346272468566895
chr17:41258481:T>A	-0.8136468529701233	-0.8139477372169495	-0.0003008842468261719
chr17:41258480:T>G	-0.8137210607528687	-0.8152025938034058	-0.0014815330505371094
chr17:41258480:T>C	-0.8137210607528687	-0.8142963647842407	-0.0005753040313720703
chr17:41258480:T>A	-0.8137210607528687	-0.814581036567688	-0.0008599758148193359
chr17:41258479:G>T	-0.8140088319778442	-0.8150834441184998	-0.0010746121406555176
chr17:41258479:G>C	-0.8140088319778442	-0.8149150013923645	-0.0009061694145202637
chr17:41258479:G>A	-0.8140088319778442	-0.8148435950279236	-0.0008347630500793457
chr17:41258478:G>T	-0.8140609264373779	-0.8142573833465576	-0.0001964569091796875
chr17:41258478:G>C	-0.8140609264373779	-0.8142497539520264	-0.0001888275146484375
chr17:41258478:G>A	-0.8140609264373779	-0.8141924142837524	-0.00013148784637451172
chr17:41258477:T>G	-0.8139480948448181	-0.8152730464935303	-0.0013249516487121582
chr17:41258477:T>C	-0.8139480948448181	-0.8151360154151917	-0.0011879205703735352
chr17:41258477:T>A	-0.8139480948448181	-0.8195114135742188	-0.005563318729400635
chr17:41258476:T>G	-0.814053475856781	-0.8155040740966797	-0.0014505982398986816
chr17:41258476:T>C	-0.814053475856781	-0.814863383769989	-0.0008099079132080078
chr17:41258476:T>A	-0.814053475856781	-0.8156828880310059	-0.0016294121742248535
chr17:41258475:T>G	-0.8138788342475891	-0.8145139217376709	-0.0006350874900817871
chr17:41258475:T>C	-0.8138788342475891	-0.814533531665802	-0.0006546974182128906
chr17:41258475:T>A	-0.8138788342475891	-0.8159158825874329	-0.00203704833984375
chr17:41258474:T>G	-0.8138595223426819	-0.8157894015312195	-0.0019298791885375977
chr17:41258474:T>C	-0.8138595223426819	-0.8156545162200928	-0.0017949938774108887
chr17:41258474:T>A	-0.8138595223426819	-0.8169644474983215	-0.0031049251556396484
chr17:41258473:C>T	-0.8138010501861572	-0.816447913646698	-0.0026468634605407715
chr17:41258473:C>G	-0.8138010501861572	-0.8183076977729797	-0.00450664758682251
chr17:41258473:C>A	-0.8138010501861572	-0.8183005452156067	-0.004499495029449463
chr17:41258472:C>T	-0.8137895464897156	-0.8181419372558594	-0.004352390766143799
chr17:41258472:C>G	-0.8137895464897156	-0.8188424706459045	-0.005052924156188965
chr17:41258472:C>A	-0.8137895464897156	-0.8185074329376221	-0.004717886447906494
chr17:41258471:A>T	-0.8137173652648926	-0.8183479309082031	-0.004630565643310547
chr17:41258471:A>G	-0.8137173652648926	-0.8190277218818665	-0.005310356616973877
chr17:41258471:A>C	-0.8137173652648926	-0.8183041214942932	-0.004586756229400635
chr17:41258470:T>G	-0.8139075040817261	-0.8177822232246399	-0.0038747191429138184
chr17:41258470:T>C	-0.8139075040817261	-0.8177401423454285	-0.0038326382637023926
chr17:41258470:T>A	-0.8139075040817261	-0.8182038068771362	-0.004296302795410156
chr17:41258469:A>T	-0.8141192197799683	-0.8133020401000977	0.0008171796798706055
chr17:41258469:A>G	-0.8141192197799683	-0.8139470815658569	0.00017213821411132812
chr17:41258469:A>C	-0.8141192197799683	-0.8147703409194946	-0.0006511211395263672
chr17:41258468:T>G	-0.8139064311981201	-0.8138406872749329	6.574392318725586e-05
chr17:41258468:T>C	-0.8139064311981201	-0.8132042288780212	0.000702202320098877
chr17:41258468:T>A	-0.8139064311981201	-0.8133932948112488	0.0005131363868713379
chr17:41258467:A>T	-0.8138660788536072	-0.814175546169281	-0.0003094673156738281
chr17:41258467:A>G	-0.8138660788536072	-0.8141577243804932	-0.00029164552688598633
chr17:41258467:A>C	-0.8138660788536072	-0.8142627477645874	-0.0003966689109802246
chr17:41258466:T>G	-0.8140763640403748	-0.8148269057273865	-0.0007505416870117188
chr17:41258466:T>C	-0.8140763640403748	-0.8145202398300171	-0.000443875789642334
chr17:41258466:T>A	-0.8140763640403748	-0.814179539680481	-0.00010317564010620117
chr17:41258465:T>G	-0.8141921162605286	-0.81443190574646	-0.00023978948593139648
chr17:41258465:T>C	-0.8141921162605286	-0.814719557762146	-0.0005274415016174316
chr17:41258465:T>A	-0.8141921162605286	-0.8136295080184937	0.0005626082420349121
chr17:41258464:A>T	-0.8143326044082642	-0.8149868845939636	-0.0006542801856994629
chr17:41258464:A>G	-0.8143326044082642	-0.8145000338554382	-0.00016742944717407227
chr17:41258464:A>C	-0.8143326044082642	-0.8148022294044495	-0.00046962499618530273
chr17:41258463:A>T	-0.8143637180328369	-0.8149042725563049	-0.0005405545234680176
chr17:41258463:A>G	-0.8143637180328369	-0.8147929906845093	-0.0004292726516723633
chr17:41258463:A>C	-0.8143637180328369	-0.814788281917572	-0.0004245638847351074
chr17:41256983:A>T	-0.7650891542434692	-0.7657914161682129	-0.0007022619247436523
chr17:41256983:A>G	-0.7650891542434692	-0.765647292137146	-0.0005581378936767578
chr17:41256983:A>C	-0.7650891542434692	-0.7656477093696594	-0.0005585551261901855
chr17:41256982:A>T	-0.7649260759353638	-0.7658640146255493	-0.0009379386901855469
chr17:41256982:A>G	-0.7649260759353638	-0.7656614780426025	-0.0007354021072387695
chr17:41256982:A>C	-0.7649260759353638	-0.765894889831543	-0.0009688138961791992
chr17:41256981:T>G	-0.7650201916694641	-0.7651077508926392	-8.755922317504883e-05
chr17:41256981:T>C	-0.7650201916694641	-0.7652474641799927	-0.00022727251052856445
chr17:41256981:T>A	-0.7650201916694641	-0.765219509601593	-0.00019931793212890625
chr17:41256980:T>G	-0.7650662660598755	-0.7655457258224487	-0.0004794597625732422
chr17:41256980:T>C	-0.7650662660598755	-0.7666967511177063	-0.0016304850578308105
chr17:41256980:T>A	-0.7650662660598755	-0.7652122974395752	-0.00014603137969970703
chr17:41256979:A>T	-0.7649279236793518	-0.7671701312065125	-0.0022422075271606445
chr17:41256979:A>G	-0.7649279236793518	-0.7663282752037048	-0.0014003515243530273
chr17:41256979:A>C	-0.7649279236793518	-0.7678634524345398	-0.0029355287551879883
chr17:41256978:A>T	-0.764702320098877	-0.766724705696106	-0.002022385597229004
chr17:41256978:A>G	-0.764702320098877	-0.7663001418113708	-0.0015978217124938965
chr17:41256978:A>C	-0.764702320098877	-0.7669898271560669	-0.0022875070571899414
chr17:41256977:A>T	-0.7646654844284058	-0.7665547132492065	-0.0018892288208007812
chr17:41256977:A>G	-0.7646654844284058	-0.7661148905754089	-0.0014494061470031738
chr17:41256977:A>C	-0.7646654844284058	-0.7664105892181396	-0.0017451047897338867
chr17:41256976:G>T	-0.7648417949676514	-0.7666946649551392	-0.001852869987487793
chr17:41256976:G>C	-0.7648417949676514	-0.7673264145851135	-0.002484619617462158
chr17:41256976:G>A	-0.7648417949676514	-0.7657243013381958	-0.0008825063705444336
chr17:41256975:T>G	-0.7650364637374878	-0.769346296787262	-0.00430983304977417
chr17:41256975:T>C	-0.7650364637374878	-0.769684374332428	-0.0046479105949401855
chr17:41256975:T>A	-0.7650364637374878	-0.7717242240905762	-0.006687760353088379
chr17:41256974:C>T	-0.7647876739501953	-0.768105685710907	-0.00331801176071167
chr17:41256974:C>G	-0.7647876739501953	-0.7703125476837158	-0.005524873733520508
chr17:41256974:C>A	-0.7647876739501953	-0.771052896976471	-0.006265223026275635
chr17:41256973:C>T	-0.7647079825401306	-0.7647879719734192	-7.998943328857422e-05
chr17:41256973:C>G	-0.7647079825401306	-0.766963541507721	-0.002255558967590332
chr17:41256973:C>A	-0.7647079825401306	-0.7675808668136597	-0.0028728842735290527
chr17:41256972:T>G	-0.7646489143371582	-0.7662284970283508	-0.001579582691192627
chr17:41256972:T>C	-0.7646489143371582	-0.766523003578186	-0.001874089241027832
chr17:41256972:T>A	-0.7646489143371582	-0.7674866914749146	-0.0028377771377563477
chr17:41256971:C>T	-0.7646885514259338	-0.7654555439949036	-0.0007669925689697266
chr17:41256971:C>G	-0.7646885514259338	-0.7658438682556152	-0.0011553168296813965
chr17:41256971:C>A	-0.7646885514259338	-0.7681832909584045	-0.003494739532470703
chr17:41256970:G>T	-0.7644490599632263	-0.7673986554145813	-0.0029495954513549805
chr17:41256970:G>C	-0.7644490599632263	-0.7674821615219116	-0.0030331015586853027
chr17:41256970:G>A	-0.7644490599632263	-0.7648346424102783	-0.00038558244705200195
chr17:41256969:G>C	-0.7649345993995667	-0.7672221064567566	-0.0022875070571899414
chr17:41256969:G>A	-0.7649345993995667	-0.7653715014457703	-0.0004369020462036133
chr17:41256968:A>T	-0.7648030519485474	-0.7689428925514221	-0.004139840602874756
chr17:41256968:A>G	-0.7648030519485474	-0.7685047388076782	-0.0037016868591308594
chr17:41256968:A>C	-0.7648030519485474	-0.7690381407737732	-0.00423508882522583
chr17:41256967:T>G	-0.764502763748169	-0.7653246521949768	-0.0008218884468078613
chr17:41256967:T>C	-0.764502763748169	-0.7647393345832825	-0.0002365708351135254
chr17:41256967:T>A	-0.764502763748169	-0.7644541263580322	4.863739013671875e-05
chr17:41256966:G>T	-0.7647407650947571	-0.7658792734146118	-0.0011385083198547363
chr17:41256966:G>C	-0.7647407650947571	-0.7660467028617859	-0.0013059377670288086
chr17:41256966:G>A	-0.7647407650947571	-0.77259761095047	-0.00785684585571289
chr17:41256965:T>G	-0.7646557688713074	-0.7662721872329712	-0.0016164183616638184
chr17:41256965:T>C	-0.7646557688713074	-0.7655631303787231	-0.0009073615074157715
chr17:41256965:T>A	-0.7646557688713074	-0.7686086893081665	-0.003952920436859131
chr17:41256964:T>G	-0.7644602060317993	-0.7667686939239502	-0.002308487892150879
chr17:41256964:T>A	-0.7644602060317993	-0.7664403319358826	-0.001980125904083252
chr17:41256963:C>T	-0.7643705606460571	-0.7694778442382812	-0.005107283592224121
chr17:41256963:C>G	-0.7643705606460571	-0.7672735452651978	-0.002902984619140625
chr17:41256963:C>A	-0.7643705606460571	-0.7726839780807495	-0.008313417434692383
chr17:41256962:T>G	-0.7644453048706055	-0.7695421576499939	-0.005096852779388428
chr17:41256962:T>C	-0.7644453048706055	-0.7673555016517639	-0.0029101967811584473
chr17:41256961:T>G	-0.7642504572868347	-0.7647984623908997	-0.0005480051040649414
chr17:41256961:T>C	-0.7642504572868347	-0.7641952633857727	5.519390106201172e-05
chr17:41256961:T>A	-0.7642504572868347	-0.7650637626647949	-0.0008133053779602051
chr17:41256960:T>G	-0.7641461491584778	-0.7657568454742432	-0.0016106963157653809
chr17:41256960:T>C	-0.7641461491584778	-0.7715117931365967	-0.0073656439781188965
chr17:41256960:T>A	-0.7641461491584778	-0.7670089602470398	-0.0028628110885620117
chr17:41256959:C>T	-0.7639809250831604	-0.7635392546653748	0.00044167041778564453
chr17:41256959:C>G	-0.7639809250831604	-0.7648684978485107	-0.0008875727653503418
chr17:41256959:C>A	-0.7639809250831604	-0.7679353356361389	-0.003954410552978516
chr17:41256958:A>T	-0.7637478709220886	-0.7654067873954773	-0.0016589164733886719
chr17:41256958:A>G	-0.7637478709220886	-0.7637540102005005	-6.139278411865234e-06
chr17:41256957:T>G	-0.7635549306869507	-0.7639763951301575	-0.0004214644432067871
chr17:41256957:T>C	-0.7635549306869507	-0.7631654143333435	0.00038951635360717773
chr17:41256957:T>A	-0.7635549306869507	-0.7633645534515381	0.00019037723541259766
chr17:41256956:G>T	-0.7634131908416748	-0.7654790878295898	-0.002065896987915039
chr17:41256956:G>C	-0.7634131908416748	-0.7669035792350769	-0.0034903883934020996
chr17:41256956:G>A	-0.7634131908416748	-0.7647007703781128	-0.0012875795364379883
chr17:41256955:C>G	-0.7628017067909241	-0.7629405856132507	-0.00013887882232666016
chr17:41256955:C>A	-0.7628017067909241	-0.7644187211990356	-0.0016170144081115723
chr17:41256954:T>G	-0.7627840638160706	-0.7627708911895752	1.3172626495361328e-05
chr17:41256954:T>C	-0.7627840638160706	-0.7655224800109863	-0.0027384161949157715
chr17:41256954:T>A	-0.7627840638160706	-0.7716867923736572	-0.00890272855758667
chr17:41256953:C>T	-0.7627843618392944	-0.7629779577255249	-0.00019359588623046875
chr17:41256953:C>G	-0.7627843618392944	-0.7642700672149658	-0.0014857053756713867
chr17:41256953:C>A	-0.7627843618392944	-0.7669207453727722	-0.004136383533477783
chr17:41256952:T>G	-0.762641429901123	-0.7650037407875061	-0.0023623108863830566
chr17:41256952:T>C	-0.762641429901123	-0.7635166645050049	-0.0008752346038818359
chr17:41256952:T>A	-0.762641429901123	-0.7651141285896301	-0.00247269868850708
chr17:41256951:A>G	-0.7625887393951416	-0.7656501531600952	-0.0030614137649536133
chr17:41256951:A>C	-0.7625887393951416	-0.7666594982147217	-0.004070758819580078
chr17:41256950:A>T	-0.7621671557426453	-0.7657394409179688	-0.0035722851753234863
chr17:41256950:A>G	-0.7621671557426453	-0.7689184546470642	-0.006751298904418945
chr17:41256950:A>C	-0.7621671557426453	-0.768543004989624	-0.00637584924697876
chr17:41256949:A>T	-0.7622461915016174	-0.7649137377738953	-0.002667546272277832
chr17:41256949:A>G	-0.7622461915016174	-0.7615240812301636	0.0007221102714538574
chr17:41256949:A>C	-0.7622461915016174	-0.7653350830078125	-0.0030888915061950684
chr17:41256948:T>G	-0.7619542479515076	-0.7627331018447876	-0.0007788538932800293
chr17:41256948:T>C	-0.7619542479515076	-0.7625449895858765	-0.0005907416343688965
chr17:41256948:T>A	-0.7619542479515076	-0.7652460932731628	-0.0032918453216552734
chr17:41256947:C>T	-0.7620446085929871	-0.7623624205589294	-0.0003178119659423828
chr17:41256947:C>G	-0.7620446085929871	-0.7631508708000183	-0.00110626220703125
chr17:41256947:C>A	-0.7620446085929871	-0.7660698294639587	-0.00402522087097168
chr17:41256946:A>T	-0.7621840238571167	-0.7633116841316223	-0.0011276602745056152
chr17:41256946:A>G	-0.7621840238571167	-0.7622227072715759	-3.8683414459228516e-05
chr17:41256946:A>C	-0.7621840238571167	-0.7633277773857117	-0.0011437535285949707
chr17:41256945:G>T	-0.7623097896575928	-0.7648669481277466	-0.0025571584701538086
chr17:41256945:G>C	-0.7623097896575928	-0.7632747292518616	-0.0009649395942687988
chr17:41256945:G>A	-0.7623097896575928	-0.7720056176185608	-0.009695827960968018
chr17:41256944:T>G	-0.762111246585846	-0.7667732238769531	-0.004661977291107178
chr17:41256944:T>C	-0.762111246585846	-0.7622767090797424	-0.00016546249389648438
chr17:41256944:T>A	-0.762111246585846	-0.7673518657684326	-0.00524061918258667
chr17:41256943:T>G	-0.7619073390960693	-0.7643350958824158	-0.0024277567863464355
chr17:41256943:T>C	-0.7619073390960693	-0.7615361213684082	0.0003712177276611328
chr17:41256943:T>A	-0.7619073390960693	-0.7637819051742554	-0.0018745660781860352
chr17:41256942:G>T	-0.7619509696960449	-0.7689853310585022	-0.007034361362457275
chr17:41256942:G>C	-0.7619509696960449	-0.7665601968765259	-0.004609227180480957
chr17:41256942:G>A	-0.7619509696960449	-0.7653129696846008	-0.003361999988555908
chr17:41256941:A>T	-0.7620744109153748	-0.7681732773780823	-0.0060988664627075195
chr17:41256941:A>G	-0.7620744109153748	-0.770082950592041	-0.00800853967666626
chr17:41256941:A>C	-0.7620744109153748	-0.7691801190376282	-0.007105708122253418
chr17:41256940:A>T	-0.7622196078300476	-0.7638686895370483	-0.0016490817070007324
chr17:41256940:A>G	-0.7622196078300476	-0.762775182723999	-0.000555574893951416
chr17:41256940:A>C	-0.7622196078300476	-0.7623172402381897	-9.763240814208984e-05
chr17:41256939:C>T	-0.7621195912361145	-0.7630159258842468	-0.0008963346481323242
chr17:41256939:C>G	-0.7621195912361145	-0.7627813816070557	-0.0006617903709411621
chr17:41256939:C>A	-0.7621195912361145	-0.7672678828239441	-0.00514829158782959
chr17:41256938:A>T	-0.7624511122703552	-0.7696563005447388	-0.007205188274383545
chr17:41256938:A>C	-0.7624511122703552	-0.7687915563583374	-0.006340444087982178
chr17:41256937:A>T	-0.7624099850654602	-0.76211017370224	0.00029981136322021484
chr17:41256937:A>G	-0.7624099850654602	-0.7622354030609131	0.00017458200454711914
chr17:41256937:A>C	-0.7624099850654602	-0.7610667943954468	0.0013431906700134277
chr17:41256936:C>T	-0.7624766826629639	-0.7716003060340881	-0.009123623371124268
chr17:41256936:C>G	-0.7624766826629639	-0.766174852848053	-0.0036981701850891113
chr17:41256936:C>A	-0.7624766826629639	-0.7728431820869446	-0.010366499423980713
chr17:41256935:T>G	-0.7624073624610901	-0.7671313881874084	-0.004724025726318359
chr17:41256935:T>C	-0.7624073624610901	-0.7652884125709534	-0.0028810501098632812
chr17:41256935:T>A	-0.7624073624610901	-0.7723618745803833	-0.009954512119293213
chr17:41256934:T>G	-0.7629365921020508	-0.7655112743377686	-0.0025746822357177734
chr17:41256934:T>C	-0.7629365921020508	-0.7631790041923523	-0.00024241209030151367
chr17:41256934:T>A	-0.7629365921020508	-0.7643234133720398	-0.0013868212699890137
chr17:41256933:C>T	-0.7627308368682861	-0.7689029574394226	-0.006172120571136475
chr17:41256933:C>G	-0.7627308368682861	-0.7668671011924744	-0.004136264324188232
chr17:41256933:C>A	-0.7627308368682861	-0.7729371190071106	-0.010206282138824463
chr17:41256932:T>G	-0.7624943852424622	-0.7674680948257446	-0.004973709583282471
chr17:41256932:T>C	-0.7624943852424622	-0.7674195170402527	-0.004925131797790527
chr17:41256932:T>A	-0.7624943852424622	-0.7711396813392639	-0.008645296096801758
chr17:41256931:C>T	-0.7624976634979248	-0.7620604038238525	0.0004372596740722656
chr17:41256931:C>G	-0.7624976634979248	-0.7621412873268127	0.00035637617111206055
chr17:41256931:C>A	-0.7624976634979248	-0.7611948847770691	0.0013027787208557129
chr17:41256930:G>T	-0.7626912593841553	-0.7654502391815186	-0.0027589797973632812
chr17:41256930:G>C	-0.7626912593841553	-0.7686519622802734	-0.005960702896118164
chr17:41256930:G>A	-0.7626912593841553	-0.7637523412704468	-0.001061081886291504
chr17:41256929:A>T	-0.7626713514328003	-0.7694070935249329	-0.006735742092132568
chr17:41256929:A>G	-0.7626713514328003	-0.7709483504295349	-0.00827699899673462
chr17:41256929:A>C	-0.7626713514328003	-0.7693119049072266	-0.0066405534744262695
chr17:41256928:T>G	-0.7628668546676636	-0.7619178295135498	0.0009490251541137695
chr17:41256928:T>C	-0.7628668546676636	-0.7619057297706604	0.0009611248970031738
chr17:41256928:T>A	-0.7628668546676636	-0.7623607516288757	0.0005061030387878418
chr17:41256927:A>T	-0.7628989815711975	-0.7621684670448303	0.0007305145263671875
chr17:41256927:A>G	-0.7628989815711975	-0.7611355185508728	0.001763463020324707
chr17:41256927:A>C	-0.7628989815711975	-0.7624564170837402	0.0004425644874572754
chr17:41256926:A>T	-0.7632143497467041	-0.7743325233459473	-0.011118173599243164
chr17:41256926:A>G	-0.7632143497467041	-0.7646450400352478	-0.0014306902885437012
chr17:41256926:A>C	-0.7632143497467041	-0.7705094814300537	-0.007295131683349609
chr17:41256925:C>T	-0.7635262608528137	-0.7656314373016357	-0.0021051764488220215
chr17:41256925:C>G	-0.7635262608528137	-0.7659664750099182	-0.002440214157104492
chr17:41256925:C>A	-0.7635262608528137	-0.7674636840820312	-0.003937423229217529
chr17:41256924:T>G	-0.7634070515632629	-0.7648874521255493	-0.001480400562286377
chr17:41256924:T>C	-0.7634070515632629	-0.7630553841590881	0.0003516674041748047
chr17:41256924:T>A	-0.7634070515632629	-0.7737880349159241	-0.010380983352661133
chr17:41256923:T>G	-0.7635647058486938	-0.767584502696991	-0.004019796848297119
chr17:41256923:T>C	-0.7635647058486938	-0.7653395533561707	-0.0017748475074768066
chr17:41256922:T>G	-0.7629610300064087	-0.7624753713607788	0.0004856586456298828
chr17:41256922:T>C	-0.7629610300064087	-0.7616021037101746	0.0013589262962341309
chr17:41256922:T>A	-0.7629610300064087	-0.7627431750297546	0.00021785497665405273
chr17:41256921:T>G	-0.7629602551460266	-0.7628042697906494	0.00015598535537719727
chr17:41256921:T>C	-0.7629602551460266	-0.7635341882705688	-0.0005739331245422363
chr17:41256921:T>A	-0.7629602551460266	-0.7652510404586792	-0.002290785312652588
chr17:41256920:A>T	-0.762341320514679	-0.7651688456535339	-0.0028275251388549805
chr17:41256920:A>G	-0.762341320514679	-0.7625784873962402	-0.0002371668815612793
chr17:41256920:A>C	-0.762341320514679	-0.7661225199699402	-0.0037811994552612305
chr17:41256919:G>T	-0.7623781561851501	-0.7648645639419556	-0.00248640775680542
chr17:41256919:G>C	-0.7623781561851501	-0.7619360685348511	0.00044208765029907227
chr17:41256919:G>A	-0.7623781561851501	-0.7635608315467834	-0.0011826753616333008
chr17:41256918:T>G	-0.7626360654830933	-0.7628222703933716	-0.0001862049102783203
chr17:41256918:T>C	-0.7626360654830933	-0.7619409561157227	0.0006951093673706055
chr17:41256918:T>A	-0.7626360654830933	-0.7668821811676025	-0.004246115684509277
chr17:41256917:A>T	-0.7625287771224976	-0.7675085067749023	-0.004979729652404785
chr17:41256917:A>G	-0.7625287771224976	-0.7655491828918457	-0.0030204057693481445
chr17:41256917:A>C	-0.7625287771224976	-0.7673162221908569	-0.004787445068359375
chr17:41256916:A>T	-0.7627103328704834	-0.7640770077705383	-0.0013666749000549316
chr17:41256916:A>G	-0.7627103328704834	-0.7616863250732422	0.001024007797241211
chr17:41256916:A>C	-0.7627103328704834	-0.7645700573921204	-0.0018597245216369629
chr17:41256915:A>T	-0.7627114653587341	-0.7585341334342957	0.0041773319244384766
chr17:41256915:A>G	-0.7627114653587341	-0.758012056350708	0.004699409008026123
chr17:41256915:A>C	-0.7627114653587341	-0.7609407901763916	0.0017706751823425293
chr17:41256914:C>T	-0.76309734582901	-0.7615478038787842	0.00154954195022583
chr17:41256914:C>G	-0.76309734582901	-0.760253369808197	0.0028439760208129883
chr17:41256914:C>A	-0.76309734582901	-0.7676929831504822	-0.004595637321472168
chr17:41256913:A>T	-0.762958824634552	-0.7736378908157349	-0.010679066181182861
chr17:41256913:A>G	-0.762958824634552	-0.763874351978302	-0.00091552734375
chr17:41256913:A>C	-0.762958824634552	-0.7668779492378235	-0.003919124603271484
chr17:41256912:C>T	-0.7632939219474792	-0.7661132216453552	-0.0028192996978759766
chr17:41256912:C>G	-0.7632939219474792	-0.7666800022125244	-0.003386080265045166
chr17:41256912:C>A	-0.7632939219474792	-0.7670590281486511	-0.003765106201171875
chr17:41256911:G>T	-0.7632022500038147	-0.7639038562774658	-0.000701606273651123
chr17:41256911:G>C	-0.7632022500038147	-0.7660017013549805	-0.0027994513511657715
chr17:41256911:G>A	-0.7632022500038147	-0.7705497741699219	-0.007347524166107178
chr17:41256910:A>T	-0.7633793950080872	-0.76365727186203	-0.0002778768539428711
chr17:41256910:A>G	-0.7633793950080872	-0.7622225284576416	0.0011568665504455566
chr17:41256910:A>C	-0.7633793950080872	-0.7637895345687866	-0.0004101395606994629
chr17:41256909:A>T	-0.7632481455802917	-0.7635924816131592	-0.00034433603286743164
chr17:41256909:A>G	-0.7632481455802917	-0.7623863816261292	0.0008617639541625977
chr17:41256909:A>C	-0.7632481455802917	-0.764333963394165	-0.001085817813873291
chr17:41256908:A>T	-0.7629888653755188	-0.7639442682266235	-0.0009554028511047363
chr17:41256908:A>G	-0.7629888653755188	-0.7651792764663696	-0.00219041109085083
chr17:41256908:A>C	-0.7629888653755188	-0.7665122151374817	-0.0035233497619628906
chr17:41256907:A>T	-0.7631434798240662	-0.7629901766777039	0.0001533031463623047
chr17:41256907:A>G	-0.7631434798240662	-0.7621870636940002	0.000956416130065918
chr17:41256907:A>C	-0.7631434798240662	-0.7621887922286987	0.0009546875953674316
chr17:41256906:G>T	-0.7634713649749756	-0.766508936882019	-0.003037571907043457
chr17:41256906:G>C	-0.7634713649749756	-0.7621813416481018	0.0012900233268737793
chr17:41256906:G>A	-0.7634713649749756	-0.7736241817474365	-0.010152816772460938
chr17:41256905:T>G	-0.7638003826141357	-0.7669839262962341	-0.0031835436820983887
chr17:41256905:T>C	-0.7638003826141357	-0.7656140327453613	-0.001813650131225586
chr17:41256905:T>A	-0.7638003826141357	-0.7696582674980164	-0.005857884883880615
chr17:41256904:C>T	-0.7640329003334045	-0.7653786540031433	-0.0013457536697387695
chr17:41256904:C>G	-0.7640329003334045	-0.7676751017570496	-0.0036422014236450195
chr17:41256904:C>A	-0.7640329003334045	-0.767399251461029	-0.0033663511276245117
chr17:41256903:G>T	-0.7642713189125061	-0.7644942998886108	-0.00022298097610473633
chr17:41256903:G>C	-0.7642713189125061	-0.7679582238197327	-0.0036869049072265625
chr17:41256903:G>A	-0.7642713189125061	-0.7677314281463623	-0.003460109233856201
chr17:41256902:A>T	-0.7640506625175476	-0.7652272582054138	-0.001176595687866211
chr17:41256902:A>G	-0.7640506625175476	-0.7637937068939209	0.000256955623626709
chr17:41256902:A>C	-0.7640506625175476	-0.7648106813430786	-0.0007600188255310059
chr17:41256901:A>T	-0.7640801072120667	-0.7642303109169006	-0.00015020370483398438
chr17:41256901:A>G	-0.7640801072120667	-0.7637214064598083	0.0003587007522583008
chr17:41256901:A>C	-0.7640801072120667	-0.7627936601638794	0.0012864470481872559
chr17:41256900:C>T	-0.7641156315803528	-0.7668393850326538	-0.0027237534523010254
chr17:41256900:C>G	-0.7641156315803528	-0.7680729031562805	-0.003957271575927734
chr17:41256900:C>A	-0.7641156315803528	-0.7721346020698547	-0.008018970489501953
chr17:41256899:T>G	-0.7641608119010925	-0.7670035362243652	-0.002842724323272705
chr17:41256899:T>C	-0.7641608119010925	-0.7667825222015381	-0.0026217103004455566
chr17:41256899:T>A	-0.7641608119010925	-0.7698548436164856	-0.005694031715393066
chr17:41256898:G>T	-0.763891875743866	-0.7646421194076538	-0.0007502436637878418
chr17:41256898:G>C	-0.763891875743866	-0.7662937045097351	-0.0024018287658691406
chr17:41256898:G>A	-0.763891875743866	-0.7639452815055847	-5.340576171875e-05
chr17:41256897:T>G	-0.7632490396499634	-0.7627824544906616	0.0004665851593017578
chr17:41256897:T>C	-0.7632490396499634	-0.7633010745048523	-5.2034854888916016e-05
chr17:41256897:T>A	-0.7632490396499634	-0.7640156149864197	-0.0007665753364562988
chr17:41256896:G>T	-0.7629886865615845	-0.763372540473938	-0.0003838539123535156
chr17:41256896:G>C	-0.7629886865615845	-0.7644721865653992	-0.0014835000038146973
chr17:41256896:G>A	-0.7629886865615845	-0.7669127583503723	-0.003924071788787842
chr17:41256895:T>G	-0.7628976106643677	-0.7634916305541992	-0.000594019889831543
chr17:41256895:T>C	-0.7628976106643677	-0.7638579607009888	-0.0009603500366210938
chr17:41256895:T>A	-0.7628976106643677	-0.7650453448295593	-0.0021477341651916504
chr17:41256894:C>T	-0.7632007002830505	-0.7644901275634766	-0.0012894272804260254
chr17:41256894:C>G	-0.7632007002830505	-0.7666860818862915	-0.003485381603240967
chr17:41256894:C>A	-0.7632007002830505	-0.7685638666152954	-0.005363166332244873
chr17:41256893:C>T	-0.763305127620697	-0.7630473971366882	0.00025773048400878906
chr17:41256893:C>G	-0.763305127620697	-0.7632747292518616	3.039836883544922e-05
chr17:41256893:C>A	-0.763305127620697	-0.7660161852836609	-0.002711057662963867
chr17:41256892:A>T	-0.7634173035621643	-0.7631167769432068	0.00030052661895751953
chr17:41256892:A>G	-0.7634173035621643	-0.7642812728881836	-0.0008639693260192871
chr17:41256892:A>C	-0.7634173035621643	-0.7663330435752869	-0.0029157400131225586
chr17:41256891:A>G	-0.7631542086601257	-0.7641107439994812	-0.0009565353393554688
chr17:41256891:A>C	-0.7631542086601257	-0.7646987438201904	-0.0015445351600646973
chr17:41256888:C>A	-0.7628914713859558	-0.7662200331687927	-0.003328561782836914
chr17:41256886:C>T	-0.7630555033683777	-0.7608717679977417	0.0021837353706359863
chr17:41256886:C>G	-0.7630555033683777	-0.7633363008499146	-0.00028079748153686523
chr17:41256886:C>A	-0.7630555033683777	-0.7631792426109314	-0.00012373924255371094
chr17:41256885:A>T	-0.7632117867469788	-0.7626613974571228	0.000550389289855957
chr17:41256885:A>C	-0.7632117867469788	-0.7611792683601379	0.0020325183868408203
chr17:41256884:C>T	-0.7633471488952637	-0.7733715772628784	-0.010024428367614746
chr17:41256884:C>G	-0.7633471488952637	-0.7710421085357666	-0.00769495964050293
chr17:41256884:C>A	-0.7633471488952637	-0.7705404758453369	-0.007193326950073242
chr17:41256883:A>T	-0.7633963227272034	-0.7733692526817322	-0.009972929954528809
chr17:41256883:A>G	-0.7633963227272034	-0.7734569311141968	-0.010060608386993408
chr17:41256883:A>C	-0.7633963227272034	-0.7733970880508423	-0.010000765323638916
chr17:41256882:T>C	-0.7636083960533142	-0.7733205556869507	-0.009712159633636475
chr17:41256882:T>A	-0.7636083960533142	-0.7736051082611084	-0.00999671220779419
chr17:41256881:T>G	-0.7638126611709595	-0.7738001942634583	-0.00998753309249878
chr17:41256881:T>C	-0.7638126611709595	-0.7739244103431702	-0.010111749172210693
chr17:41256881:T>A	-0.7638126611709595	-0.7731879353523254	-0.009375274181365967
chr17:41256880:C>T	-0.7641846537590027	-0.773869514465332	-0.009684860706329346
chr17:41256880:C>G	-0.7641846537590027	-0.7739942669868469	-0.009809613227844238
chr17:41256879:A>T	-0.764305055141449	-0.7738805413246155	-0.009575486183166504
chr17:41256879:A>G	-0.764305055141449	-0.7743563652038574	-0.010051310062408447
chr17:41256879:A>C	-0.764305055141449	-0.7744640707969666	-0.010159015655517578
chr17:41256878:C>T	-0.7639670372009277	-0.7615676522254944	0.0023993849754333496
chr17:41256878:C>G	-0.7639670372009277	-0.7642557621002197	-0.0002887248992919922
chr17:41256878:C>A	-0.7639670372009277	-0.764285683631897	-0.0003186464309692383
chr17:41256877:A>T	-0.7642278075218201	-0.7652316689491272	-0.001003861427307129
chr17:41256877:A>G	-0.7642278075218201	-0.7653332948684692	-0.00110548734664917
chr17:41256877:A>C	-0.7642278075218201	-0.7674838304519653	-0.0032560229301452637
chr17:41256876:A>G	-0.764624297618866	-0.7653306722640991	-0.0007063746452331543
chr17:41256876:A>C	-0.764624297618866	-0.7670124173164368	-0.0023881196975708008
chr17:41256875:C>T	-0.7645050883293152	-0.7650707364082336	-0.000565648078918457
chr17:41256875:C>G	-0.7645050883293152	-0.7647329568862915	-0.00022786855697631836
chr17:41256875:C>A	-0.7645050883293152	-0.7634039521217346	0.0011011362075805664
chr17:41223040:T>G	-0.9172486662864685	-0.917380154132843	-0.00013148784637451172
chr17:41223040:T>C	-0.9172486662864685	-0.917383074760437	-0.00013440847396850586
chr17:41223040:T>A	-0.9172486662864685	-0.9168307185173035	0.00041794776916503906
chr17:41223039:C>T	-0.9174119830131531	-0.9173880219459534	2.396106719970703e-05
chr17:41223039:C>G	-0.9174119830131531	-0.9175445437431335	-0.00013256072998046875
chr17:41223039:C>A	-0.9174119830131531	-0.91798996925354	-0.0005779862403869629
chr17:41223038:A>T	-0.9173216223716736	-0.9176437258720398	-0.00032210350036621094
chr17:41223038:A>G	-0.9173216223716736	-0.9177464246749878	-0.000424802303314209
chr17:41223038:A>C	-0.9173216223716736	-0.9176760315895081	-0.00035440921783447266
chr17:41223037:C>T	-0.9176322221755981	-0.9177807569503784	-0.00014853477478027344
chr17:41223037:C>G	-0.9176322221755981	-0.9180150032043457	-0.0003827810287475586
chr17:41223037:C>A	-0.9176322221755981	-0.9179346561431885	-0.00030243396759033203
chr17:41223036:A>T	-0.9172184467315674	-0.9176024198532104	-0.0003839731216430664
chr17:41223036:A>G	-0.9172184467315674	-0.9176926612854004	-0.0004742145538330078
chr17:41223036:A>C	-0.9172184467315674	-0.9175410866737366	-0.00032263994216918945
chr17:41223035:C>T	-0.917389452457428	-0.9172703623771667	0.00011909008026123047
chr17:41223035:C>G	-0.917389452457428	-0.9173988699913025	-9.417533874511719e-06
chr17:41223035:C>A	-0.917389452457428	-0.9174672961235046	-7.784366607666016e-05
chr17:41223034:T>G	-0.9171152710914612	-0.9182045459747314	-0.0010892748832702637
chr17:41223034:T>C	-0.9171152710914612	-0.9175806641578674	-0.00046539306640625
chr17:41223034:T>A	-0.9171152710914612	-0.9174564480781555	-0.00034117698669433594
chr17:41223033:C>T	-0.9173853993415833	-0.9175975322723389	-0.00021213293075561523
chr17:41223033:C>G	-0.9173853993415833	-0.9175724983215332	-0.00018709897994995117
chr17:41223033:C>A	-0.9173853993415833	-0.9173193573951721	6.604194641113281e-05
chr17:41223032:G>T	-0.9165060520172119	-0.9167418479919434	-0.0002357959747314453
chr17:41223032:G>C	-0.9165060520172119	-0.9167183041572571	-0.00021225214004516602
chr17:41223032:G>A	-0.9165060520172119	-0.9169183373451233	-0.00041228532791137695
chr17:41223031:T>G	-0.9168542623519897	-0.9170939922332764	-0.0002397298812866211
chr17:41223031:T>C	-0.9168542623519897	-0.9172714948654175	-0.0004172325134277344
chr17:41223030:C>T	-0.9169617891311646	-0.9170393943786621	-7.76052474975586e-05
chr17:41223030:C>G	-0.9169617891311646	-0.9174101948738098	-0.00044840574264526367
chr17:41223029:C>G	-0.9167650938034058	-0.9171831011772156	-0.00041800737380981445
chr17:41223029:C>A	-0.9167650938034058	-0.9168390035629272	-7.390975952148438e-05
chr17:41223028:C>T	-0.9167531132698059	-0.9165290594100952	0.00022405385971069336
chr17:41223028:C>G	-0.9167531132698059	-0.9168391823768616	-8.606910705566406e-05
chr17:41223028:C>A	-0.9167531132698059	-0.9175171852111816	-0.0007640719413757324
chr17:41223027:T>G	-0.916648805141449	-0.9173385500907898	-0.0006897449493408203
chr17:41223027:T>C	-0.916648805141449	-0.91721510887146	-0.0005663037300109863
chr17:41223027:T>A	-0.916648805141449	-0.9175055027008057	-0.0008566975593566895
chr17:41223026:C>T	-0.9164931178092957	-0.9166489243507385	-0.0001558065414428711
chr17:41223026:C>G	-0.9164931178092957	-0.9169416427612305	-0.00044852495193481445
chr17:41223026:C>A	-0.9164931178092957	-0.9171758890151978	-0.0006827712059020996
chr17:41223025:T>G	-0.9166867136955261	-0.9167877435684204	-0.00010102987289428711
chr17:41223025:T>C	-0.9166867136955261	-0.9168526530265808	-0.0001659393310546875
chr17:41223025:T>A	-0.9166867136955261	-0.9174730181694031	-0.0007863044738769531
chr17:41223024:T>G	-0.9164679646492004	-0.9170405864715576	-0.0005726218223571777
chr17:41223024:T>C	-0.9164679646492004	-0.9166427254676819	-0.0001747608184814453
chr17:41223024:T>A	-0.9164679646492004	-0.9172696471214294	-0.0008016824722290039
chr17:41223023:C>T	-0.9162401556968689	-0.9162193536758423	2.0802021026611328e-05
chr17:41223023:C>G	-0.9162401556968689	-0.9165642261505127	-0.00032407045364379883
chr17:41223023:C>A	-0.9162401556968689	-0.9167351126670837	-0.0004949569702148438
chr17:41223022:G>T	-0.9157399535179138	-0.9159672260284424	-0.00022727251052856445
chr17:41223022:G>C	-0.9157399535179138	-0.9162305593490601	-0.0004906058311462402
chr17:41223022:G>A	-0.9157399535179138	-0.9159883856773376	-0.0002484321594238281
chr17:41223021:G>T	-0.9158563613891602	-0.9164731502532959	-0.0006167888641357422
chr17:41223021:G>C	-0.9158563613891602	-0.9172635674476624	-0.0014072060585021973
chr17:41223021:G>A	-0.9158563613891602	-0.9166283011436462	-0.000771939754486084
chr17:41223020:T>G	-0.9160623550415039	-0.916429877281189	-0.0003675222396850586
chr17:41223020:T>C	-0.9160623550415039	-0.9164729714393616	-0.000410616397857666
chr17:41223020:T>A	-0.9160623550415039	-0.9163606762886047	-0.0002983212471008301
chr17:41223019:C>T	-0.9160129427909851	-0.916322648525238	-0.0003097057342529297
chr17:41223019:C>G	-0.9160129427909851	-0.9164479374885559	-0.0004349946975708008
chr17:41223019:C>A	-0.9160129427909851	-0.9172314405441284	-0.0012184977531433105
chr17:41223018:T>G	-0.9158636331558228	-0.9161159992218018	-0.0002523660659790039
chr17:41223018:T>C	-0.9158636331558228	-0.916124701499939	-0.00026106834411621094
chr17:41223018:T>A	-0.9158636331558228	-0.9161427021026611	-0.0002790689468383789
chr17:41223017:T>G	-0.9159554243087769	-0.9161540865898132	-0.00019866228103637695
chr17:41223017:T>C	-0.9159554243087769	-0.9161125421524048	-0.0001571178436279297
chr17:41223017:T>A	-0.9159554243087769	-0.9162509441375732	-0.0002955198287963867
chr17:41223016:A>T	-0.9159263372421265	-0.9158889055252075	3.743171691894531e-05
chr17:41223016:A>G	-0.9159263372421265	-0.9160078763961792	-8.153915405273438e-05
chr17:41223016:A>C	-0.9159263372421265	-0.9156656861305237	0.0002606511116027832
chr17:41223015:A>T	-0.9161821603775024	-0.916967511177063	-0.0007853507995605469
chr17:41223015:A>G	-0.9161821603775024	-0.9164296388626099	-0.0002474784851074219
chr17:41223015:A>C	-0.9161821603775024	-0.9162655472755432	-8.338689804077148e-05
chr17:41223014:C>T	-0.9160063862800598	-0.916104793548584	-9.840726852416992e-05
chr17:41223014:C>G	-0.9160063862800598	-0.9164273738861084	-0.000420987606048584
chr17:41223014:C>A	-0.9160063862800598	-0.916532576084137	-0.0005261898040771484
chr17:41223013:T>G	-0.9156842827796936	-0.9158857464790344	-0.0002014636993408203
chr17:41223013:T>C	-0.9156842827796936	-0.915834903717041	-0.0001506209373474121
chr17:41223013:T>A	-0.9156842827796936	-0.9157071709632874	-2.288818359375e-05
chr17:41223012:G>T	-0.9156873822212219	-0.9161825180053711	-0.0004951357841491699
chr17:41223012:G>C	-0.9156873822212219	-0.9161113500595093	-0.0004239678382873535
chr17:41223012:G>A	-0.9156873822212219	-0.9162866473197937	-0.0005992650985717773
chr17:41223011:T>G	-0.9157991409301758	-0.9161126613616943	-0.0003135204315185547
chr17:41223011:T>C	-0.9157991409301758	-0.916042685508728	-0.0002435445785522461
chr17:41223011:T>A	-0.9157991409301758	-0.915862500667572	-6.335973739624023e-05
chr17:41223010:C>T	-0.9155629277229309	-0.9155596494674683	3.2782554626464844e-06
chr17:41223010:C>G	-0.9155629277229309	-0.9154236316680908	0.0001392960548400879
chr17:41223010:C>A	-0.9155629277229309	-0.9152405261993408	0.0003224015235900879
chr17:41223009:G>T	-0.9156119227409363	-0.9152824878692627	0.000329434871673584
chr17:41223009:G>C	-0.9156119227409363	-0.9155886769294739	2.3245811462402344e-05
chr17:41223009:G>A	-0.9156119227409363	-0.9159436225891113	-0.00033169984817504883
chr17:41223008:A>T	-0.9151488542556763	-0.9153335690498352	-0.00018471479415893555
chr17:41223008:A>G	-0.9151488542556763	-0.9152381420135498	-8.928775787353516e-05
chr17:41223008:A>C	-0.9151488542556763	-0.9151903390884399	-4.1484832763671875e-05
chr17:41223007:A>T	-0.9150094985961914	-0.9152286052703857	-0.00021910667419433594
chr17:41223007:A>G	-0.9150094985961914	-0.9153391718864441	-0.00032967329025268555
chr17:41223007:A>C	-0.9150094985961914	-0.9151996970176697	-0.00019019842147827148
chr17:41223006:G>T	-0.9148186445236206	-0.9160686731338501	-0.0012500286102294922
chr17:41223006:G>C	-0.9148186445236206	-0.9157039523124695	-0.000885307788848877
chr17:41223006:G>A	-0.9148186445236206	-0.9159104228019714	-0.00109177827835083
chr17:41223005:T>G	-0.914795994758606	-0.9149096012115479	-0.00011360645294189453
chr17:41223005:T>C	-0.914795994758606	-0.9150271415710449	-0.00023114681243896484
chr17:41223005:T>A	-0.914795994758606	-0.9150454998016357	-0.00024950504302978516
chr17:41223004:T>G	-0.9151239991188049	-0.915346622467041	-0.00022262334823608398
chr17:41223004:T>C	-0.9151239991188049	-0.9153080582618713	-0.00018405914306640625
chr17:41223004:T>A	-0.9151239991188049	-0.9151232242584229	7.748603820800781e-07
chr17:41223003:G>T	-0.9150943160057068	-0.9148865938186646	0.00020772218704223633
chr17:41223003:G>C	-0.9150943160057068	-0.9150756597518921	1.8656253814697266e-05
chr17:41223003:G>A	-0.9150943160057068	-0.9157629609107971	-0.000668644905090332
chr17:41223002:T>G	-0.9154055714607239	-0.9159433841705322	-0.0005378127098083496
chr17:41223002:T>C	-0.9154055714607239	-0.9157811403274536	-0.00037556886672973633
chr17:41223002:T>A	-0.9154055714607239	-0.915553629398346	-0.0001480579376220703
chr17:41223001:C>T	-0.9153158068656921	-0.9158515930175781	-0.0005357861518859863
chr17:41223001:C>G	-0.9153158068656921	-0.915497362613678	-0.00018155574798583984
chr17:41223001:C>A	-0.9153158068656921	-0.9166317582130432	-0.0013159513473510742
chr17:41223000:T>G	-0.9151567816734314	-0.9156480431556702	-0.0004912614822387695
chr17:41223000:T>C	-0.9151567816734314	-0.9158558249473572	-0.0006990432739257812
chr17:41223000:T>A	-0.9151567816734314	-0.9161104559898376	-0.00095367431640625
chr17:41222999:T>G	-0.9153264760971069	-0.9158802032470703	-0.0005537271499633789
chr17:41222999:T>C	-0.9153264760971069	-0.9152557849884033	7.069110870361328e-05
chr17:41222999:T>A	-0.9153264760971069	-0.9159314632415771	-0.0006049871444702148
chr17:41222998:T>G	-0.9157018065452576	-0.916310727596283	-0.0006089210510253906
chr17:41222998:T>C	-0.9157018065452576	-0.9159197807312012	-0.00021797418594360352
chr17:41222998:T>A	-0.9157018065452576	-0.9175411462783813	-0.0018393397331237793
chr17:41222997:C>T	-0.915529727935791	-0.9158194065093994	-0.00028967857360839844
chr17:41222997:C>G	-0.915529727935791	-0.915738046169281	-0.00020831823348999023
chr17:41222997:C>A	-0.915529727935791	-0.9164122939109802	-0.000882565975189209
chr17:41222996:C>T	-0.9156749844551086	-0.9155082106590271	0.00016677379608154297
chr17:41222996:C>G	-0.9156749844551086	-0.915833592414856	-0.00015860795974731445
chr17:41222996:C>A	-0.9156749844551086	-0.9158676862716675	-0.0001927018165588379
chr17:41222995:C>T	-0.9155022501945496	-0.9153904318809509	0.00011181831359863281
chr17:41222995:C>G	-0.9155022501945496	-0.9157339930534363	-0.00023174285888671875
chr17:41222995:C>A	-0.9155022501945496	-0.915888786315918	-0.0003865361213684082
chr17:41222994:A>T	-0.915329098701477	-0.91639643907547	-0.00106734037399292
chr17:41222994:A>G	-0.915329098701477	-0.91592937707901	-0.000600278377532959
chr17:41222994:A>C	-0.915329098701477	-0.9160789251327515	-0.0007498264312744141
chr17:41222993:G>T	-0.9156003594398499	-0.9154619574546814	0.00013840198516845703
chr17:41222993:G>C	-0.9156003594398499	-0.9158607721328735	-0.00026041269302368164
chr17:41222993:G>A	-0.9156003594398499	-0.9153969883918762	0.0002033710479736328
chr17:41222992:T>G	-0.9155846834182739	-0.9164764285087585	-0.0008917450904846191
chr17:41222992:T>C	-0.9155846834182739	-0.9163451790809631	-0.000760495662689209
chr17:41222992:T>A	-0.9155846834182739	-0.9175035953521729	-0.0019189119338989258
chr17:41222991:T>G	-0.9156916737556458	-0.9157235026359558	-3.1828880310058594e-05
chr17:41222991:T>C	-0.9156916737556458	-0.9156885743141174	3.0994415283203125e-06
chr17:41222991:T>A	-0.9156916737556458	-0.91756671667099	-0.0018750429153442383
chr17:41222990:G>T	-0.9156875610351562	-0.9163445830345154	-0.0006570219993591309
chr17:41222990:G>C	-0.9156875610351562	-0.9163228869438171	-0.0006353259086608887
chr17:41222990:G>A	-0.9156875610351562	-0.9154919981956482	0.00019556283950805664
chr17:41222989:T>G	-0.9157493710517883	-0.9158706665039062	-0.00012129545211791992
chr17:41222989:T>C	-0.9157493710517883	-0.9162806868553162	-0.000531315803527832
chr17:41222989:T>A	-0.9157493710517883	-0.9178173542022705	-0.0020679831504821777
chr17:41222988:T>G	-0.9159687161445618	-0.9166274666786194	-0.0006587505340576172
chr17:41222988:T>C	-0.9159687161445618	-0.9161123633384705	-0.0001436471939086914
chr17:41222988:T>A	-0.9159687161445618	-0.9168089628219604	-0.0008402466773986816
chr17:41222987:T>G	-0.9154980778694153	-0.9161452054977417	-0.000647127628326416
chr17:41222987:T>C	-0.9154980778694153	-0.9153355360031128	0.00016254186630249023
chr17:41222987:T>A	-0.9154980778694153	-0.9160504937171936	-0.0005524158477783203
chr17:41222986:T>G	-0.9151772856712341	-0.9161887168884277	-0.0010114312171936035
chr17:41222986:T>C	-0.9151772856712341	-0.9166582226753235	-0.0014809370040893555
chr17:41222986:T>A	-0.9151772856712341	-0.9172156453132629	-0.0020383596420288086
chr17:41222985:C>T	-0.9149410724639893	-0.9155188798904419	-0.0005778074264526367
chr17:41222985:C>G	-0.9149410724639893	-0.9173678755760193	-0.0024268031120300293
chr17:41222985:C>A	-0.9149410724639893	-0.9186055660247803	-0.0036644935607910156
chr17:41222984:T>G	-0.914960503578186	-0.9159481525421143	-0.0009876489639282227
chr17:41222984:T>C	-0.914960503578186	-0.9150963425636292	-0.00013583898544311523
chr17:41222984:T>A	-0.914960503578186	-0.9162775874137878	-0.0013170838356018066
chr17:41222983:T>G	-0.9150596857070923	-0.9153357148170471	-0.000276029109954834
chr17:41222983:T>C	-0.9150596857070923	-0.9143503904342651	0.0007092952728271484
chr17:41222983:T>A	-0.9150596857070923	-0.9155901074409485	-0.0005304217338562012
chr17:41222982:A>T	-0.9149115085601807	-0.9165582060813904	-0.0016466975212097168
chr17:41222982:A>G	-0.9149115085601807	-0.9160100221633911	-0.0010985136032104492
chr17:41222982:A>C	-0.9149115085601807	-0.9171958565711975	-0.0022843480110168457
chr17:41222981:C>T	-0.9149898886680603	-0.9141678810119629	0.0008220076560974121
chr17:41222981:C>G	-0.9149898886680603	-0.9147325754165649	0.00025731325149536133
chr17:41222981:C>A	-0.9149898886680603	-0.9149515628814697	3.832578659057617e-05
chr17:41222980:A>T	-0.9147552251815796	-0.9162279367446899	-0.0014727115631103516
chr17:41222980:A>G	-0.9147552251815796	-0.9166411757469177	-0.0018859505653381348
chr17:41222980:A>C	-0.9147552251815796	-0.9157437682151794	-0.0009885430335998535
chr17:41222979:G>T	-0.9147040843963623	-0.9173440337181091	-0.002639949321746826
chr17:41222979:G>C	-0.9147040843963623	-0.9167033433914185	-0.0019992589950561523
chr17:41222979:G>A	-0.9147040843963623	-0.9169727563858032	-0.002268671989440918
chr17:41222978:G>T	-0.9143725633621216	-0.9148207902908325	-0.0004482269287109375
chr17:41222978:G>C	-0.9143725633621216	-0.9149643778800964	-0.0005918145179748535
chr17:41222978:G>A	-0.9143725633621216	-0.9142745733261108	9.799003601074219e-05
chr17:41222977:T>G	-0.9142926931381226	-0.914423942565918	-0.00013124942779541016
chr17:41222977:T>C	-0.9142926931381226	-0.914962887763977	-0.0006701946258544922
chr17:41222977:T>A	-0.9142926931381226	-0.9145815968513489	-0.00028890371322631836
chr17:41222976:A>T	-0.914290726184845	-0.9176439642906189	-0.0033532381057739258
chr17:41222976:A>G	-0.914290726184845	-0.9163131713867188	-0.0020224452018737793
chr17:41222976:A>C	-0.914290726184845	-0.916942834854126	-0.002652108669281006
chr17:41222975:C>T	-0.9141911864280701	-0.9147939085960388	-0.00060272216796875
chr17:41222975:C>G	-0.9141911864280701	-0.915134072303772	-0.0009428858757019043
chr17:41222975:C>A	-0.9141911864280701	-0.9151229858398438	-0.0009317994117736816
chr17:41222974:C>G	-0.9141308069229126	-0.9149694442749023	-0.0008386373519897461
chr17:41222974:C>A	-0.9141308069229126	-0.9144672751426697	-0.0003364682197570801
chr17:41222973:A>T	-0.9139060974121094	-0.9182961583137512	-0.004390060901641846
chr17:41222973:A>G	-0.9139060974121094	-0.9160798192024231	-0.0021737217903137207
chr17:41222973:A>C	-0.9139060974121094	-0.9170048832893372	-0.003098785877227783
chr17:41222972:C>T	-0.9137631058692932	-0.9138641357421875	-0.00010102987289428711
chr17:41222972:C>G	-0.9137631058692932	-0.9141178131103516	-0.0003547072410583496
chr17:41222972:C>A	-0.9137631058692932	-0.9139088988304138	-0.00014579296112060547
chr17:41222971:C>T	-0.913772702217102	-0.914455235004425	-0.000682532787322998
chr17:41222971:C>G	-0.913772702217102	-0.914802074432373	-0.001029372215270996
chr17:41222971:C>A	-0.913772702217102	-0.9147607684135437	-0.0009880661964416504
chr17:41222970:A>T	-0.9138593673706055	-0.9159845113754272	-0.0021251440048217773
chr17:41222970:A>G	-0.9138593673706055	-0.914104700088501	-0.0002453327178955078
chr17:41222970:A>C	-0.9138593673706055	-0.9154168963432312	-0.0015575289726257324
chr17:41222969:C>T	-0.9139813780784607	-0.9141850471496582	-0.00020366907119750977
chr17:41222969:C>G	-0.9139813780784607	-0.9144089818000793	-0.00042760372161865234
chr17:41222969:C>A	-0.9139813780784607	-0.913989782333374	-8.404254913330078e-06
chr17:41222968:A>T	-0.9141583442687988	-0.9152476787567139	-0.001089334487915039
chr17:41222968:A>G	-0.9141583442687988	-0.9171411395072937	-0.002982795238494873
chr17:41222968:A>C	-0.9141583442687988	-0.9148547649383545	-0.0006964206695556641
chr17:41222967:G>T	-0.9144253730773926	-0.9174900650978088	-0.0030646920204162598
chr17:41222967:G>C	-0.9144253730773926	-0.9159507751464844	-0.0015254020690917969
chr17:41222967:G>A	-0.9144253730773926	-0.9178221225738525	-0.003396749496459961
chr17:41222966:A>T	-0.914326548576355	-0.9142453670501709	8.118152618408203e-05
chr17:41222966:A>G	-0.914326548576355	-0.914848804473877	-0.0005222558975219727
chr17:41222966:A>C	-0.914326548576355	-0.9148145914077759	-0.00048804283142089844
chr17:41222965:C>T	-0.9145780801773071	-0.9153724312782288	-0.0007943511009216309
chr17:41222965:C>G	-0.9145780801773071	-0.9168601036071777	-0.0022820234298706055
chr17:41222965:C>A	-0.9145780801773071	-0.9165059924125671	-0.0019279122352600098
chr17:41222964:C>T	-0.914657473564148	-0.9158251285552979	-0.0011676549911499023
chr17:41222964:C>G	-0.914657473564148	-0.9163512587547302	-0.0016937851905822754
chr17:41222964:C>A	-0.914657473564148	-0.9180386066436768	-0.0033811330795288086
chr17:41222963:G>T	-0.9146116971969604	-0.9149360656738281	-0.0003243684768676758
chr17:41222963:G>C	-0.9146116971969604	-0.9150688648223877	-0.0004571676254272461
chr17:41222963:G>A	-0.9146116971969604	-0.914508044719696	0.0001036524772644043
chr17:41222962:G>T	-0.9149315357208252	-0.9161493182182312	-0.0012177824974060059
chr17:41222962:G>C	-0.9149315357208252	-0.9171676635742188	-0.0022361278533935547
chr17:41222962:G>A	-0.9149315357208252	-0.9147846102714539	0.0001469254493713379
chr17:41222961:A>T	-0.9149986505508423	-0.9177761077880859	-0.0027774572372436523
chr17:41222961:A>G	-0.9149986505508423	-0.9188181161880493	-0.0038194656372070312
chr17:41222961:A>C	-0.9149986505508423	-0.9181597232818604	-0.0031610727310180664
chr17:41222960:C>T	-0.9148738384246826	-0.9149448275566101	-7.098913192749023e-05
chr17:41222960:C>G	-0.9148738384246826	-0.9148558378219604	1.800060272216797e-05
chr17:41222960:C>A	-0.9148738384246826	-0.9148507118225098	2.3126602172851562e-05
chr17:41222959:T>C	-0.9147242903709412	-0.9158217310905457	-0.0010974407196044922
chr17:41222959:T>A	-0.9147242903709412	-0.9148648977279663	-0.00014060735702514648
chr17:41222956:G>T	-0.9148328304290771	-0.9153850674629211	-0.0005522370338439941
chr17:41222956:G>C	-0.9148328304290771	-0.9152182936668396	-0.00038546323776245117
chr17:41222956:G>A	-0.9148328304290771	-0.9150612354278564	-0.00022840499877929688
chr17:41222955:G>T	-0.9152460098266602	-0.9166111946105957	-0.0013651847839355469
chr17:41222955:G>C	-0.9152460098266602	-0.9169617891311646	-0.0017157793045043945
chr17:41222955:G>A	-0.9152460098266602	-0.9179020524024963	-0.0026560425758361816
chr17:41222954:T>G	-0.9150317907333374	-0.9155703186988831	-0.0005385279655456543
chr17:41222954:T>C	-0.9150317907333374	-0.9156906604766846	-0.000658869743347168
chr17:41222954:T>A	-0.9150317907333374	-0.9151734113693237	-0.00014162063598632812
chr17:41222953:C>T	-0.9153764843940735	-0.9164298176765442	-0.0010533332824707031
chr17:41222953:C>G	-0.9153764843940735	-0.916621744632721	-0.001245260238647461
chr17:41222953:C>A	-0.9153764843940735	-0.9207521080970764	-0.00537562370300293
chr17:41222952:T>G	-0.9155307412147522	-0.9168463945388794	-0.0013156533241271973
chr17:41222952:T>C	-0.9155307412147522	-0.9184434413909912	-0.0029127001762390137
chr17:41222952:T>A	-0.9155307412147522	-0.9181596040725708	-0.0026288628578186035
chr17:41222951:T>G	-0.9154948592185974	-0.9163289666175842	-0.0008341073989868164
chr17:41222951:T>C	-0.9154948592185974	-0.9157078266143799	-0.0002129673957824707
chr17:41222951:T>A	-0.9154948592185974	-0.9157654047012329	-0.00027054548263549805
chr17:41222950:C>T	-0.9160617589950562	-0.9182004332542419	-0.002138674259185791
chr17:41222950:C>G	-0.9160617589950562	-0.9179289937019348	-0.0018672347068786621
chr17:41222950:C>A	-0.9160617589950562	-0.9210802912712097	-0.0050185322761535645
chr17:41222949:T>G	-0.9157666563987732	-0.9190377593040466	-0.0032711029052734375
chr17:41222949:T>C	-0.9157666563987732	-0.9180435538291931	-0.002276897430419922
chr17:41222949:T>A	-0.9157666563987732	-0.9197888374328613	-0.004022181034088135
chr17:41222948:T>G	-0.9152931571006775	-0.9156598448753357	-0.0003666877746582031
chr17:41222948:T>C	-0.9152931571006775	-0.9159051775932312	-0.0006120204925537109
chr17:41222948:T>A	-0.9152931571006775	-0.9157457947731018	-0.0004526376724243164
chr17:41222947:A>T	-0.9153131246566772	-0.9161236882209778	-0.0008105635643005371
chr17:41222947:A>G	-0.9153131246566772	-0.915741503238678	-0.0004283785820007324
chr17:41222947:A>C	-0.9153131246566772	-0.9165282249450684	-0.0012151002883911133
chr17:41222946:A>T	-0.9149808287620544	-0.9148141145706177	0.00016671419143676758
chr17:41222946:A>G	-0.9149808287620544	-0.9154902100563049	-0.0005093812942504883
chr17:41222946:A>C	-0.9149808287620544	-0.9157305359840393	-0.0007497072219848633
chr17:41222945:A>T	-0.9143357872962952	-0.9149960279464722	-0.000660240650177002
chr17:41222945:A>G	-0.9143357872962952	-0.9146485924720764	-0.00031280517578125
chr17:41222945:A>C	-0.9143357872962952	-0.9142934083938599	4.2378902435302734e-05
chr17:41222944:C>T	-0.9143866896629333	-0.919226348400116	-0.004839658737182617
chr17:41222944:C>G	-0.9143866896629333	-0.9194857478141785	-0.005099058151245117
chr17:41222944:C>A	-0.9143866896629333	-0.9193742871284485	-0.004987597465515137
chr17:41222943:A>T	-0.9145530462265015	-0.9185530543327332	-0.0040000081062316895
chr17:41222943:A>G	-0.9145530462265015	-0.9181593656539917	-0.0036063194274902344
chr17:41222943:A>C	-0.9145530462265015	-0.9195787906646729	-0.005025744438171387
chr17:41222942:C>T	-0.9142764210700989	-0.9136272072792053	0.0006492137908935547
chr17:41222942:C>G	-0.9142764210700989	-0.918510377407074	-0.004233956336975098
chr17:41222942:C>A	-0.9142764210700989	-0.9179224967956543	-0.00364607572555542
chr17:41222941:T>G	-0.9143750667572021	-0.91782546043396	-0.0034503936767578125
chr17:41222941:T>C	-0.9143750667572021	-0.9192551970481873	-0.004880130290985107
chr17:41222941:T>A	-0.9143750667572021	-0.9190472364425659	-0.0046721696853637695
chr17:41222940:C>T	-0.914376437664032	-0.9182375073432922	-0.003861069679260254
chr17:41222940:C>G	-0.914376437664032	-0.9192082285881042	-0.004831790924072266
chr17:41222940:C>A	-0.914376437664032	-0.9192391037940979	-0.004862666130065918
chr17:41222939:A>G	-0.9143213629722595	-0.917606770992279	-0.0032854080200195312
chr17:41222939:A>C	-0.9143213629722595	-0.9173679947853088	-0.0030466318130493164
chr17:41222938:C>T	-0.9143338799476624	-0.9136503338813782	0.0006835460662841797
chr17:41222938:C>G	-0.9143338799476624	-0.9143922924995422	-5.841255187988281e-05
chr17:41222938:C>A	-0.9143338799476624	-0.9143036603927612	3.0219554901123047e-05
chr17:41222937:A>T	-0.9141372442245483	-0.914631187915802	-0.0004939436912536621
chr17:41222937:A>G	-0.9141372442245483	-0.9143884181976318	-0.0002511739730834961
chr17:41222937:A>C	-0.9141372442245483	-0.915347158908844	-0.0012099146842956543
chr17:41222936:T>G	-0.9143347144126892	-0.9140962958335876	0.0002384185791015625
chr17:41222936:T>C	-0.9143347144126892	-0.9145917296409607	-0.0002570152282714844
chr17:41222936:T>A	-0.9143347144126892	-0.913931131362915	0.0004035830497741699
chr17:41222935:A>T	-0.9142736792564392	-0.9145088791847229	-0.0002351999282836914
chr17:41222935:A>G	-0.9142736792564392	-0.9143233895301819	-4.971027374267578e-05
chr17:41222935:A>C	-0.9142736792564392	-0.9146315455436707	-0.0003578662872314453
chr17:41219722:A>T	-0.98072749376297	-0.9829222559928894	-0.0021947622299194336
chr17:41219722:A>G	-0.98072749376297	-0.9823395609855652	-0.0016120672225952148
chr17:41219722:A>C	-0.98072749376297	-0.9835637807846069	-0.002836287021636963
chr17:41219721:A>T	-0.9805805683135986	-0.9820311665534973	-0.0014505982398986816
chr17:41219721:A>G	-0.9805805683135986	-0.9822863340377808	-0.001705765724182129
chr17:41219721:A>C	-0.9805805683135986	-0.9822444915771484	-0.0016639232635498047
chr17:41219720:T>G	-0.980925977230072	-0.981078028678894	-0.00015205144882202148
chr17:41219720:T>C	-0.980925977230072	-0.9808005094528198	0.00012546777725219727
chr17:41219720:T>A	-0.980925977230072	-0.9809287190437317	-2.7418136596679688e-06
chr17:41219719:T>G	-0.981205940246582	-0.9815456867218018	-0.00033974647521972656
chr17:41219719:T>C	-0.981205940246582	-0.9849137663841248	-0.0037078261375427246
chr17:41219719:T>A	-0.981205940246582	-0.9813522100448608	-0.0001462697982788086
chr17:41219718:A>T	-0.981692373752594	-0.9887030720710754	-0.007010698318481445
chr17:41219718:A>G	-0.981692373752594	-0.9884687066078186	-0.006776332855224609
chr17:41219718:A>C	-0.981692373752594	-0.9890640377998352	-0.007371664047241211
chr17:41219717:A>T	-0.9821847081184387	-0.989179253578186	-0.0069945454597473145
chr17:41219717:A>G	-0.9821847081184387	-0.9875227212905884	-0.005338013172149658
chr17:41219717:A>C	-0.9821847081184387	-0.9886133074760437	-0.0064285993576049805
chr17:41219716:A>T	-0.982167661190033	-0.9843741655349731	-0.0022065043449401855
chr17:41219716:A>G	-0.982167661190033	-0.9842721223831177	-0.002104461193084717
chr17:41219716:A>C	-0.982167661190033	-0.9844322204589844	-0.002264559268951416
chr17:41219715:G>T	-0.9820777177810669	-0.9885351061820984	-0.006457388401031494
chr17:41219715:G>C	-0.9820777177810669	-0.9893077611923218	-0.007230043411254883
chr17:41219715:G>A	-0.9820777177810669	-0.9841994047164917	-0.0021216869354248047
chr17:41219714:T>G	-0.982403576374054	-0.9906755089759827	-0.008271932601928711
chr17:41219714:T>C	-0.982403576374054	-0.9900602102279663	-0.0076566338539123535
chr17:41219714:T>A	-0.982403576374054	-0.9906992316246033	-0.008295655250549316
chr17:41219713:C>T	-0.9824544787406921	-0.9902430772781372	-0.007788598537445068
chr17:41219713:C>G	-0.9824544787406921	-0.9909370541572571	-0.008482575416564941
chr17:41219713:C>A	-0.9824544787406921	-0.9911022186279297	-0.008647739887237549
chr17:41219712:T>G	-0.9826323390007019	-0.9847181439399719	-0.0020858049392700195
chr17:41219712:T>C	-0.9826323390007019	-0.982467770576477	0.00016456842422485352
chr17:41219712:T>A	-0.9826323390007019	-0.9848825931549072	-0.0022502541542053223
chr17:41219711:A>T	-0.9826840162277222	-0.9863837361335754	-0.0036997199058532715
chr17:41219711:A>G	-0.9826840162277222	-0.9839975833892822	-0.0013135671615600586
chr17:41219711:A>C	-0.9826840162277222	-0.9852295517921448	-0.0025455355644226074
chr17:41219710:C>T	-0.9832915663719177	-0.9840311408042908	-0.0007395744323730469
chr17:41219710:C>G	-0.9832915663719177	-0.9840763211250305	-0.000784754753112793
chr17:41219710:C>A	-0.9832915663719177	-0.9837107062339783	-0.0004191398620605469
chr17:41219709:G>T	-0.9833420515060425	-0.984150230884552	-0.0008081793785095215
chr17:41219709:G>C	-0.9833420515060425	-0.9842211008071899	-0.0008790493011474609
chr17:41219709:G>A	-0.9833420515060425	-0.9837692975997925	-0.00042724609375
chr17:41219708:A>T	-0.9834675788879395	-0.9845107793807983	-0.0010432004928588867
chr17:41219708:A>G	-0.9834675788879395	-0.986088752746582	-0.002621173858642578
chr17:41219708:A>C	-0.9834675788879395	-0.9846418499946594	-0.0011742711067199707
chr17:41219707:G>C	-0.983506441116333	-0.9831363558769226	0.0003700852394104004
chr17:41219707:G>A	-0.983506441116333	-0.9836001396179199	-9.369850158691406e-05
chr17:41219706:C>T	-0.9833986163139343	-0.9843365550041199	-0.0009379386901855469
chr17:41219706:C>G	-0.9833986163139343	-0.9843561053276062	-0.000957489013671875
chr17:41219706:C>A	-0.9833986163139343	-0.9851392507553101	-0.0017406344413757324
chr17:41219705:A>T	-0.9832125902175903	-0.9869374632835388	-0.0037248730659484863
chr17:41219705:A>G	-0.9832125902175903	-0.9852133989334106	-0.0020008087158203125
chr17:41219705:A>C	-0.9832125902175903	-0.9871863722801208	-0.003973782062530518
chr17:41219704:C>T	-0.983207106590271	-0.9843590259552002	-0.0011519193649291992
chr17:41219704:C>G	-0.983207106590271	-0.9834378957748413	-0.0002307891845703125
chr17:41219704:C>A	-0.983207106590271	-0.984677791595459	-0.0014706850051879883
chr17:41219703:A>T	-0.9836283326148987	-0.9830498099327087	0.0005785226821899414
chr17:41219703:A>G	-0.9836283326148987	-0.983646810054779	-1.8477439880371094e-05
chr17:41219703:A>C	-0.9836283326148987	-0.9836305975914001	-2.2649765014648438e-06
chr17:41219702:T>G	-0.9839728474617004	-0.9837982058525085	0.00017464160919189453
chr17:41219702:T>C	-0.9839728474617004	-0.9849324226379395	-0.0009595751762390137
chr17:41219702:T>A	-0.9839728474617004	-0.9849767088890076	-0.001003861427307129
chr17:41219701:G>T	-0.9841445088386536	-0.990911066532135	-0.006766557693481445
chr17:41219701:G>C	-0.9841445088386536	-0.9898290038108826	-0.005684494972229004
chr17:41219701:G>A	-0.9841445088386536	-0.9844530820846558	-0.00030857324600219727
chr17:41219700:T>G	-0.9844592809677124	-0.9858465790748596	-0.0013872981071472168
chr17:41219700:T>C	-0.9844592809677124	-0.9859834909439087	-0.001524209976196289
chr17:41219700:T>A	-0.9844592809677124	-0.9916934967041016	-0.00723421573638916
chr17:41219699:T>G	-0.9845237135887146	-0.9879850745201111	-0.0034613609313964844
chr17:41219699:T>C	-0.9845237135887146	-0.9865284562110901	-0.0020047426223754883
chr17:41219699:T>A	-0.9845237135887146	-0.9891582131385803	-0.004634499549865723
chr17:41219698:C>T	-0.9847299456596375	-0.9855528473854065	-0.000822901725769043
chr17:41219698:C>G	-0.9847299456596375	-0.9865051507949829	-0.001775205135345459
chr17:41219698:C>A	-0.9847299456596375	-0.9869071245193481	-0.0021771788597106934
chr17:41219697:A>T	-0.9851157665252686	-0.9889040589332581	-0.003788292407989502
chr17:41219697:A>G	-0.9851157665252686	-0.988802969455719	-0.0036872029304504395
chr17:41219697:A>C	-0.9851157665252686	-0.9891064167022705	-0.003990650177001953
chr17:41219696:A>T	-0.9853376150131226	-0.9875504374504089	-0.002212822437286377
chr17:41219696:A>G	-0.9853376150131226	-0.988771915435791	-0.003434300422668457
chr17:41219696:A>C	-0.9853376150131226	-0.9895107746124268	-0.004173159599304199
chr17:41219695:A>T	-0.9852553606033325	-0.9894164800643921	-0.00416111946105957
chr17:41219695:A>G	-0.9852553606033325	-0.9862163066864014	-0.0009609460830688477
chr17:41219695:A>C	-0.9852553606033325	-0.9885578751564026	-0.0033025145530700684
chr17:41219694:C>T	-0.9849560260772705	-0.9885433912277222	-0.00358736515045166
chr17:41219694:C>G	-0.9849560260772705	-0.9905956387519836	-0.005639612674713135
chr17:41219694:C>A	-0.9849560260772705	-0.9879553914070129	-0.0029993653297424316
chr17:41219693:G>T	-0.9851030111312866	-0.9894360303878784	-0.004333019256591797
chr17:41219693:G>C	-0.9851030111312866	-0.9884081482887268	-0.0033051371574401855
chr17:41219692:G>T	-0.9851906299591064	-0.9859722256660461	-0.0007815957069396973
chr17:41219692:G>C	-0.9851906299591064	-0.9859231114387512	-0.0007324814796447754
chr17:41219692:G>A	-0.9851906299591064	-0.9859644174575806	-0.0007737874984741211
chr17:41219691:T>G	-0.985246479511261	-0.9858034253120422	-0.00055694580078125
chr17:41219691:T>C	-0.985246479511261	-0.9873654842376709	-0.002119004726409912
chr17:41219691:T>A	-0.985246479511261	-0.9927467703819275	-0.007500290870666504
chr17:41219690:C>T	-0.985367476940155	-0.986384928226471	-0.001017451286315918
chr17:41219690:C>G	-0.985367476940155	-0.9881815314292908	-0.002814054489135742
chr17:41219690:C>A	-0.985367476940155	-0.9891722202301025	-0.0038047432899475098
chr17:41219689:T>G	-0.9856500029563904	-0.987292468547821	-0.001642465591430664
chr17:41219689:T>C	-0.9856500029563904	-0.985581636428833	6.836652755737305e-05
chr17:41219689:T>A	-0.9856500029563904	-0.9872332811355591	-0.0015832781791687012
chr17:41219688:T>G	-0.985822856426239	-0.9872798323631287	-0.0014569759368896484
chr17:41219688:T>C	-0.985822856426239	-0.9874634742736816	-0.001640617847442627
chr17:41219688:T>A	-0.985822856426239	-0.9952436089515686	-0.00942075252532959
chr17:41219687:T>G	-0.9862216711044312	-0.9889113306999207	-0.002689659595489502
chr17:41219687:T>C	-0.9862216711044312	-0.9866402745246887	-0.00041860342025756836
chr17:41219687:T>A	-0.9862216711044312	-0.9901825189590454	-0.003960847854614258
chr17:41219686:T>G	-0.9863635301589966	-0.9883220195770264	-0.001958489418029785
chr17:41219686:T>C	-0.9863635301589966	-0.9864153265953064	-5.179643630981445e-05
chr17:41219686:T>A	-0.9863635301589966	-0.9879856705665588	-0.0016221404075622559
chr17:41219685:G>T	-0.9862265586853027	-0.9881609678268433	-0.0019344091415405273
chr17:41219685:G>C	-0.9862265586853027	-0.9891183376312256	-0.0028917789459228516
chr17:41219685:G>A	-0.9862265586853027	-0.987263560295105	-0.001037001609802246
chr17:41219684:T>G	-0.9866392016410828	-0.9902134537696838	-0.0035742521286010742
chr17:41219684:T>C	-0.9866392016410828	-0.9879434704780579	-0.0013042688369750977
chr17:41219684:T>A	-0.9866392016410828	-0.9888010621070862	-0.002161860466003418
chr17:41219683:G>T	-0.9865053296089172	-0.9879935383796692	-0.0014882087707519531
chr17:41219683:G>C	-0.9865053296089172	-0.9876610636711121	-0.0011557340621948242
chr17:41219683:G>A	-0.9865053296089172	-0.9863160848617554	0.00018924474716186523
chr17:41219682:G>T	-0.986741840839386	-0.9870697259902954	-0.00032788515090942383
chr17:41219682:G>C	-0.986741840839386	-0.9875304102897644	-0.000788569450378418
chr17:41219682:G>A	-0.986741840839386	-0.9891900420188904	-0.0024482011795043945
chr17:41219681:T>G	-0.9865038990974426	-0.9895597100257874	-0.0030558109283447266
chr17:41219681:T>C	-0.9865038990974426	-0.9870372414588928	-0.0005333423614501953
chr17:41219681:T>A	-0.9865038990974426	-0.9906013011932373	-0.004097402095794678
chr17:41219680:G>T	-0.9870606064796448	-0.9886156916618347	-0.0015550851821899414
chr17:41219680:G>C	-0.9870606064796448	-0.9880626797676086	-0.0010020732879638672
chr17:41219680:G>A	-0.9870606064796448	-0.987966775894165	-0.0009061694145202637
chr17:41219679:T>G	-0.9870668053627014	-0.9881243705749512	-0.0010575652122497559
chr17:41219679:T>C	-0.9870668053627014	-0.9873707890510559	-0.0003039836883544922
chr17:41219678:A>G	-0.9873716831207275	-0.9893960356712341	-0.002024352550506592
chr17:41219676:T>G	-0.9875311851501465	-0.9897960424423218	-0.002264857292175293
chr17:41219676:T>C	-0.9875311851501465	-0.9878035187721252	-0.00027233362197875977
chr17:41219676:T>A	-0.9875311851501465	-0.9885104298591614	-0.0009792447090148926
chr17:41219675:G>T	-0.9876509308815002	-0.9895234107971191	-0.0018724799156188965
chr17:41219675:G>A	-0.9876509308815002	-0.9891740083694458	-0.0015230774879455566
chr17:41219673:A>T	-0.9882670640945435	-0.989265501499176	-0.0009984374046325684
chr17:41219673:A>G	-0.9882670640945435	-0.9882858991622925	-1.8835067749023438e-05
chr17:41219673:A>C	-0.9882670640945435	-0.9890902638435364	-0.0008231997489929199
chr17:41219672:A>T	-0.9882749319076538	-0.995616614818573	-0.0073416829109191895
chr17:41219672:A>C	-0.9882749319076538	-0.9948662519454956	-0.006591320037841797
chr17:41219671:T>G	-0.9887121319770813	-0.9900789260864258	-0.0013667941093444824
chr17:41219671:T>C	-0.9887121319770813	-0.988739013671875	-2.6881694793701172e-05
chr17:41219671:T>A	-0.9887121319770813	-0.9903731346130371	-0.0016610026359558105
chr17:41219670:T>G	-0.988512396812439	-0.9908201098442078	-0.002307713031768799
chr17:41219670:T>C	-0.988512396812439	-0.9891360998153687	-0.0006237030029296875
chr17:41219670:T>A	-0.988512396812439	-0.9895654320716858	-0.0010530352592468262
chr17:41219669:G>T	-0.9887679815292358	-0.9902259111404419	-0.0014579296112060547
chr17:41219669:G>C	-0.9887679815292358	-0.9899295568466187	-0.0011615753173828125
chr17:41219669:G>A	-0.9887679815292358	-0.9905126094818115	-0.0017446279525756836
chr17:41219668:A>T	-0.988946795463562	-0.9891507625579834	-0.00020396709442138672
chr17:41219668:A>G	-0.988946795463562	-0.9889611601829529	-1.436471939086914e-05
chr17:41219668:A>C	-0.988946795463562	-0.9892356395721436	-0.00028884410858154297
chr17:41219667:T>G	-0.9891045689582825	-0.989240288734436	-0.00013571977615356445
chr17:41219667:T>C	-0.9891045689582825	-0.9897155165672302	-0.0006109476089477539
chr17:41219667:T>A	-0.9891045689582825	-0.9918997883796692	-0.0027952194213867188
chr17:41219666:T>G	-0.9892387986183167	-0.9908950328826904	-0.0016562342643737793
chr17:41219666:T>C	-0.9892387986183167	-0.9899755120277405	-0.0007367134094238281
chr17:41219666:T>A	-0.9892387986183167	-0.9924840927124023	-0.0032452940940856934
chr17:41219665:A>T	-0.9893751740455627	-0.9904385805130005	-0.0010634064674377441
chr17:41219665:A>G	-0.9893751740455627	-0.9894033670425415	-2.8192996978759766e-05
chr17:41219665:A>C	-0.9893751740455627	-0.9908409118652344	-0.0014657378196716309
chr17:41219664:G>T	-0.9895713925361633	-0.990368127822876	-0.0007967352867126465
chr17:41219664:G>C	-0.9895713925361633	-0.9904263615608215	-0.0008549690246582031
chr17:41219664:G>A	-0.9895713925361633	-0.9901955127716064	-0.0006241202354431152
chr17:41219663:A>T	-0.9892810583114624	-0.990160346031189	-0.0008792877197265625
chr17:41219663:A>G	-0.9892810583114624	-0.9911739826202393	-0.0018929243087768555
chr17:41219663:A>C	-0.9892810583114624	-0.9902902841567993	-0.001009225845336914
chr17:41219662:T>G	-0.989550769329071	-0.989319384098053	0.0002313852310180664
chr17:41219662:T>C	-0.989550769329071	-0.9893428087234497	0.0002079606056213379
chr17:41219662:T>A	-0.989550769329071	-0.9893597364425659	0.00019103288650512695
chr17:41219661:T>G	-0.9896260499954224	-0.9905006289482117	-0.0008745789527893066
chr17:41219661:T>C	-0.9896260499954224	-0.9897767901420593	-0.0001507401466369629
chr17:41219661:T>A	-0.9896260499954224	-0.9920361042022705	-0.0024100542068481445
chr17:41219660:A>T	-0.9896207451820374	-0.9931689500808716	-0.0035482048988342285
chr17:41219660:A>G	-0.9896207451820374	-0.9922477602958679	-0.0026270151138305664
chr17:41219660:A>C	-0.9896207451820374	-0.9930449724197388	-0.003424227237701416
chr17:41219659:A>T	-0.9898043870925903	-0.9901539087295532	-0.0003495216369628906
chr17:41219659:A>G	-0.9898043870925903	-0.9897724390029907	3.1948089599609375e-05
chr17:41219659:A>C	-0.9898043870925903	-0.9909989833831787	-0.001194596290588379
chr17:41219658:T>G	-0.9900283217430115	-0.9923036098480225	-0.0022752881050109863
chr17:41219658:T>C	-0.9900283217430115	-0.9903813004493713	-0.0003529787063598633
chr17:41219658:T>A	-0.9900283217430115	-0.9911534786224365	-0.0011251568794250488
chr17:41219657:G>T	-0.990152895450592	-0.9925749897956848	-0.0024220943450927734
chr17:41219657:G>C	-0.990152895450592	-0.991849422454834	-0.0016965270042419434
chr17:41219657:G>A	-0.990152895450592	-0.9920653104782104	-0.0019124150276184082
chr17:41219656:A>T	-0.9904981255531311	-0.9910388588905334	-0.0005407333374023438
chr17:41219656:A>G	-0.9904981255531311	-0.9901850819587708	0.00031304359436035156
chr17:41219656:A>C	-0.9904981255531311	-0.9907328486442566	-0.00023472309112548828
chr17:41219655:C>T	-0.9905073642730713	-0.9940320253372192	-0.0035246610641479492
chr17:41219655:C>G	-0.9905073642730713	-0.9933881163597107	-0.0028807520866394043
chr17:41219655:C>A	-0.9905073642730713	-1.0015208721160889	-0.011013507843017578
chr17:41219654:T>G	-0.990653932094574	-0.9946767687797546	-0.004022836685180664
chr17:41219654:T>C	-0.990653932094574	-0.9936893582344055	-0.003035426139831543
chr17:41219654:T>A	-0.990653932094574	-0.9972206950187683	-0.006566762924194336
chr17:41219653:T>G	-0.9906328320503235	-0.9931247234344482	-0.002491891384124756
chr17:41219653:T>C	-0.9906328320503235	-0.9906938672065735	-6.103515625e-05
chr17:41219653:T>A	-0.9906328320503235	-0.9940022826194763	-0.003369450569152832
chr17:41219652:C>T	-0.9907478094100952	-0.9954276084899902	-0.0046797990798950195
chr17:41219652:C>G	-0.9907478094100952	-0.9952692985534668	-0.004521489143371582
chr17:41219652:C>A	-0.9907478094100952	-1.0020745992660522	-0.011326789855957031
chr17:41219651:T>G	-0.9908241033554077	-0.9946097731590271	-0.0037856698036193848
chr17:41219651:T>C	-0.9908241033554077	-0.9936417937278748	-0.002817690372467041
chr17:41219651:T>A	-0.9908241033554077	-0.9976744651794434	-0.0068503618240356445
chr17:41219650:C>T	-0.9909334778785706	-0.9909140467643738	1.9431114196777344e-05
chr17:41219650:C>G	-0.9909334778785706	-0.9928290247917175	-0.0018955469131469727
chr17:41219650:C>A	-0.9909334778785706	-0.9927851557731628	-0.0018516778945922852
chr17:41219649:T>G	-0.9909420609474182	-0.9954898953437805	-0.004547834396362305
chr17:41219649:T>C	-0.9909420609474182	-0.9932238459587097	-0.002281785011291504
chr17:41219649:T>A	-0.9909420609474182	-0.992794930934906	-0.001852869987487793
chr17:41219648:G>T	-0.9908704161643982	-0.9962407946586609	-0.005370378494262695
chr17:41219648:G>C	-0.9908704161643982	-0.9939744472503662	-0.0031040310859680176
chr17:41219648:G>A	-0.9908704161643982	-0.995708703994751	-0.004838287830352783
chr17:41219647:A>T	-0.9909364581108093	-0.9909824132919312	-4.595518112182617e-05
chr17:41219647:A>G	-0.9909364581108093	-0.9904370903968811	0.0004993677139282227
chr17:41219647:A>C	-0.9909364581108093	-0.9907682538032532	0.00016820430755615234
chr17:41219646:T>G	-0.9910082817077637	-0.9976471066474915	-0.006638824939727783
chr17:41219646:T>C	-0.9910082817077637	-0.9951120615005493	-0.0041037797927856445
chr17:41219646:T>A	-0.9910082817077637	-0.9936981797218323	-0.0026898980140686035
chr17:41219645:G>T	-0.9908142685890198	-0.9992436170578003	-0.008429348468780518
chr17:41219645:G>C	-0.9908142685890198	-0.997487485408783	-0.006673216819763184
chr17:41219645:G>A	-0.9908142685890198	-0.9995693564414978	-0.008755087852478027
chr17:41219644:A>T	-0.9908482432365417	-0.9926613569259644	-0.0018131136894226074
chr17:41219644:A>G	-0.9908482432365417	-0.992347240447998	-0.0014989972114562988
chr17:41219644:A>C	-0.9908482432365417	-0.9921305775642395	-0.001282334327697754
chr17:41219643:G>T	-0.9905826449394226	-0.9998630881309509	-0.00928044319152832
chr17:41219643:G>C	-0.9905826449394226	-0.9988963603973389	-0.00831371545791626
chr17:41219643:G>A	-0.9905826449394226	-0.9989094138145447	-0.00832676887512207
chr17:41219642:T>G	-0.9909895658493042	-0.9981476068496704	-0.007158041000366211
chr17:41219642:T>C	-0.9909895658493042	-0.997653067111969	-0.006663501262664795
chr17:41219642:T>A	-0.9909895658493042	-1.0008939504623413	-0.00990438461303711
chr17:41219641:A>T	-0.9906989932060242	-0.9955400228500366	-0.004841029644012451
chr17:41219641:A>G	-0.9906989932060242	-0.9908218383789062	-0.00012284517288208008
chr17:41219641:A>C	-0.9906989932060242	-0.9966146349906921	-0.005915641784667969
chr17:41219640:C>T	-0.9907314777374268	-0.996020495891571	-0.005289018154144287
chr17:41219640:C>G	-0.9907314777374268	-0.993606686592102	-0.002875208854675293
chr17:41219640:C>A	-0.9907314777374268	-0.9979937672615051	-0.007262289524078369
chr17:41219639:A>T	-0.9906812906265259	-0.9993711113929749	-0.008689820766448975
chr17:41219639:A>G	-0.9906812906265259	-0.9984408020973206	-0.007759511470794678
chr17:41219639:A>C	-0.9906812906265259	-0.9997431635856628	-0.009061872959136963
chr17:41219638:A>T	-0.9907703995704651	-0.9917239546775818	-0.0009535551071166992
chr17:41219638:A>G	-0.9907703995704651	-0.9903360605239868	0.0004343390464782715
chr17:41219638:A>C	-0.9907703995704651	-0.9910893440246582	-0.00031894445419311523
chr17:41219637:C>T	-0.9910414218902588	-0.9947249293327332	-0.0036835074424743652
chr17:41219637:C>G	-0.9910414218902588	-0.9971531629562378	-0.006111741065979004
chr17:41219637:C>A	-0.9910414218902588	-0.9982805848121643	-0.007239162921905518
chr17:41219636:A>T	-0.9910250306129456	-0.9999743700027466	-0.008949339389801025
chr17:41219636:A>G	-0.9910250306129456	-0.9990310668945312	-0.008006036281585693
chr17:41219636:A>C	-0.9910250306129456	-0.9984378218650818	-0.0074127912521362305
chr17:41219635:A>T	-0.9911767244338989	-0.9923132658004761	-0.0011365413665771484
chr17:41219635:A>G	-0.9911767244338989	-0.9907152056694031	0.0004615187644958496
chr17:41219635:A>C	-0.9911767244338989	-0.9914584755897522	-0.0002817511558532715
chr17:41219634:T>G	-0.9910173416137695	-0.991510272026062	-0.0004929304122924805
chr17:41219634:T>C	-0.9910173416137695	-0.9924964308738708	-0.0014790892601013184
chr17:41219634:T>A	-0.9910173416137695	-0.9932045936584473	-0.0021872520446777344
chr17:41219633:A>T	-0.9911682605743408	-0.9980435967445374	-0.006875336170196533
chr17:41219633:A>G	-0.9911682605743408	-0.9941303730010986	-0.0029621124267578125
chr17:41219633:A>C	-0.9911682605743408	-1.000029444694519	-0.008861184120178223
chr17:41219632:C>T	-0.9911011457443237	-0.9928497672080994	-0.0017486214637756348
chr17:41219632:C>G	-0.9911011457443237	-0.9917504787445068	-0.0006493330001831055
chr17:41219632:C>A	-0.9911011457443237	-0.992872953414917	-0.0017718076705932617
chr17:41219631:T>G	-0.990936279296875	-0.9929937720298767	-0.002057492733001709
chr17:41219631:T>C	-0.990936279296875	-0.9927819967269897	-0.001845717430114746
chr17:41219631:T>A	-0.990936279296875	-1.0054049491882324	-0.014468669891357422
chr17:41219630:T>G	-0.9912978410720825	-0.9959051012992859	-0.004607260227203369
chr17:41219630:T>C	-0.9912978410720825	-0.9931589365005493	-0.0018610954284667969
chr17:41219630:T>A	-0.9912978410720825	-0.9998486638069153	-0.008550822734832764
chr17:41219629:T>G	-0.9911544322967529	-0.9951670169830322	-0.004012584686279297
chr17:41219629:T>C	-0.9911544322967529	-0.995657205581665	-0.004502773284912109
chr17:41219629:T>A	-0.9911544322967529	-0.9949066042900085	-0.0037521719932556152
chr17:41219628:T>G	-0.9911015033721924	-0.9939711093902588	-0.0028696060180664062
chr17:41219628:T>C	-0.9911015033721924	-0.993004322052002	-0.0019028186798095703
chr17:41219628:T>A	-0.9911015033721924	-0.9941976070404053	-0.0030961036682128906
chr17:41219627:G>T	-0.9911571741104126	-0.9981246590614319	-0.006967484951019287
chr17:41219627:G>C	-0.9911571741104126	-1.0006932020187378	-0.009536027908325195
chr17:41219627:G>A	-0.9911571741104126	-1.0031031370162964	-0.011945962905883789
chr17:41219626:T>G	-0.9910578727722168	-1.0026963949203491	-0.011638522148132324
chr17:41219626:T>C	-0.9910578727722168	-1.0030664205551147	-0.01200854778289795
chr17:41219626:T>A	-0.9910578727722168	-1.0045753717422485	-0.013517498970031738
chr17:41219625:C>T	-0.9909683465957642	-1.007003664970398	-0.01603531837463379
chr17:41219625:C>G	-0.9909683465957642	-1.0078253746032715	-0.016857028007507324
chr17:41219625:C>A	-0.9909683465957642	-1.0078933238983154	-0.01692497730255127
chr17:41219624:C>T	-0.9909284710884094	-1.0065420866012573	-0.0156136155128479
chr17:41219624:C>G	-0.9909284710884094	-1.0067317485809326	-0.015803277492523193
chr17:41219624:C>A	-0.9909284710884094	-1.0079331398010254	-0.017004668712615967
chr17:41219623:A>T	-0.9912406206130981	-1.007429838180542	-0.016189217567443848
chr17:41219623:A>G	-0.9912406206130981	-1.00794517993927	-0.016704559326171875
chr17:41219623:A>C	-0.9912406206130981	-1.0080437660217285	-0.01680314540863037
chr17:41219622:T>G	-0.9912533164024353	-1.0076992511749268	-0.016445934772491455
chr17:41219622:T>C	-0.9912533164024353	-1.0071192979812622	-0.015865981578826904
chr17:41219622:T>A	-0.9912533164024353	-1.0078492164611816	-0.016595900058746338
chr17:41219621:A>T	-0.9912803173065186	-0.9889024496078491	0.0023778676986694336
chr17:41219621:A>G	-0.9912803173065186	-0.9912362098693848	4.410743713378906e-05
chr17:41219621:A>C	-0.9912803173065186	-0.9988344311714172	-0.007554113864898682
chr17:41219620:T>G	-0.9911292195320129	-0.9930300116539001	-0.001900792121887207
chr17:41219620:T>C	-0.9911292195320129	-0.9887072443962097	0.0024219751358032227
chr17:41219620:T>A	-0.9911292195320129	-0.9911500215530396	-2.0802021026611328e-05
chr17:41219619:G>T	-0.9913845658302307	-0.9927932620048523	-0.001408696174621582
chr17:41219619:G>C	-0.9913845658302307	-0.992337167263031	-0.000952601432800293
chr17:41219619:G>A	-0.9913845658302307	-0.9911389946937561	0.0002455711364746094
chr17:41219618:G>T	-0.9909375309944153	-0.9952020645141602	-0.004264533519744873
chr17:41219618:G>C	-0.9909375309944153	-0.9936332106590271	-0.0026956796646118164
chr17:41219618:G>A	-0.9909375309944153	-0.9906993508338928	0.00023818016052246094
chr17:41219617:T>G	-0.9909666180610657	-0.9931315779685974	-0.0021649599075317383
chr17:41219617:T>C	-0.9909666180610657	-0.9906516671180725	0.00031495094299316406
chr17:41219617:T>A	-0.9909666180610657	-0.9952725768089294	-0.0043059587478637695
chr17:41219616:T>G	-0.9912725687026978	-0.9919798374176025	-0.0007072687149047852
chr17:41219616:T>C	-0.9912725687026978	-0.9925127029418945	-0.0012401342391967773
chr17:41219616:T>A	-0.9912725687026978	-0.9953213930130005	-0.004048824310302734
chr17:41219615:C>T	-0.9911458492279053	-0.9918696880340576	-0.0007238388061523438
chr17:41219615:C>G	-0.9911458492279053	-0.9925718903541565	-0.0014260411262512207
chr17:41219615:C>A	-0.9911458492279053	-0.9933357238769531	-0.0021898746490478516
chr17:41215978:G>T	-0.8280648589134216	-0.8284242749214172	-0.00035941600799560547
chr17:41215978:G>C	-0.8280648589134216	-0.8286817669868469	-0.000616908073425293
chr17:41215978:G>A	-0.8280648589134216	-0.8283324241638184	-0.0002675652503967285
chr17:41215977:T>G	-0.8283339738845825	-0.8285037279129028	-0.0001697540283203125
chr17:41215977:T>C	-0.8283339738845825	-0.8285912275314331	-0.00025725364685058594
chr17:41215977:T>A	-0.8283339738845825	-0.8289476633071899	-0.0006136894226074219
chr17:41215976:A>T	-0.8283873200416565	-0.8288825750350952	-0.0004952549934387207
chr17:41215976:A>G	-0.8283873200416565	-0.8290796279907227	-0.0006923079490661621
chr17:41215976:A>C	-0.8283873200416565	-0.8309056758880615	-0.0025183558464050293
chr17:41215975:A>T	-0.8284648656845093	-0.829393208026886	-0.000928342342376709
chr17:41215975:A>G	-0.8284648656845093	-0.828663170337677	-0.0001983046531677246
chr17:41215975:A>C	-0.8284648656845093	-0.8293061256408691	-0.0008412599563598633
chr17:41215974:G>T	-0.8284016251564026	-0.8295676112174988	-0.0011659860610961914
chr17:41215974:G>C	-0.8284016251564026	-0.8295495510101318	-0.001147925853729248
chr17:41215974:G>A	-0.8284016251564026	-0.8288107514381409	-0.00040912628173828125
chr17:41215973:A>T	-0.8286411166191101	-0.8301299810409546	-0.0014888644218444824
chr17:41215973:A>G	-0.8286411166191101	-0.8292329907417297	-0.0005918741226196289
chr17:41215973:A>C	-0.8286411166191101	-0.8298691511154175	-0.001228034496307373
chr17:41215972:C>T	-0.8289833068847656	-0.8288682699203491	0.0001150369644165039
chr17:41215972:C>G	-0.8289833068847656	-0.8292254209518433	-0.00024211406707763672
chr17:41215972:C>A	-0.8289833068847656	-0.8287721872329712	0.0002111196517944336
chr17:41215971:G>T	-0.8290303945541382	-0.8312716484069824	-0.0022412538528442383
chr17:41215971:G>C	-0.8290303945541382	-0.8320837020874023	-0.00305330753326416
chr17:41215971:G>A	-0.8290303945541382	-0.8294987082481384	-0.00046831369400024414
chr17:41215970:T>G	-0.8292372226715088	-0.8324896097183228	-0.003252387046813965
chr17:41215970:T>C	-0.8292372226715088	-0.8326318860054016	-0.0033946633338928223
chr17:41215970:T>A	-0.8292372226715088	-0.8327297568321228	-0.0034925341606140137
chr17:41215969:C>T	-0.8294984698295593	-0.8337026238441467	-0.004204154014587402
chr17:41215969:C>G	-0.8294984698295593	-0.8336417078971863	-0.004143238067626953
chr17:41215969:C>A	-0.8294984698295593	-0.8338361978530884	-0.004337728023529053
chr17:41215968:T>G	-0.829376757144928	-0.8313907980918884	-0.0020140409469604492
chr17:41215968:T>C	-0.829376757144928	-0.8307645320892334	-0.00138777494430542
chr17:41215968:T>A	-0.829376757144928	-0.8311444520950317	-0.0017676949501037598
chr17:41215967:A>T	-0.8297845125198364	-0.8309504389762878	-0.001165926456451416
chr17:41215967:A>G	-0.8297845125198364	-0.830822229385376	-0.0010377168655395508
chr17:41215967:A>C	-0.8297845125198364	-0.8309364914894104	-0.0011519789695739746
chr17:41215966:C>T	-0.8296501636505127	-0.8309681415557861	-0.0013179779052734375
chr17:41215966:C>G	-0.8296501636505127	-0.8316012024879456	-0.0019510388374328613
chr17:41215966:C>A	-0.8296501636505127	-0.8307982087135315	-0.0011480450630187988
chr17:41215965:G>T	-0.8297682404518127	-0.831265926361084	-0.0014976859092712402
chr17:41215965:G>C	-0.8297682404518127	-0.8314200043678284	-0.001651763916015625
chr17:41215965:G>A	-0.8297682404518127	-0.8310364484786987	-0.0012682080268859863
chr17:41215964:A>T	-0.8298524618148804	-0.8306851983070374	-0.0008327364921569824
chr17:41215964:A>G	-0.8298524618148804	-0.8296573758125305	0.00019508600234985352
chr17:41215964:A>C	-0.8298524618148804	-0.8303601145744324	-0.000507652759552002
chr17:41215963:C>T	-0.8298684358596802	-0.8313791751861572	-0.0015107393264770508
chr17:41215963:C>G	-0.8298684358596802	-0.8307477831840515	-0.0008793473243713379
chr17:41215963:C>A	-0.8298684358596802	-0.8325302004814148	-0.002661764621734619
chr17:41215962:T>G	-0.8297759890556335	-0.8312979936599731	-0.0015220046043395996
chr17:41215962:T>C	-0.8297759890556335	-0.8316010236740112	-0.0018250346183776855
chr17:41215962:T>A	-0.8297759890556335	-0.8320000171661377	-0.0022240281105041504
chr17:41215961:C>T	-0.8302407264709473	-0.8304707407951355	-0.00023001432418823242
chr17:41215961:C>G	-0.8302407264709473	-0.830773651599884	-0.0005329251289367676
chr17:41215961:C>A	-0.8302407264709473	-0.8308933973312378	-0.0006526708602905273
chr17:41215960:A>T	-0.8301722407341003	-0.8316798806190491	-0.0015076398849487305
chr17:41215960:A>G	-0.8301722407341003	-0.8309870958328247	-0.0008148550987243652
chr17:41215960:A>C	-0.8301722407341003	-0.8318430781364441	-0.00167083740234375
chr17:41215959:A>T	-0.8304501175880432	-0.8317152261734009	-0.001265108585357666
chr17:41215959:A>G	-0.8304501175880432	-0.832430899143219	-0.0019807815551757812
chr17:41215959:A>C	-0.8304501175880432	-0.8321059346199036	-0.0016558170318603516
chr17:41215958:A>T	-0.8306055665016174	-0.8322011232376099	-0.0015955567359924316
chr17:41215958:A>G	-0.8306055665016174	-0.8311744928359985	-0.0005689263343811035
chr17:41215958:A>C	-0.8306055665016174	-0.8318470120429993	-0.001241445541381836
chr17:41215957:C>T	-0.8310947418212891	-0.8316906094551086	-0.0005958676338195801
chr17:41215957:C>G	-0.8310947418212891	-0.8323057889938354	-0.0012110471725463867
chr17:41215957:C>A	-0.8310947418212891	-0.832197904586792	-0.0011031627655029297
chr17:41215956:A>T	-0.8309986591339111	-0.8338751792907715	-0.0028765201568603516
chr17:41215956:A>G	-0.8309986591339111	-0.8328132033348083	-0.0018145442008972168
chr17:41215956:A>C	-0.8309986591339111	-0.8344638347625732	-0.0034651756286621094
chr17:41215955:C>T	-0.8313422799110413	-0.8313769698143005	-3.4689903259277344e-05
chr17:41215955:C>G	-0.8313422799110413	-0.831751823425293	-0.000409543514251709
chr17:41215955:C>A	-0.8313422799110413	-0.8317360281944275	-0.00039374828338623047
chr17:41215954:A>T	-0.8314105868339539	-0.8336983323097229	-0.002287745475769043
chr17:41215954:A>G	-0.8314105868339539	-0.8337904214859009	-0.0023798346519470215
chr17:41215954:A>C	-0.8314105868339539	-0.8348726034164429	-0.0034620165824890137
chr17:41215953:C>T	-0.8316382765769958	-0.8358190059661865	-0.004180729389190674
chr17:41215953:C>G	-0.8316382765769958	-0.8338730335235596	-0.0022347569465637207
chr17:41215953:C>A	-0.8316382765769958	-0.8361557722091675	-0.004517495632171631
chr17:41215952:A>T	-0.8316702246665955	-0.8366907835006714	-0.005020558834075928
chr17:41215952:A>G	-0.8316702246665955	-0.8321768045425415	-0.0005065798759460449
chr17:41215952:A>C	-0.8316702246665955	-0.8363568186759949	-0.004686594009399414
chr17:41215951:C>T	-0.8318671584129333	-0.8353061676025391	-0.003439009189605713
chr17:41215951:C>G	-0.8318671584129333	-0.8336271047592163	-0.001759946346282959
chr17:41215951:C>A	-0.8318671584129333	-0.8393229842185974	-0.0074558258056640625
chr17:41215950:T>G	-0.8319485187530518	-0.8356891870498657	-0.003740668296813965
chr17:41215950:T>C	-0.8319485187530518	-0.8346356749534607	-0.0026871562004089355
chr17:41215950:T>A	-0.8319485187530518	-0.8365218043327332	-0.0045732855796813965
chr17:41215949:T>G	-0.8322845101356506	-0.8333589434623718	-0.0010744333267211914
chr17:41215949:T>C	-0.8322845101356506	-0.8325273394584656	-0.0002428293228149414
chr17:41215949:T>A	-0.8322845101356506	-0.8332857489585876	-0.0010012388229370117
chr17:41215948:G>C	-0.8322204947471619	-0.8370025157928467	-0.0047820210456848145
chr17:41215947:C>G	-0.8319859504699707	-0.8373284935951233	-0.005342543125152588
chr17:41215947:C>A	-0.8319859504699707	-0.8382440805435181	-0.006258130073547363
chr17:41215945:T>G	-0.8323444724082947	-0.8389749526977539	-0.0066304802894592285
chr17:41215945:T>C	-0.8323444724082947	-0.8335997462272644	-0.0012552738189697266
chr17:41215944:G>T	-0.8324112892150879	-0.8388944864273071	-0.006483197212219238
chr17:41215944:G>C	-0.8324112892150879	-0.8386908769607544	-0.006279587745666504
chr17:41215944:G>A	-0.8324112892150879	-0.835635244846344	-0.0032239556312561035
chr17:41215943:T>G	-0.8325214982032776	-0.8327679634094238	-0.00024646520614624023
chr17:41215943:T>C	-0.8325214982032776	-0.832757294178009	-0.0002357959747314453
chr17:41215943:T>A	-0.8325214982032776	-0.8332661986351013	-0.0007447004318237305
chr17:41215942:G>T	-0.8326534032821655	-0.8335422873497009	-0.0008888840675354004
chr17:41215942:G>C	-0.8326534032821655	-0.8338581323623657	-0.0012047290802001953
chr17:41215942:G>A	-0.8326534032821655	-0.8331215977668762	-0.00046819448471069336
chr17:41215941:A>T	-0.8330148458480835	-0.8368899822235107	-0.003875136375427246
chr17:41215941:A>G	-0.8330148458480835	-0.8394083976745605	-0.006393551826477051
chr17:41215941:A>C	-0.8330148458480835	-0.8376960158348083	-0.0046811699867248535
chr17:41215940:C>T	-0.8330894708633423	-0.8339225649833679	-0.0008330941200256348
chr17:41215940:C>G	-0.8330894708633423	-0.8337331414222717	-0.0006436705589294434
chr17:41215940:C>A	-0.8330894708633423	-0.8341866731643677	-0.0010972023010253906
chr17:41215939:T>G	-0.833172619342804	-0.8350409269332886	-0.0018683075904846191
chr17:41215939:T>C	-0.833172619342804	-0.8365333080291748	-0.0033606886863708496
chr17:41215939:T>A	-0.833172619342804	-0.8419628143310547	-0.008790194988250732
chr17:41215938:T>G	-0.8331142663955688	-0.8397079706192017	-0.0065937042236328125
chr17:41215938:T>C	-0.8331142663955688	-0.8339760303497314	-0.0008617639541625977
chr17:41215938:T>A	-0.8331142663955688	-0.8429015874862671	-0.009787321090698242
chr17:41215937:T>G	-0.8332016468048096	-0.8356525897979736	-0.0024509429931640625
chr17:41215937:T>C	-0.8332016468048096	-0.8332425355911255	-4.088878631591797e-05
chr17:41215937:T>A	-0.8332016468048096	-0.835813045501709	-0.002611398696899414
chr17:41215936:A>T	-0.8334657549858093	-0.839108943939209	-0.005643188953399658
chr17:41215936:A>G	-0.8334657549858093	-0.8357560634613037	-0.0022903084754943848
chr17:41215936:A>C	-0.8334657549858093	-0.841097891330719	-0.007632136344909668
chr17:41215935:T>G	-0.8335266709327698	-0.8386472463607788	-0.005120575428009033
chr17:41215935:T>C	-0.8335266709327698	-0.8385212421417236	-0.004994571208953857
chr17:41215935:T>A	-0.8335266709327698	-0.8365844488143921	-0.0030577778816223145
chr17:41215934:A>T	-0.8336088061332703	-0.841172456741333	-0.007563650608062744
chr17:41215934:A>G	-0.8336088061332703	-0.8338596820831299	-0.00025087594985961914
chr17:41215934:A>C	-0.8336088061332703	-0.8409830331802368	-0.007374227046966553
chr17:41215933:A>T	-0.8340125679969788	-0.8375853896141052	-0.003572821617126465
chr17:41215933:A>G	-0.8340125679969788	-0.8355897068977356	-0.001577138900756836
chr17:41215933:A>C	-0.8340125679969788	-0.8377116918563843	-0.0036991238594055176
chr17:41215932:A>T	-0.8340215682983398	-0.8358293771743774	-0.0018078088760375977
chr17:41215932:A>G	-0.8340215682983398	-0.8386003375053406	-0.004578769207000732
chr17:41215932:A>C	-0.8340215682983398	-0.8378691673278809	-0.0038475990295410156
chr17:41215931:A>T	-0.8343953490257263	-0.8358523845672607	-0.0014570355415344238
chr17:41215931:A>G	-0.8343953490257263	-0.8343712687492371	2.4080276489257812e-05
chr17:41215931:A>C	-0.8343953490257263	-0.8358752727508545	-0.0014799237251281738
chr17:41215930:G>T	-0.8345673084259033	-0.8362354636192322	-0.0016681551933288574
chr17:41215930:G>C	-0.8345673084259033	-0.8360196352005005	-0.001452326774597168
chr17:41215930:G>A	-0.8345673084259033	-0.8353394865989685	-0.0007721781730651855
chr17:41215929:A>T	-0.8346558809280396	-0.838711142539978	-0.0040552616119384766
chr17:41215929:A>G	-0.8346558809280396	-0.8413439393043518	-0.006688058376312256
chr17:41215929:A>C	-0.8346558809280396	-0.8391613364219666	-0.004505455493927002
chr17:41215928:T>G	-0.8348729610443115	-0.8347817659378052	9.119510650634766e-05
chr17:41215928:T>C	-0.8348729610443115	-0.8342146873474121	0.0006582736968994141
chr17:41215928:T>A	-0.8348729610443115	-0.8348082304000854	6.473064422607422e-05
chr17:41215927:C>T	-0.8348374366760254	-0.8405455350875854	-0.005708098411560059
chr17:41215927:C>G	-0.8348374366760254	-0.8407171964645386	-0.005879759788513184
chr17:41215927:C>A	-0.8348374366760254	-0.8492871522903442	-0.014449715614318848
chr17:41215926:C>T	-0.8349205255508423	-0.8398710489273071	-0.004950523376464844
chr17:41215926:C>G	-0.8349205255508423	-0.8379690647125244	-0.003048539161682129
chr17:41215926:C>A	-0.8349205255508423	-0.8427860736846924	-0.007865548133850098
chr17:41215925:T>G	-0.8351634740829468	-0.8358527421951294	-0.0006892681121826172
chr17:41215925:T>C	-0.8351634740829468	-0.8357145190238953	-0.0005510449409484863
chr17:41215925:T>A	-0.8351634740829468	-0.8363833427429199	-0.0012198686599731445
chr17:41215924:T>G	-0.8352377414703369	-0.8361672163009644	-0.0009294748306274414
chr17:41215924:T>C	-0.8352377414703369	-0.8351945877075195	4.315376281738281e-05
chr17:41215924:T>A	-0.8352377414703369	-0.8381829261779785	-0.0029451847076416016
chr17:41215923:A>T	-0.8352980613708496	-0.839451014995575	-0.004152953624725342
chr17:41215923:A>G	-0.8352980613708496	-0.8366113901138306	-0.001313328742980957
chr17:41215923:A>C	-0.8352980613708496	-0.8382845520973206	-0.0029864907264709473
chr17:41215922:A>T	-0.8352884650230408	-0.8356450796127319	-0.0003566145896911621
chr17:41215922:A>G	-0.8352884650230408	-0.8357610702514648	-0.00047260522842407227
chr17:41215922:A>C	-0.8352884650230408	-0.8358324766159058	-0.0005440115928649902
chr17:41215921:C>T	-0.8353457450866699	-0.8362932205200195	-0.0009474754333496094
chr17:41215921:C>G	-0.8353457450866699	-0.8372456431388855	-0.0018998980522155762
chr17:41215921:C>A	-0.8353457450866699	-0.8363583087921143	-0.001012563705444336
chr17:41215920:G>T	-0.8351670503616333	-0.837336540222168	-0.002169489860534668
chr17:41215920:G>C	-0.8351670503616333	-0.8379358053207397	-0.0027687549591064453
chr17:41215920:G>A	-0.8351670503616333	-0.8369957208633423	-0.0018286705017089844
chr17:41215919:C>T	-0.8352465033531189	-0.8346887826919556	0.0005577206611633301
chr17:41215919:C>G	-0.8352465033531189	-0.8353051543235779	-5.8650970458984375e-05
chr17:41215919:C>A	-0.8352465033531189	-0.8350985050201416	0.00014799833297729492
chr17:41215918:C>T	-0.8352136015892029	-0.838118314743042	-0.0029047131538391113
chr17:41215918:C>G	-0.8352136015892029	-0.8386066555976868	-0.0033930540084838867
chr17:41215918:C>A	-0.8352136015892029	-0.852686882019043	-0.017473280429840088
chr17:41215917:C>T	-0.8347199559211731	-0.8371742367744446	-0.0024542808532714844
chr17:41215917:C>G	-0.8347199559211731	-0.8385369777679443	-0.0038170218467712402
chr17:41215917:C>A	-0.8347199559211731	-0.8444797992706299	-0.009759843349456787
chr17:41215916:T>G	-0.8346230983734131	-0.8355492949485779	-0.0009261965751647949
chr17:41215916:T>C	-0.8346230983734131	-0.8359145522117615	-0.0012914538383483887
chr17:41215916:T>A	-0.8346230983734131	-0.8352789282798767	-0.000655829906463623
chr17:41215915:C>T	-0.8345891237258911	-0.83664870262146	-0.0020595788955688477
chr17:41215915:C>G	-0.8345891237258911	-0.8377044200897217	-0.0031152963638305664
chr17:41215915:C>A	-0.8345891237258911	-0.8525445461273193	-0.017955422401428223
chr17:41215914:C>T	-0.8346178531646729	-0.8367816209793091	-0.0021637678146362305
chr17:41215914:C>G	-0.8346178531646729	-0.8367106914520264	-0.0020928382873535156
chr17:41215914:C>A	-0.8346178531646729	-0.8420323729515076	-0.007414519786834717
chr17:41215913:T>G	-0.8343392014503479	-0.8347911834716797	-0.0004519820213317871
chr17:41215913:T>C	-0.8343392014503479	-0.8352048397064209	-0.000865638256072998
chr17:41215913:T>A	-0.8343392014503479	-0.8361034393310547	-0.0017642378807067871
chr17:41215912:T>G	-0.8343597054481506	-0.8373048901557922	-0.0029451847076416016
chr17:41215912:T>C	-0.8343597054481506	-0.8367857933044434	-0.0024260878562927246
chr17:41215912:T>A	-0.8343597054481506	-0.8528802990913391	-0.018520593643188477
chr17:41215911:T>G	-0.8342912197113037	-0.8458016514778137	-0.01151043176651001
chr17:41215911:T>C	-0.8342912197113037	-0.8355177640914917	-0.0012265443801879883
chr17:41215911:T>A	-0.8342912197113037	-0.8497416377067566	-0.01545041799545288
chr17:41215910:T>G	-0.8344336152076721	-0.8375784754753113	-0.00314486026763916
chr17:41215910:T>C	-0.8344336152076721	-0.8345627188682556	-0.0001291036605834961
chr17:41215910:T>A	-0.8344336152076721	-0.837865948677063	-0.003432333469390869
chr17:41215909:A>T	-0.8344016075134277	-0.8422133326530457	-0.00781172513961792
chr17:41215909:A>G	-0.8344016075134277	-0.8415307402610779	-0.0071291327476501465
chr17:41215909:A>C	-0.8344016075134277	-0.8432572484016418	-0.008855640888214111
chr17:41215908:C>T	-0.8343978524208069	-0.8524307012557983	-0.018032848834991455
chr17:41215908:C>G	-0.8343978524208069	-0.8415252566337585	-0.00712740421295166
chr17:41215908:C>A	-0.8343978524208069	-0.8415741920471191	-0.007176339626312256
chr17:41215907:C>T	-0.834380030632019	-0.8528875708580017	-0.018507540225982666
chr17:41215907:C>G	-0.834380030632019	-0.8406269550323486	-0.00624692440032959
chr17:41215907:C>A	-0.834380030632019	-0.8405300974845886	-0.00615006685256958
chr17:41215906:C>T	-0.834535539150238	-0.8351494073867798	-0.000613868236541748
chr17:41215906:C>G	-0.834535539150238	-0.8368080854415894	-0.0022725462913513184
chr17:41215906:C>A	-0.834535539150238	-0.8369413614273071	-0.002405822277069092
chr17:41215905:A>T	-0.8347852826118469	-0.8387173414230347	-0.003932058811187744
chr17:41215905:A>G	-0.8347852826118469	-0.8363375067710876	-0.0015522241592407227
chr17:41215905:A>C	-0.8347852826118469	-0.8391011357307434	-0.004315853118896484
chr17:41215904:T>G	-0.8348697423934937	-0.8350961804389954	-0.00022643804550170898
chr17:41215904:T>C	-0.8348697423934937	-0.8350608348846436	-0.00019109249114990234
chr17:41215904:T>A	-0.8348697423934937	-0.8350903987884521	-0.0002206563949584961
chr17:41215903:C>T	-0.8346651792526245	-0.8347787857055664	-0.00011360645294189453
chr17:41215903:C>G	-0.8346651792526245	-0.8359846472740173	-0.0013194680213928223
chr17:41215903:C>A	-0.8346651792526245	-0.8378750085830688	-0.003209829330444336
chr17:41215902:A>T	-0.8348745703697205	-0.8397692441940308	-0.004894673824310303
chr17:41215902:A>G	-0.8348745703697205	-0.8372734189033508	-0.002398848533630371
chr17:41215902:A>C	-0.8348745703697205	-0.8401774764060974	-0.005302906036376953
chr17:41215901:A>T	-0.8350695967674255	-0.8355396389961243	-0.00047004222869873047
chr17:41215901:A>G	-0.8350695967674255	-0.835218608379364	-0.00014901161193847656
chr17:41215901:A>C	-0.8350695967674255	-0.8354654908180237	-0.00039589405059814453
chr17:41215900:T>G	-0.8348567485809326	-0.8366206288337708	-0.0017638802528381348
chr17:41215900:T>C	-0.8348567485809326	-0.8373827338218689	-0.0025259852409362793
chr17:41215900:T>A	-0.8348567485809326	-0.8368388414382935	-0.00198209285736084
chr17:41215899:C>T	-0.8347827792167664	-0.8357483148574829	-0.0009655356407165527
chr17:41215899:C>G	-0.8347827792167664	-0.836196780204773	-0.0014140009880065918
chr17:41215899:C>A	-0.8347827792167664	-0.8382574915885925	-0.003474712371826172
chr17:41215898:G>T	-0.8348520398139954	-0.8368383646011353	-0.0019863247871398926
chr17:41215898:G>C	-0.8348520398139954	-0.8369894027709961	-0.0021373629570007324
chr17:41215898:G>A	-0.8348520398139954	-0.8352257013320923	-0.00037366151809692383
chr17:41215897:A>T	-0.8347718715667725	-0.8374670147895813	-0.002695143222808838
chr17:41215897:A>G	-0.8347718715667725	-0.8363044857978821	-0.0015326142311096191
chr17:41215897:A>C	-0.8347718715667725	-0.8387296199798584	-0.0039577484130859375
chr17:41215896:T>G	-0.8346701264381409	-0.836980938911438	-0.002310812473297119
chr17:41215896:T>C	-0.8346701264381409	-0.8370202779769897	-0.002350151538848877
chr17:41215896:T>A	-0.8346701264381409	-0.8371714949607849	-0.002501368522644043
chr17:41215895:A>T	-0.8343244194984436	-0.8517175912857056	-0.017393171787261963
chr17:41215895:A>G	-0.8343244194984436	-0.8341501355171204	0.0001742839813232422
chr17:41215895:A>C	-0.8343244194984436	-0.8520105481147766	-0.017686128616333008
chr17:41215894:A>T	-0.8347365856170654	-0.8360078930854797	-0.0012713074684143066
chr17:41215894:A>G	-0.8347365856170654	-0.836110532283783	-0.0013739466667175293
chr17:41215894:A>C	-0.8347365856170654	-0.8363208770751953	-0.0015842914581298828
chr17:41215893:A>T	-0.8349385261535645	-0.8354452252388	-0.0005066990852355957
chr17:41215893:A>G	-0.8349385261535645	-0.8360865116119385	-0.0011479854583740234
chr17:41215893:A>C	-0.8349385261535645	-0.8367123603820801	-0.001773834228515625
chr17:41215892:G>T	-0.8349658846855164	-0.8362148404121399	-0.0012489557266235352
chr17:41215892:G>C	-0.8349658846855164	-0.8361609578132629	-0.001195073127746582
chr17:41215892:G>A	-0.8349658846855164	-0.8361705541610718	-0.00120466947555542
chr17:41215891:A>T	-0.8347395658493042	-0.8362008929252625	-0.001461327075958252
chr17:41215891:A>G	-0.8347395658493042	-0.8356320261955261	-0.0008924603462219238
chr17:41215891:A>C	-0.8347395658493042	-0.837956964969635	-0.0032173991203308105
chr17:41215890:C>T	-0.8345283269882202	-0.8535408973693848	-0.01901257038116455
chr17:41215890:C>G	-0.8345283269882202	-0.8531733155250549	-0.018644988536834717
chr17:41215890:C>A	-0.8345283269882202	-0.8531884551048279	-0.018660128116607666
chr17:41215889:A>T	-0.8343890309333801	-0.8528279662132263	-0.01843893527984619
chr17:41215889:A>G	-0.8343890309333801	-0.8528489470481873	-0.01845991611480713
chr17:41215889:A>C	-0.8343890309333801	-0.8527655005455017	-0.018376469612121582
chr17:41215888:T>G	-0.8342353105545044	-0.8524768948554993	-0.018241584300994873
chr17:41215888:T>C	-0.8342353105545044	-0.8349279165267944	-0.0006926059722900391
chr17:41215888:T>A	-0.8342353105545044	-0.8526445627212524	-0.018409252166748047
chr17:41215887:T>G	-0.8340684175491333	-0.8364640474319458	-0.0023956298828125
chr17:41215887:T>C	-0.8340684175491333	-0.8476734161376953	-0.013604998588562012
chr17:41215887:T>A	-0.8340684175491333	-0.8408352136611938	-0.006766796112060547
chr17:41215886:C>T	-0.833726704120636	-0.8523870706558228	-0.018660366535186768
chr17:41215886:C>G	-0.833726704120636	-0.8522306680679321	-0.018503963947296143
chr17:41215886:C>A	-0.833726704120636	-0.8526796102523804	-0.018952906131744385
chr17:41215885:A>T	-0.8333138227462769	-0.8504946231842041	-0.017180800437927246
chr17:41215885:A>G	-0.8333138227462769	-0.8387748003005981	-0.005460977554321289
chr17:41215885:A>C	-0.8333138227462769	-0.851203978061676	-0.01789015531539917
chr17:41215884:T>G	-0.8334951996803284	-0.8357713222503662	-0.002276122570037842
chr17:41215884:T>C	-0.8334951996803284	-0.835180401802063	-0.0016852021217346191
chr17:41215884:T>A	-0.8334951996803284	-0.8350875377655029	-0.0015923380851745605
chr17:41215883:A>T	-0.8334603905677795	-0.8335264921188354	-6.61015510559082e-05
chr17:41215883:A>G	-0.8334603905677795	-0.8335302472114563	-6.985664367675781e-05
chr17:41215883:A>C	-0.8334603905677795	-0.8337808847427368	-0.0003204941749572754
chr17:41215882:T>G	-0.8332356810569763	-0.8332801461219788	-4.4465065002441406e-05
chr17:41215882:T>C	-0.8332356810569763	-0.8334481120109558	-0.0002124309539794922
chr17:41215882:T>A	-0.8332356810569763	-0.8335081934928894	-0.00027251243591308594
chr17:41215881:T>G	-0.8333139419555664	-0.8331426382064819	0.00017130374908447266
chr17:41215881:T>C	-0.8333139419555664	-0.8336201310157776	-0.00030618906021118164
chr17:41215881:T>A	-0.8333139419555664	-0.8332917094230652	2.2232532501220703e-05
chr17:41215420:A>T	-0.8327423334121704	-0.8333423733711243	-0.0006000399589538574
chr17:41215420:A>G	-0.8327423334121704	-0.8330018520355225	-0.0002595186233520508
chr17:41215420:A>C	-0.8327423334121704	-0.8330009579658508	-0.0002586245536804199
chr17:41215419:C>T	-0.8325697779655457	-0.8325904011726379	-2.0623207092285156e-05
chr17:41215419:C>G	-0.8325697779655457	-0.8326686024665833	-9.882450103759766e-05
chr17:41215419:C>A	-0.8325697779655457	-0.8326266407966614	-5.6862831115722656e-05
chr17:41215418:A>T	-0.8325240015983582	-0.832816481590271	-0.0002924799919128418
chr17:41215418:A>G	-0.8325240015983582	-0.8333011865615845	-0.0007771849632263184
chr17:41215418:A>C	-0.8325240015983582	-0.8335644602775574	-0.0010404586791992188
chr17:41215417:T>G	-0.8323608636856079	-0.8327580094337463	-0.00039714574813842773
chr17:41215417:T>C	-0.8323608636856079	-0.8322677612304688	9.310245513916016e-05
chr17:41215417:T>A	-0.8323608636856079	-0.8328753709793091	-0.0005145072937011719
chr17:41215416:T>G	-0.8323929309844971	-0.8336513042449951	-0.0012583732604980469
chr17:41215416:T>C	-0.8323929309844971	-0.8334816694259644	-0.0010887384414672852
chr17:41215416:T>A	-0.8323929309844971	-0.8333423137664795	-0.0009493827819824219
chr17:41215415:G>T	-0.8324729800224304	-0.8324483036994934	2.467632293701172e-05
chr17:41215415:G>C	-0.8324729800224304	-0.8324289917945862	4.398822784423828e-05
chr17:41215415:G>A	-0.8324729800224304	-0.8325947523117065	-0.00012177228927612305
chr17:41215414:G>T	-0.8325181603431702	-0.8327151536941528	-0.00019699335098266602
chr17:41215414:G>C	-0.8325181603431702	-0.8327301740646362	-0.00021201372146606445
chr17:41215414:G>A	-0.8325181603431702	-0.8324213624000549	9.679794311523438e-05
chr17:41215413:A>T	-0.8326497673988342	-0.8327704668045044	-0.00012069940567016602
chr17:41215413:A>G	-0.8326497673988342	-0.832683801651001	-3.403425216674805e-05
chr17:41215413:A>C	-0.8326497673988342	-0.833096981048584	-0.00044721364974975586
chr17:41215412:C>T	-0.8329846262931824	-0.8330385684967041	-5.3942203521728516e-05
chr17:41215412:C>G	-0.8329846262931824	-0.8330098986625671	-2.5272369384765625e-05
chr17:41215412:C>A	-0.8329846262931824	-0.8327593207359314	0.00022530555725097656
chr17:41215411:A>T	-0.8331099152565002	-0.8331707119941711	-6.079673767089844e-05
chr17:41215411:A>G	-0.8331099152565002	-0.8330568075180054	5.310773849487305e-05
chr17:41215411:A>C	-0.8331099152565002	-0.833228588104248	-0.00011867284774780273
chr17:41215410:G>T	-0.8332239985466003	-0.8331125974655151	0.00011140108108520508
chr17:41215410:G>C	-0.8332239985466003	-0.8332513570785522	-2.7358531951904297e-05
chr17:41215410:G>A	-0.8332239985466003	-0.8333536982536316	-0.00012969970703125
chr17:41215409:A>T	-0.8330129981040955	-0.8327680826187134	0.0002449154853820801
chr17:41215409:A>G	-0.8330129981040955	-0.8330413103103638	-2.8312206268310547e-05
chr17:41215409:A>C	-0.8330129981040955	-0.8333665728569031	-0.0003535747528076172
chr17:41215408:A>T	-0.8326278328895569	-0.8332794308662415	-0.0006515979766845703
chr17:41215408:A>G	-0.8326278328895569	-0.8328691124916077	-0.00024127960205078125
chr17:41215408:A>C	-0.8326278328895569	-0.8330810070037842	-0.0004531741142272949
chr17:41215407:A>T	-0.832416832447052	-0.8325753808021545	-0.00015854835510253906
chr17:41215407:A>G	-0.832416832447052	-0.8325609564781189	-0.00014412403106689453
chr17:41215407:A>C	-0.832416832447052	-0.8327757120132446	-0.00035887956619262695
chr17:41215406:A>T	-0.8324735164642334	-0.8326490521430969	-0.0001755356788635254
chr17:41215406:A>G	-0.8324735164642334	-0.8325724005699158	-9.888410568237305e-05
chr17:41215406:A>C	-0.8324735164642334	-0.8327794075012207	-0.0003058910369873047
chr17:41215405:G>T	-0.832091212272644	-0.8322336673736572	-0.0001424551010131836
chr17:41215405:G>C	-0.832091212272644	-0.8321567177772522	-6.55055046081543e-05
chr17:41215405:G>A	-0.832091212272644	-0.8319176435470581	0.0001735687255859375
chr17:41215404:A>T	-0.832265317440033	-0.8325930833816528	-0.00032776594161987305
chr17:41215404:A>G	-0.832265317440033	-0.8323664665222168	-0.00010114908218383789
chr17:41215404:A>C	-0.832265317440033	-0.8334639668464661	-0.0011986494064331055
chr17:41215403:T>G	-0.8321104049682617	-0.8317272067070007	0.00038319826126098633
chr17:41215403:T>C	-0.8321104049682617	-0.8319541215896606	0.00015628337860107422
chr17:41215403:T>A	-0.8321104049682617	-0.8315921425819397	0.0005182623863220215
chr17:41215402:A>T	-0.8323994278907776	-0.8346403241157532	-0.002240896224975586
chr17:41215402:A>G	-0.8323994278907776	-0.8328747749328613	-0.00047534704208374023
chr17:41215402:A>C	-0.8323994278907776	-0.8347168564796448	-0.0023174285888671875
chr17:41215401:C>T	-0.8325112462043762	-0.8322498798370361	0.0002613663673400879
chr17:41215401:C>G	-0.8325112462043762	-0.8320220112800598	0.0004892349243164062
chr17:41215401:C>A	-0.8325112462043762	-0.8317343592643738	0.0007768869400024414
chr17:41215400:T>G	-0.8324373960494995	-0.8322359323501587	0.0002014636993408203
chr17:41215400:T>C	-0.8324373960494995	-0.8327824473381042	-0.00034505128860473633
chr17:41215400:T>A	-0.8324373960494995	-0.8321800231933594	0.0002573728561401367
chr17:41215399:A>T	-0.8323083519935608	-0.8328108787536621	-0.0005025267601013184
chr17:41215399:A>G	-0.8323083519935608	-0.8328502178192139	-0.0005418658256530762
chr17:41215399:A>C	-0.8323083519935608	-0.834575355052948	-0.002267003059387207
chr17:41215398:G>T	-0.8322384357452393	-0.8326876163482666	-0.00044918060302734375
chr17:41215398:G>C	-0.8322384357452393	-0.8325031399726868	-0.00026470422744750977
chr17:41215398:G>A	-0.8322384357452393	-0.8321084976196289	0.00012993812561035156
chr17:41215397:A>T	-0.8323817253112793	-0.8328750729560852	-0.0004933476448059082
chr17:41215397:A>G	-0.8323817253112793	-0.8329973220825195	-0.0006155967712402344
chr17:41215397:A>C	-0.8323817253112793	-0.8335465788841248	-0.001164853572845459
chr17:41215396:G>T	-0.8323841691017151	-0.833516001701355	-0.0011318325996398926
chr17:41215396:G>C	-0.8323841691017151	-0.8331847190856934	-0.0008005499839782715
chr17:41215396:G>A	-0.8323841691017151	-0.8322821259498596	0.00010204315185546875
chr17:41215395:A>T	-0.8324701189994812	-0.8331738710403442	-0.0007037520408630371
chr17:41215395:A>G	-0.8324701189994812	-0.8329607248306274	-0.0004906058311462402
chr17:41215395:A>C	-0.8324701189994812	-0.8334795832633972	-0.0010094642639160156
chr17:41215394:A>T	-0.8324816823005676	-0.8327099680900574	-0.0002282857894897461
chr17:41215394:A>G	-0.8324816823005676	-0.8325026631355286	-2.09808349609375e-05
chr17:41215394:A>C	-0.8324816823005676	-0.83298659324646	-0.000504910945892334
chr17:41215393:A>T	-0.8325430750846863	-0.8340709805488586	-0.0015279054641723633
chr17:41215393:A>G	-0.8325430750846863	-0.8333434462547302	-0.0008003711700439453
chr17:41215393:A>C	-0.8325430750846863	-0.8363155722618103	-0.0037724971771240234
chr17:41215392:T>G	-0.8324210047721863	-0.8357454538345337	-0.003324449062347412
chr17:41215392:T>C	-0.8324210047721863	-0.8354302048683167	-0.003009200096130371
chr17:41215392:T>A	-0.8324210047721863	-0.8355233669281006	-0.0031023621559143066
chr17:41215391:C>T	-0.8323480486869812	-0.8355714082717896	-0.0032233595848083496
chr17:41215391:C>G	-0.8323480486869812	-0.8344846367835999	-0.0021365880966186523
chr17:41215391:C>A	-0.8323480486869812	-0.8355812430381775	-0.003233194351196289
chr17:41215390:C>T	-0.8325220346450806	-0.8349242210388184	-0.002402186393737793
chr17:41215390:C>G	-0.8325220346450806	-0.8351975679397583	-0.0026755332946777344
chr17:41215390:C>A	-0.8325220346450806	-0.835436224937439	-0.0029141902923583984
chr17:41215389:C>T	-0.8321365118026733	-0.8329691290855408	-0.0008326172828674316
chr17:41215389:C>G	-0.8321365118026733	-0.8338412642478943	-0.0017047524452209473
chr17:41215389:C>A	-0.8321365118026733	-0.832929253578186	-0.0007927417755126953
chr17:41215388:C>T	-0.8321417570114136	-0.8334843516349792	-0.0013425946235656738
chr17:41215388:C>G	-0.8321417570114136	-0.8343374133110046	-0.0021956562995910645
chr17:41215388:C>A	-0.8321417570114136	-0.834669291973114	-0.0025275349617004395
chr17:41215387:A>T	-0.8322632908821106	-0.8346697688102722	-0.002406477928161621
chr17:41215387:A>G	-0.8322632908821106	-0.8349674940109253	-0.0027042031288146973
chr17:41215387:A>C	-0.8322632908821106	-0.8347757458686829	-0.0025124549865722656
chr17:41215386:C>T	-0.832469642162323	-0.8326547741889954	-0.00018513202667236328
chr17:41215386:C>G	-0.832469642162323	-0.8330974578857422	-0.0006278157234191895
chr17:41215386:C>A	-0.832469642162323	-0.8333418369293213	-0.000872194766998291
chr17:41215385:T>C	-0.832514762878418	-0.833573579788208	-0.001058816909790039
chr17:41215385:T>A	-0.832514762878418	-0.8341463804244995	-0.001631617546081543
chr17:41215382:G>T	-0.8328543901443481	-0.834208607673645	-0.001354217529296875
chr17:41215382:G>C	-0.8328543901443481	-0.8346931338310242	-0.0018387436866760254
chr17:41215382:G>A	-0.8328543901443481	-0.8359858989715576	-0.0031315088272094727
chr17:41215381:T>G	-0.8327422738075256	-0.835720419883728	-0.0029781460762023926
chr17:41215381:T>C	-0.8327422738075256	-0.8350498676300049	-0.002307593822479248
chr17:41215381:T>A	-0.8327422738075256	-0.8365982174873352	-0.0038559436798095703
chr17:41215380:C>T	-0.8319524526596069	-0.8325584530830383	-0.0006060004234313965
chr17:41215380:C>G	-0.8319524526596069	-0.8347769975662231	-0.002824544906616211
chr17:41215380:C>A	-0.8319524526596069	-0.834547758102417	-0.0025953054428100586
chr17:41215379:A>T	-0.8321764469146729	-0.8336945176124573	-0.0015180706977844238
chr17:41215379:A>G	-0.8321764469146729	-0.8340470194816589	-0.001870572566986084
chr17:41215379:A>C	-0.8321764469146729	-0.8334489464759827	-0.0012724995613098145
chr17:41215378:G>T	-0.8322946429252625	-0.8357939720153809	-0.003499329090118408
chr17:41215378:G>C	-0.8322946429252625	-0.8339975476264954	-0.0017029047012329102
chr17:41215378:G>A	-0.8322946429252625	-0.8355138897895813	-0.0032192468643188477
chr17:41215377:A>T	-0.8324854969978333	-0.8327015042304993	-0.00021600723266601562
chr17:41215377:A>G	-0.8324854969978333	-0.8324856758117676	-1.7881393432617188e-07
chr17:41215377:A>C	-0.8324854969978333	-0.8332147598266602	-0.0007292628288269043
chr17:41215376:T>G	-0.8322140574455261	-0.8354759812355042	-0.0032619237899780273
chr17:41215376:T>C	-0.8322140574455261	-0.8321462273597717	6.783008575439453e-05
chr17:41215376:T>A	-0.8322140574455261	-0.8349398970603943	-0.002725839614868164
chr17:41215375:A>T	-0.8321873545646667	-0.834655225276947	-0.0024678707122802734
chr17:41215375:A>G	-0.8321873545646667	-0.8338662385940552	-0.0016788840293884277
chr17:41215375:A>C	-0.8321873545646667	-0.8346444964408875	-0.002457141876220703
chr17:41215374:A>T	-0.8321629166603088	-0.8349974155426025	-0.002834498882293701
chr17:41215374:A>G	-0.8321629166603088	-0.8328700065612793	-0.000707089900970459
chr17:41215374:A>C	-0.8321629166603088	-0.8328163027763367	-0.000653386116027832
chr17:41215373:T>G	-0.831985354423523	-0.8332146406173706	-0.0012292861938476562
chr17:41215373:T>C	-0.831985354423523	-0.8334088921546936	-0.0014235377311706543
chr17:41215373:T>A	-0.831985354423523	-0.8353608250617981	-0.0033754706382751465
chr17:41215372:T>G	-0.8321108222007751	-0.8341761827468872	-0.0020653605461120605
chr17:41215372:T>C	-0.8321108222007751	-0.8334924578666687	-0.0013816356658935547
chr17:41215372:T>A	-0.8321108222007751	-0.8347446918487549	-0.0026338696479797363
chr17:41215371:T>G	-0.8323379158973694	-0.8324310183525085	-9.310245513916016e-05
chr17:41215371:T>C	-0.8323379158973694	-0.8325435519218445	-0.00020563602447509766
chr17:41215371:T>A	-0.8323379158973694	-0.8324541449546814	-0.00011622905731201172
chr17:41215370:C>T	-0.832085132598877	-0.834997296333313	-0.002912163734436035
chr17:41215370:C>G	-0.832085132598877	-0.8339664936065674	-0.0018813610076904297
chr17:41215370:C>A	-0.832085132598877	-0.8358068466186523	-0.0037217140197753906
chr17:41215369:T>G	-0.8321771621704102	-0.8344859480857849	-0.002308785915374756
chr17:41215369:T>C	-0.8321771621704102	-0.8341004252433777	-0.0019232630729675293
chr17:41215369:T>A	-0.8321771621704102	-0.8351597189903259	-0.0029825568199157715
chr17:41215368:T>G	-0.8320290446281433	-0.8326787352561951	-0.0006496906280517578
chr17:41215368:T>C	-0.8320290446281433	-0.8321050405502319	-7.599592208862305e-05
chr17:41215368:T>A	-0.8320290446281433	-0.8326464295387268	-0.0006173849105834961
chr17:41215367:T>G	-0.8321182131767273	-0.8321212530136108	-3.039836883544922e-06
chr17:41215367:T>C	-0.8321182131767273	-0.8319317102432251	0.00018650293350219727
chr17:41215367:T>A	-0.8321182131767273	-0.8352994322776794	-0.0031812191009521484
chr17:41215366:C>T	-0.8319793939590454	-0.8346742987632751	-0.0026949048042297363
chr17:41215366:C>G	-0.8319793939590454	-0.8344894647598267	-0.00251007080078125
chr17:41215366:C>A	-0.8319793939590454	-0.8348518013954163	-0.0028724074363708496
chr17:41215365:T>G	-0.8320310711860657	-0.8330667018890381	-0.0010356307029724121
chr17:41215365:T>C	-0.8320310711860657	-0.8315892815589905	0.0004417896270751953
chr17:41215365:T>A	-0.8320310711860657	-0.8332440257072449	-0.0012129545211791992
chr17:41215364:T>G	-0.8321652412414551	-0.8328812718391418	-0.0007160305976867676
chr17:41215364:T>C	-0.8321652412414551	-0.8332427144050598	-0.0010774731636047363
chr17:41215364:T>A	-0.8321652412414551	-0.835527241230011	-0.003361999988555908
chr17:41215363:T>G	-0.8321285247802734	-0.8336874842643738	-0.0015589594841003418
chr17:41215363:T>C	-0.8321285247802734	-0.8323225378990173	-0.00019401311874389648
chr17:41215363:T>A	-0.8321285247802734	-0.8347650766372681	-0.002636551856994629
chr17:41215362:T>G	-0.8319249153137207	-0.8332077264785767	-0.001282811164855957
chr17:41215362:T>C	-0.8319249153137207	-0.8317862153053284	0.00013870000839233398
chr17:41215362:T>A	-0.8319249153137207	-0.8333409428596497	-0.001416027545928955
chr17:41215361:T>G	-0.8319582939147949	-0.8316701054573059	0.00028818845748901367
chr17:41215361:T>C	-0.8319582939147949	-0.8319289684295654	2.9325485229492188e-05
chr17:41215361:T>A	-0.8319582939147949	-0.8319042921066284	5.4001808166503906e-05
chr17:41215360:A>T	-0.8319486379623413	-0.8330448865890503	-0.0010962486267089844
chr17:41215360:A>G	-0.8319486379623413	-0.832442581653595	-0.0004939436912536621
chr17:41215360:A>C	-0.8319486379623413	-0.8336862921714783	-0.0017376542091369629
chr17:41215359:C>T	-0.8317912220954895	-0.8341950178146362	-0.0024037957191467285
chr17:41215359:C>G	-0.8317912220954895	-0.8322250247001648	-0.00043380260467529297
chr17:41215359:C>A	-0.8317912220954895	-0.8319547772407532	-0.00016355514526367188
chr17:41215358:G>T	-0.8321662545204163	-0.8332304954528809	-0.0010642409324645996
chr17:41215358:G>C	-0.8321662545204163	-0.8339728116989136	-0.0018065571784973145
chr17:41215358:G>A	-0.8321662545204163	-0.8325629830360413	-0.000396728515625
chr17:41215357:A>T	-0.8322155475616455	-0.834247350692749	-0.0020318031311035156
chr17:41215357:A>G	-0.8322155475616455	-0.8348626494407654	-0.002647101879119873
chr17:41215357:A>C	-0.8322155475616455	-0.8343644738197327	-0.002148926258087158
chr17:41215356:C>T	-0.8319991827011108	-0.832294762134552	-0.0002955794334411621
chr17:41215356:C>G	-0.8319991827011108	-0.8318485021591187	0.0001506805419921875
chr17:41215356:C>A	-0.8319991827011108	-0.8320723176002502	-7.31348991394043e-05
chr17:41215355:T>G	-0.8322634696960449	-0.8328669667243958	-0.0006034970283508301
chr17:41215355:T>C	-0.8322634696960449	-0.8313503265380859	0.0009131431579589844
chr17:41215355:T>A	-0.8322634696960449	-0.8342131972312927	-0.0019497275352478027
chr17:41215354:T>G	-0.8321378231048584	-0.8331118822097778	-0.0009740591049194336
chr17:41215354:T>C	-0.8321378231048584	-0.8330294489860535	-0.0008916258811950684
chr17:41215354:T>A	-0.8321378231048584	-0.8344671130180359	-0.0023292899131774902
chr17:41215353:A>T	-0.832195520401001	-0.8326286673545837	-0.00043314695358276367
chr17:41215353:A>G	-0.832195520401001	-0.8327160477638245	-0.0005205273628234863
chr17:41215353:A>C	-0.832195520401001	-0.8331643342971802	-0.0009688138961791992
chr17:41215352:C>T	-0.8319919109344482	-0.8333335518836975	-0.0013416409492492676
chr17:41215352:C>G	-0.8319919109344482	-0.83358234167099	-0.001590430736541748
chr17:41215352:C>A	-0.8319919109344482	-0.8351002335548401	-0.0031083226203918457
chr17:41215351:T>G	-0.8319844007492065	-0.833829402923584	-0.0018450021743774414
chr17:41215351:T>C	-0.8319844007492065	-0.8336407542228699	-0.00165635347366333
chr17:41215351:T>A	-0.8319844007492065	-0.8350093364715576	-0.0030249357223510742
chr17:41215350:C>T	-0.831805944442749	-0.8336625099182129	-0.0018565654754638672
chr17:41215350:C>G	-0.831805944442749	-0.8325220942497253	-0.0007161498069763184
chr17:41215350:C>A	-0.831805944442749	-0.8324406743049622	-0.0006347298622131348
chr17:41215349:C>T	-0.8318668603897095	-0.8350006937980652	-0.003133833408355713
chr17:41215349:C>G	-0.8318668603897095	-0.835180938243866	-0.003314077854156494
chr17:41215349:C>A	-0.8318668603897095	-0.8348998427391052	-0.003032982349395752
chr17:41215348:A>T	-0.83174729347229	-0.8349282741546631	-0.003180980682373047
chr17:41215348:A>G	-0.83174729347229	-0.8347464799880981	-0.0029991865158081055
chr17:41215348:A>C	-0.83174729347229	-0.8349366188049316	-0.0031893253326416016
chr17:41215347:T>G	-0.8317719101905823	-0.8347120881080627	-0.0029401779174804688
chr17:41215347:T>C	-0.8317719101905823	-0.8316286206245422	0.00014328956604003906
chr17:41215347:T>A	-0.8317719101905823	-0.8346745371818542	-0.0029026269912719727
chr17:41215346:T>G	-0.8320663571357727	-0.8330077528953552	-0.0009413957595825195
chr17:41215346:T>C	-0.8320663571357727	-0.8350465297698975	-0.002980172634124756
chr17:41215346:T>A	-0.8320663571357727	-0.8326578140258789	-0.0005914568901062012
chr17:41215345:C>T	-0.8322721719741821	-0.8349709510803223	-0.0026987791061401367
chr17:41215345:C>G	-0.8322721719741821	-0.8351432681083679	-0.002871096134185791
chr17:41215345:C>A	-0.8322721719741821	-0.8350216746330261	-0.002749502658843994
chr17:41215344:A>T	-0.83180171251297	-0.8318301439285278	-2.8431415557861328e-05
chr17:41215344:A>G	-0.83180171251297	-0.8322978019714355	-0.0004960894584655762
chr17:41215344:A>C	-0.83180171251297	-0.8345009088516235	-0.0026991963386535645
chr17:41215343:T>G	-0.831932544708252	-0.8323619365692139	-0.00042939186096191406
chr17:41215343:T>C	-0.831932544708252	-0.832291305065155	-0.00035876035690307617
chr17:41215343:T>A	-0.831932544708252	-0.8318506479263306	8.189678192138672e-05
chr17:41215342:G>T	-0.8319637179374695	-0.8323595523834229	-0.00039583444595336914
chr17:41215342:G>C	-0.8319637179374695	-0.8320871591567993	-0.00012344121932983398
chr17:41215342:G>A	-0.8319637179374695	-0.8322047591209412	-0.0002410411834716797
chr17:41215341:A>T	-0.8323161005973816	-0.8348345756530762	-0.00251847505569458
chr17:41215341:A>G	-0.8323161005973816	-0.8324357867240906	-0.00011968612670898438
chr17:41215341:A>C	-0.8323161005973816	-0.8333713412284851	-0.0010552406311035156
chr17:41215340:A>T	-0.832724392414093	-0.8338464498519897	-0.0011220574378967285
chr17:41215340:A>G	-0.832724392414093	-0.8328226804733276	-9.828805923461914e-05
chr17:41215340:A>C	-0.832724392414093	-0.8336044549942017	-0.0008800625801086426
chr17:41215339:C>T	-0.8327482342720032	-0.832631528377533	0.00011670589447021484
chr17:41215339:C>G	-0.8327482342720032	-0.832463800907135	0.00028443336486816406
chr17:41215339:C>A	-0.8327482342720032	-0.8324583768844604	0.0002898573875427246
chr17:41215338:T>G	-0.8325676918029785	-0.8324488997459412	0.00011879205703735352
chr17:41215338:T>C	-0.8325676918029785	-0.8327196836471558	-0.0001519918441772461
chr17:41215338:T>A	-0.8325676918029785	-0.8325578570365906	9.834766387939453e-06
chr17:41215337:A>T	-0.8324602246284485	-0.8324626088142395	-2.384185791015625e-06
chr17:41215337:A>G	-0.8324602246284485	-0.8326319456100464	-0.0001717209815979004
chr17:41215337:A>C	-0.8324602246284485	-0.8330905437469482	-0.0006303191184997559
chr17:41215336:C>T	-0.8324053883552551	-0.8325418829917908	-0.00013649463653564453
chr17:41215336:C>G	-0.8324053883552551	-0.8327247500419617	-0.00031936168670654297
chr17:41215336:C>A	-0.8324053883552551	-0.8319815993309021	0.00042378902435302734
chr17:41215335:A>T	-0.8323939442634583	-0.8334104418754578	-0.0010164976119995117
chr17:41215335:A>G	-0.8323939442634583	-0.8326716423034668	-0.0002776980400085449
chr17:41215335:A>C	-0.8323939442634583	-0.8338510990142822	-0.0014571547508239746
chr17:41215334:A>T	-0.8323141932487488	-0.8326460719108582	-0.000331878662109375
chr17:41215334:A>G	-0.8323141932487488	-0.8328233957290649	-0.0005092024803161621
chr17:41215334:A>C	-0.8323141932487488	-0.8329706788063049	-0.0006564855575561523
chr17:41215333:T>G	-0.8322078585624695	-0.8320683240890503	0.00013953447341918945
chr17:41215333:T>C	-0.8322078585624695	-0.8323070406913757	-9.918212890625e-05
chr17:41215333:T>A	-0.8322078585624695	-0.8319697976112366	0.00023806095123291016
chr17:41215332:G>T	-0.8322302103042603	-0.8318234086036682	0.000406801700592041
chr17:41215332:G>C	-0.8322302103042603	-0.8319652080535889	0.0002650022506713867
chr17:41215332:G>A	-0.8322302103042603	-0.8319385647773743	0.00029164552688598633
chr17:41215331:T>G	-0.8320763111114502	-0.8322598338127136	-0.00018352270126342773
chr17:41215331:T>C	-0.8320763111114502	-0.8323497176170349	-0.0002734065055847168
chr17:41215331:T>A	-0.8320763111114502	-0.8319518566131592	0.00012445449829101562
chr17:41215330:T>G	-0.8321120142936707	-0.8325304388999939	-0.0004184246063232422
chr17:41215330:T>C	-0.8321120142936707	-0.8321781754493713	-6.61611557006836e-05
chr17:41215330:T>A	-0.8321120142936707	-0.8321229219436646	-1.0907649993896484e-05
chr17:41215329:T>G	-0.8316912055015564	-0.8318730592727661	-0.0001818537712097168
chr17:41215329:T>C	-0.8316912055015564	-0.8319191932678223	-0.00022798776626586914
chr17:41215329:T>A	-0.8316912055015564	-0.831999659538269	-0.0003084540367126465
chr17:41215328:G>T	-0.8318960070610046	-0.8320274353027344	-0.00013142824172973633
chr17:41215328:G>C	-0.8318960070610046	-0.8317529559135437	0.0001430511474609375
chr17:41215328:G>A	-0.8318960070610046	-0.8318538665771484	4.214048385620117e-05
chr17:41215327:A>T	-0.8312966823577881	-0.8314076662063599	-0.00011098384857177734
chr17:41215327:A>G	-0.8312966823577881	-0.831471860408783	-0.00017517805099487305
chr17:41215327:A>C	-0.8312966823577881	-0.8315451741218567	-0.0002484917640686035
chr17:41215326:T>G	-0.8310965299606323	-0.831127941608429	-3.141164779663086e-05
chr17:41215326:T>C	-0.8310965299606323	-0.8311331272125244	-3.6597251892089844e-05
chr17:41215326:T>A	-0.8310965299606323	-0.8308503031730652	0.00024622678756713867
chr17:41215325:T>G	-0.8311444520950317	-0.8311331868171692	1.1265277862548828e-05
chr17:41215325:T>C	-0.8311444520950317	-0.8311944007873535	-4.9948692321777344e-05
chr17:41215325:T>A	-0.8311444520950317	-0.8309096097946167	0.00023484230041503906
chr17:41215324:G>T	-0.8309898376464844	-0.8310322165489197	-4.2378902435302734e-05
chr17:41215324:G>C	-0.8309898376464844	-0.8309957385063171	-5.900859832763672e-06
chr17:41215324:G>A	-0.8309898376464844	-0.8307953476905823	0.0001944899559020996
chr17:41215323:G>C	-0.8309023976325989	-0.8311359286308289	-0.00023353099822998047
chr17:41215322:T>G	-0.8306137919425964	-0.8307839035987854	-0.00017011165618896484
chr17:41215322:T>C	-0.8306137919425964	-0.8311224579811096	-0.0005086660385131836
chr17:41215322:T>A	-0.8306137919425964	-0.8303815126419067	0.00023227930068969727
chr17:41215321:C>T	-0.83065265417099	-0.8306902050971985	-3.7550926208496094e-05
chr17:41215321:C>G	-0.83065265417099	-0.8307547569274902	-0.00010210275650024414
chr17:41215321:C>A	-0.83065265417099	-0.830619752407074	3.2901763916015625e-05
chr17:41215320:T>G	-0.8305769562721252	-0.8311344981193542	-0.0005575418472290039
chr17:41215320:T>C	-0.8305769562721252	-0.8307802677154541	-0.00020331144332885742
chr17:41215320:T>A	-0.8305769562721252	-0.8307359218597412	-0.0001589655876159668
chr17:41209162:A>T	-0.7452729940414429	-0.7457624077796936	-0.0004894137382507324
chr17:41209162:A>G	-0.7452729940414429	-0.7456534504890442	-0.00038045644760131836
chr17:41209162:A>C	-0.7452729940414429	-0.7458177804946899	-0.0005447864532470703
chr17:41209161:A>T	-0.7451437711715698	-0.7456926703453064	-0.0005488991737365723
chr17:41209161:A>G	-0.7451437711715698	-0.7454645037651062	-0.00032073259353637695
chr17:41209161:A>C	-0.7451437711715698	-0.7454491257667542	-0.00030535459518432617
chr17:41209160:A>T	-0.7445250153541565	-0.7452044486999512	-0.0006794333457946777
chr17:41209160:A>G	-0.7445250153541565	-0.7449300289154053	-0.0004050135612487793
chr17:41209160:A>C	-0.7445250153541565	-0.7449774742126465	-0.00045245885848999023
chr17:41209159:G>T	-0.7443191409111023	-0.7445144057273865	-0.0001952648162841797
chr17:41209159:G>C	-0.7443191409111023	-0.7445304989814758	-0.00021135807037353516
chr17:41209159:G>A	-0.7443191409111023	-0.7445855140686035	-0.0002663731575012207
chr17:41209158:A>T	-0.7442613244056702	-0.7447486519813538	-0.00048732757568359375
chr17:41209158:A>G	-0.7442613244056702	-0.7445299625396729	-0.00026863813400268555
chr17:41209158:A>C	-0.7442613244056702	-0.7451341152191162	-0.0008727908134460449
chr17:41209157:A>T	-0.7437955737113953	-0.7448303699493408	-0.0010347962379455566
chr17:41209157:A>G	-0.7437955737113953	-0.7445287704467773	-0.0007331967353820801
chr17:41209157:A>C	-0.7437955737113953	-0.744723379611969	-0.0009278059005737305
chr17:41209156:A>T	-0.743628203868866	-0.7439651489257812	-0.0003369450569152832
chr17:41209156:A>G	-0.743628203868866	-0.7440055012702942	-0.00037729740142822266
chr17:41209156:A>C	-0.743628203868866	-0.7439167499542236	-0.000288546085357666
chr17:41209155:G>T	-0.7436174154281616	-0.7444559335708618	-0.0008385181427001953
chr17:41209155:G>C	-0.7436174154281616	-0.745465099811554	-0.001847684383392334
chr17:41209155:G>A	-0.7436174154281616	-0.7438862919807434	-0.0002688765525817871
chr17:41209154:T>G	-0.7434003353118896	-0.745383083820343	-0.001982748508453369
chr17:41209154:T>C	-0.7434003353118896	-0.7448202967643738	-0.0014199614524841309
chr17:41209154:T>A	-0.7434003353118896	-0.7450782060623169	-0.001677870750427246
chr17:41209153:C>T	-0.7431069612503052	-0.7441848516464233	-0.001077890396118164
chr17:41209153:C>G	-0.7431069612503052	-0.7451449632644653	-0.0020380020141601562
chr17:41209153:C>A	-0.7431069612503052	-0.7453613877296448	-0.0022544264793395996
chr17:41209152:G>T	-0.7429812550544739	-0.7435818314552307	-0.0006005764007568359
chr17:41209152:G>C	-0.7429812550544739	-0.7438408732414246	-0.0008596181869506836
chr17:41209152:G>A	-0.7429812550544739	-0.7439560294151306	-0.0009747743606567383
chr17:41209151:T>G	-0.7427687644958496	-0.7444416880607605	-0.0016729235649108887
chr17:41209151:T>C	-0.7427687644958496	-0.7433725595474243	-0.000603795051574707
chr17:41209151:T>A	-0.7427687644958496	-0.743841290473938	-0.001072525978088379
chr17:41209150:A>T	-0.7430024743080139	-0.7434744834899902	-0.00047200918197631836
chr17:41209150:A>G	-0.7430024743080139	-0.7432476878166199	-0.00024521350860595703
chr17:41209150:A>C	-0.7430024743080139	-0.7435782551765442	-0.0005757808685302734
chr17:41209149:C>T	-0.7428218722343445	-0.7436406016349792	-0.0008187294006347656
chr17:41209149:C>G	-0.7428218722343445	-0.7447764277458191	-0.0019545555114746094
chr17:41209149:C>A	-0.7428218722343445	-0.744629442691803	-0.001807570457458496
chr17:41209148:T>G	-0.742760956287384	-0.7436119914054871	-0.0008510351181030273
chr17:41209148:T>C	-0.742760956287384	-0.7437898516654968	-0.001028895378112793
chr17:41209148:T>A	-0.742760956287384	-0.7439022064208984	-0.0011412501335144043
chr17:41209147:A>T	-0.7427359223365784	-0.7437957525253296	-0.0010598301887512207
chr17:41209147:A>G	-0.7427359223365784	-0.7428123354911804	-7.641315460205078e-05
chr17:41209147:A>C	-0.7427359223365784	-0.7437721490859985	-0.001036226749420166
chr17:41209146:A>T	-0.7426788210868835	-0.7454932332038879	-0.0028144121170043945
chr17:41209146:A>G	-0.7426788210868835	-0.7453960180282593	-0.0027171969413757324
chr17:41209146:A>C	-0.7426788210868835	-0.7452196478843689	-0.0025408267974853516
chr17:41209145:A>T	-0.7420902252197266	-0.7433370351791382	-0.001246809959411621
chr17:41209145:A>G	-0.7420902252197266	-0.7450301051139832	-0.002939879894256592
chr17:41209145:A>C	-0.7420902252197266	-0.7444721460342407	-0.00238192081451416
chr17:41209144:A>T	-0.7418424487113953	-0.7444152235984802	-0.002572774887084961
chr17:41209144:A>G	-0.7418424487113953	-0.742520272731781	-0.0006778240203857422
chr17:41209144:A>C	-0.7418424487113953	-0.7444591522216797	-0.002616703510284424
chr17:41209143:C>T	-0.7420129776000977	-0.7448428869247437	-0.002829909324645996
chr17:41209143:C>G	-0.7420129776000977	-0.7438294887542725	-0.0018165111541748047
chr17:41209143:C>A	-0.7420129776000977	-0.7450295090675354	-0.003016531467437744
chr17:41209142:T>G	-0.741871178150177	-0.7439500093460083	-0.002078831195831299
chr17:41209142:T>C	-0.741871178150177	-0.7444812655448914	-0.0026100873947143555
chr17:41209142:T>A	-0.741871178150177	-0.7439340353012085	-0.002062857151031494
chr17:41209141:T>G	-0.7414217591285706	-0.742586076259613	-0.0011643171310424805
chr17:41209141:T>C	-0.7414217591285706	-0.7418184876441956	-0.000396728515625
chr17:41209141:T>A	-0.7414217591285706	-0.7427548766136169	-0.0013331174850463867
chr17:41209140:C>T	-0.7411559820175171	-0.7415730357170105	-0.0004170536994934082
chr17:41209140:C>G	-0.7411559820175171	-0.7420948147773743	-0.0009388327598571777
chr17:41209140:C>A	-0.7411559820175171	-0.7434330582618713	-0.002277076244354248
chr17:41209139:A>T	-0.7411875128746033	-0.7447594404220581	-0.003571927547454834
chr17:41209139:A>G	-0.7411875128746033	-0.7431179881095886	-0.0019304752349853516
chr17:41209139:A>C	-0.7411875128746033	-0.7446619868278503	-0.0034744739532470703
chr17:41209138:G>T	-0.741318941116333	-0.7420315742492676	-0.0007126331329345703
chr17:41209138:G>C	-0.741318941116333	-0.7417027354240417	-0.00038379430770874023
chr17:41209138:G>A	-0.741318941116333	-0.7415805459022522	-0.00026160478591918945
chr17:41209137:T>G	-0.7413876056671143	-0.742053747177124	-0.0006661415100097656
chr17:41209137:T>C	-0.7413876056671143	-0.7440504431724548	-0.002662837505340576
chr17:41209137:T>A	-0.7413876056671143	-0.7446988821029663	-0.0033112764358520508
chr17:41209136:C>T	-0.7412823438644409	-0.7428769469261169	-0.0015946030616760254
chr17:41209136:C>G	-0.7412823438644409	-0.7435732483863831	-0.0022909045219421387
chr17:41209136:C>A	-0.7412823438644409	-0.7441180348396301	-0.002835690975189209
chr17:41209135:T>G	-0.7412464618682861	-0.7440508604049683	-0.002804398536682129
chr17:41209135:T>C	-0.7412464618682861	-0.7416604161262512	-0.0004139542579650879
chr17:41209135:T>A	-0.7412464618682861	-0.7440075874328613	-0.0027611255645751953
chr17:41209134:C>T	-0.7410279512405396	-0.7456721663475037	-0.004644215106964111
chr17:41209134:C>G	-0.7410279512405396	-0.746040940284729	-0.005012989044189453
chr17:41209134:C>A	-0.7410279512405396	-0.7457064986228943	-0.004678547382354736
chr17:41209133:C>T	-0.7409343719482422	-0.7445359230041504	-0.003601551055908203
chr17:41209133:C>G	-0.7409343719482422	-0.7446828484535217	-0.003748476505279541
chr17:41209133:C>A	-0.7409343719482422	-0.7444995045661926	-0.0035651326179504395
chr17:41209132:T>G	-0.740666389465332	-0.7411035299301147	-0.00043714046478271484
chr17:41209132:T>C	-0.740666389465332	-0.7411671876907349	-0.000500798225402832
chr17:41209132:T>A	-0.740666389465332	-0.741004228591919	-0.00033783912658691406
chr17:41209131:C>T	-0.7406289577484131	-0.7447717785835266	-0.004142820835113525
chr17:41209131:C>G	-0.7406289577484131	-0.7451926469802856	-0.004563689231872559
chr17:41209131:C>A	-0.7406289577484131	-0.7456371188163757	-0.0050081610679626465
chr17:41209130:T>G	-0.7403692007064819	-0.7453846335411072	-0.005015432834625244
chr17:41209130:T>C	-0.7403692007064819	-0.7455912232398987	-0.005222022533416748
chr17:41209130:T>A	-0.7403692007064819	-0.7455070614814758	-0.0051378607749938965
chr17:41209129:A>T	-0.7400389909744263	-0.7412773966789246	-0.001238405704498291
chr17:41209129:A>G	-0.7400389909744263	-0.7401411533355713	-0.00010216236114501953
chr17:41209129:A>C	-0.7400389909744263	-0.7414008378982544	-0.001361846923828125
chr17:41209128:C>G	-0.7398212552070618	-0.7418776154518127	-0.0020563602447509766
chr17:41209127:A>G	-0.739833652973175	-0.7410334348678589	-0.0011997818946838379
chr17:41209127:A>C	-0.739833652973175	-0.7432940006256104	-0.0034603476524353027
chr17:41209125:C>T	-0.73935866355896	-0.7398472428321838	-0.000488579273223877
chr17:41209125:C>G	-0.73935866355896	-0.7403868436813354	-0.0010281801223754883
chr17:41209124:A>T	-0.7391905784606934	-0.7432733774185181	-0.004082798957824707
chr17:41209124:A>G	-0.7391905784606934	-0.7413293719291687	-0.002138793468475342
chr17:41209123:G>T	-0.7393431067466736	-0.7394670248031616	-0.0001239180564880371
chr17:41209123:G>C	-0.7393431067466736	-0.7395480871200562	-0.00020498037338256836
chr17:41209123:G>A	-0.7393431067466736	-0.7396071553230286	-0.00026404857635498047
chr17:41209122:T>G	-0.7393777966499329	-0.7415547370910645	-0.002176940441131592
chr17:41209122:T>C	-0.7393777966499329	-0.7416391968727112	-0.0022614002227783203
chr17:41209122:T>A	-0.7393777966499329	-0.7429835796356201	-0.003605782985687256
chr17:41209121:T>G	-0.7393640279769897	-0.7408134341239929	-0.0014494061470031738
chr17:41209121:T>C	-0.7393640279769897	-0.7402081489562988	-0.000844120979309082
chr17:41209121:T>A	-0.7393640279769897	-0.7419948577880859	-0.0026308298110961914
chr17:41209120:A>T	-0.7393335103988647	-0.7426769137382507	-0.0033434033393859863
chr17:41209120:A>G	-0.7393335103988647	-0.7396829724311829	-0.00034946203231811523
chr17:41209120:A>C	-0.7393335103988647	-0.7431162595748901	-0.0037827491760253906
chr17:41209119:C>T	-0.7392891049385071	-0.7416024208068848	-0.0023133158683776855
chr17:41209119:C>G	-0.7392891049385071	-0.7421177625656128	-0.002828657627105713
chr17:41209119:C>A	-0.7392891049385071	-0.744861900806427	-0.005572795867919922
chr17:41209118:C>T	-0.7391996383666992	-0.7425764799118042	-0.0033768415451049805
chr17:41209118:C>G	-0.7391996383666992	-0.7424125671386719	-0.0032129287719726562
chr17:41209118:C>A	-0.7391996383666992	-0.7445359826087952	-0.005336344242095947
chr17:41209117:T>G	-0.7390949130058289	-0.7398743629455566	-0.0007794499397277832
chr17:41209117:T>C	-0.7390949130058289	-0.7389601469039917	0.0001347661018371582
chr17:41209117:T>A	-0.7390949130058289	-0.7398920655250549	-0.0007971525192260742
chr17:41209116:T>G	-0.739121675491333	-0.7397893071174622	-0.0006676316261291504
chr17:41209116:T>C	-0.739121675491333	-0.741178035736084	-0.0020563602447509766
chr17:41209116:T>A	-0.739121675491333	-0.7451174855232239	-0.005995810031890869
chr17:41209115:C>T	-0.7393908500671387	-0.7406050562858582	-0.0012142062187194824
chr17:41209115:C>G	-0.7393908500671387	-0.7418707013130188	-0.002479851245880127
chr17:41209115:C>A	-0.7393908500671387	-0.7430527210235596	-0.0036618709564208984
chr17:41209114:T>G	-0.7393863201141357	-0.7412840723991394	-0.0018977522850036621
chr17:41209114:T>C	-0.7393863201141357	-0.7393685579299927	1.7762184143066406e-05
chr17:41209114:T>A	-0.7393863201141357	-0.7414122819900513	-0.0020259618759155273
chr17:41209113:T>G	-0.7393559217453003	-0.7416576743125916	-0.0023017525672912598
chr17:41209113:T>C	-0.7393559217453003	-0.7408203482627869	-0.0014644265174865723
chr17:41209113:T>A	-0.7393559217453003	-0.7434255480766296	-0.004069626331329346
chr17:41209112:T>G	-0.7395092844963074	-0.7419193983078003	-0.00241011381149292
chr17:41209112:T>C	-0.7395092844963074	-0.7399447560310364	-0.0004354715347290039
chr17:41209112:T>A	-0.7395092844963074	-0.743274986743927	-0.003765702247619629
chr17:41209111:G>T	-0.7394840717315674	-0.741913378238678	-0.0024293065071105957
chr17:41209111:G>C	-0.7394840717315674	-0.7417277097702026	-0.002243638038635254
chr17:41209111:G>A	-0.7394840717315674	-0.7397622466087341	-0.00027817487716674805
chr17:41209110:G>T	-0.7393777966499329	-0.7408018708229065	-0.0014240741729736328
chr17:41209110:G>C	-0.7393777966499329	-0.7427106499671936	-0.003332853317260742
chr17:41209110:G>A	-0.7393777966499329	-0.7409394979476929	-0.0015617012977600098
chr17:41209109:T>G	-0.7389283180236816	-0.7406978607177734	-0.0017695426940917969
chr17:41209109:T>C	-0.7389283180236816	-0.7409831285476685	-0.0020548105239868164
chr17:41209109:T>A	-0.7389283180236816	-0.7408257126808167	-0.0018973946571350098
chr17:41209108:G>T	-0.7387312054634094	-0.739650309085846	-0.0009191036224365234
chr17:41209108:G>C	-0.7387312054634094	-0.739797055721283	-0.0010658502578735352
chr17:41209108:G>A	-0.7387312054634094	-0.7385355830192566	0.00019562244415283203
chr17:41209107:G>T	-0.7386685609817505	-0.7405653595924377	-0.0018967986106872559
chr17:41209107:G>C	-0.7386685609817505	-0.7404419183731079	-0.0017733573913574219
chr17:41209107:G>A	-0.7386685609817505	-0.7454188466072083	-0.006750285625457764
chr17:41209106:T>G	-0.738567054271698	-0.739789605140686	-0.0012225508689880371
chr17:41209106:T>C	-0.738567054271698	-0.7400094270706177	-0.0014423727989196777
chr17:41209106:T>A	-0.738567054271698	-0.7397843599319458	-0.0012173056602478027
chr17:41209105:T>G	-0.7385274767875671	-0.7399649024009705	-0.0014374256134033203
chr17:41209105:T>C	-0.7385274767875671	-0.7389261722564697	-0.0003986954689025879
chr17:41209105:T>A	-0.7385274767875671	-0.7400223016738892	-0.0014948248863220215
chr17:41209104:C>T	-0.7384485006332397	-0.7404727339744568	-0.002024233341217041
chr17:41209104:C>G	-0.7384485006332397	-0.7421671748161316	-0.0037186741828918457
chr17:41209104:C>A	-0.7384485006332397	-0.7424580454826355	-0.004009544849395752
chr17:41209103:C>T	-0.7385112047195435	-0.741771399974823	-0.003260195255279541
chr17:41209103:C>G	-0.7385112047195435	-0.7403368949890137	-0.0018256902694702148
chr17:41209103:C>A	-0.7385112047195435	-0.7413475513458252	-0.0028363466262817383
chr17:41209102:A>T	-0.7383113503456116	-0.7387427687644958	-0.00043141841888427734
chr17:41209102:A>G	-0.7383113503456116	-0.7384940385818481	-0.00018268823623657227
chr17:41209102:A>C	-0.7383113503456116	-0.7387349605560303	-0.00042361021041870117
chr17:41209101:G>T	-0.7381089925765991	-0.7398107647895813	-0.0017017722129821777
chr17:41209101:G>C	-0.7381089925765991	-0.7397922873497009	-0.0016832947731018066
chr17:41209101:G>A	-0.7381089925765991	-0.7398239970207214	-0.0017150044441223145
chr17:41209100:G>T	-0.7380694150924683	-0.7400869131088257	-0.002017498016357422
chr17:41209100:G>C	-0.7380694150924683	-0.7406032681465149	-0.002533853054046631
chr17:41209100:G>A	-0.7380694150924683	-0.7409729361534119	-0.0029035210609436035
chr17:41209099:T>G	-0.7381511926651001	-0.7384511232376099	-0.0002999305725097656
chr17:41209099:T>C	-0.7381511926651001	-0.7385509014129639	-0.00039970874786376953
chr17:41209099:T>A	-0.7381511926651001	-0.738582968711853	-0.0004317760467529297
chr17:41209098:T>G	-0.7380400896072388	-0.7399972677230835	-0.0019571781158447266
chr17:41209098:T>C	-0.7380400896072388	-0.7403717041015625	-0.0023316144943237305
chr17:41209098:T>A	-0.7380400896072388	-0.7450984716415405	-0.007058382034301758
chr17:41209097:T>G	-0.7380529642105103	-0.7394760847091675	-0.0014231204986572266
chr17:41209097:T>C	-0.7380529642105103	-0.738839328289032	-0.0007863640785217285
chr17:41209097:T>A	-0.7380529642105103	-0.739784836769104	-0.00173187255859375
chr17:41209096:C>T	-0.7378214001655579	-0.737745463848114	7.593631744384766e-05
chr17:41209096:C>G	-0.7378214001655579	-0.7394850254058838	-0.0016636252403259277
chr17:41209096:C>A	-0.7378214001655579	-0.7396296858787537	-0.0018082857131958008
chr17:41209095:G>T	-0.7377521395683289	-0.7378665804862976	-0.00011444091796875
chr17:41209095:G>C	-0.7377521395683289	-0.7393321394920349	-0.0015799999237060547
chr17:41209095:G>A	-0.7377521395683289	-0.7441681623458862	-0.006416022777557373
chr17:41209094:C>T	-0.7377670407295227	-0.7395903468132019	-0.0018233060836791992
chr17:41209094:C>G	-0.7377670407295227	-0.7393573522567749	-0.0015903115272521973
chr17:41209094:C>A	-0.7377670407295227	-0.7397170662879944	-0.0019500255584716797
chr17:41209093:T>G	-0.7377920746803284	-0.7382233142852783	-0.00043123960494995117
chr17:41209093:T>C	-0.7377920746803284	-0.73800128698349	-0.0002092123031616211
chr17:41209093:T>A	-0.7377920746803284	-0.7379558682441711	-0.00016379356384277344
chr17:41209092:C>T	-0.7377282381057739	-0.7380343079566956	-0.00030606985092163086
chr17:41209092:C>G	-0.7377282381057739	-0.7390742301940918	-0.001345992088317871
chr17:41209092:C>A	-0.7377282381057739	-0.7382698655128479	-0.0005416274070739746
chr17:41209091:G>T	-0.7374655604362488	-0.7396958470344543	-0.0022302865982055664
chr17:41209091:G>C	-0.7374655604362488	-0.7390046715736389	-0.0015391111373901367
chr17:41209091:G>A	-0.7374655604362488	-0.7388791441917419	-0.001413583755493164
chr17:41209090:T>G	-0.737597644329071	-0.7376305460929871	-3.2901763916015625e-05
chr17:41209090:T>C	-0.737597644329071	-0.7377433180809021	-0.0001456737518310547
chr17:41209090:T>A	-0.737597644329071	-0.7380115985870361	-0.0004139542579650879
chr17:41209089:T>G	-0.737601101398468	-0.7378122210502625	-0.0002111196517944336
chr17:41209089:T>C	-0.737601101398468	-0.7387108206748962	-0.0011097192764282227
chr17:41209089:T>A	-0.737601101398468	-0.7443490624427795	-0.0067479610443115234
chr17:41209088:C>T	-0.7374681234359741	-0.7378367781639099	-0.000368654727935791
chr17:41209088:C>G	-0.7374681234359741	-0.7389001250267029	-0.0014320015907287598
chr17:41209088:C>A	-0.7374681234359741	-0.7389048933982849	-0.001436769962310791
chr17:41209087:T>G	-0.7371659278869629	-0.7385269999504089	-0.001361072063446045
chr17:41209087:T>C	-0.7371659278869629	-0.7377499938011169	-0.0005840659141540527
chr17:41209087:T>A	-0.7371659278869629	-0.7378180623054504	-0.0006521344184875488
chr17:41209086:C>T	-0.7370690107345581	-0.7384435534477234	-0.0013745427131652832
chr17:41209086:C>G	-0.7370690107345581	-0.7384336590766907	-0.0013646483421325684
chr17:41209086:C>A	-0.7370690107345581	-0.7440081834793091	-0.0069391727447509766
chr17:41209085:T>G	-0.7372308969497681	-0.738081157207489	-0.0008502602577209473
chr17:41209085:T>C	-0.7372308969497681	-0.7378150224685669	-0.0005841255187988281
chr17:41209085:T>A	-0.7372308969497681	-0.7384523153305054	-0.0012214183807373047
chr17:41209084:T>G	-0.7370944619178772	-0.737236499786377	-0.00014203786849975586
chr17:41209084:T>C	-0.7370944619178772	-0.7372537851333618	-0.00015932321548461914
chr17:41209084:T>A	-0.7370944619178772	-0.737541913986206	-0.0004474520683288574
chr17:41209083:A>T	-0.7369160652160645	-0.7378137707710266	-0.0008977055549621582
chr17:41209083:A>G	-0.7369160652160645	-0.7377957105636597	-0.0008796453475952148
chr17:41209083:A>C	-0.7369160652160645	-0.7376250624656677	-0.0007089972496032715
chr17:41209082:G>T	-0.7366373538970947	-0.7382135987281799	-0.001576244831085205
chr17:41209082:G>C	-0.7366373538970947	-0.7376412749290466	-0.0010039210319519043
chr17:41209082:G>A	-0.7366373538970947	-0.7381044030189514	-0.0014670491218566895
chr17:41209081:G>T	-0.7364798784255981	-0.7373298406600952	-0.0008499622344970703
chr17:41209081:G>C	-0.7364798784255981	-0.7375317215919495	-0.0010518431663513184
chr17:41209081:G>A	-0.7364798784255981	-0.7365702986717224	-9.042024612426758e-05
chr17:41209080:G>T	-0.7362416386604309	-0.7368664741516113	-0.0006248354911804199
chr17:41209080:G>C	-0.7362416386604309	-0.7377544045448303	-0.001512765884399414
chr17:41209080:G>A	-0.7362416386604309	-0.7430846691131592	-0.0068430304527282715
chr17:41209079:T>G	-0.7360115647315979	-0.7368882894515991	-0.0008767247200012207
chr17:41209079:T>C	-0.7360115647315979	-0.7365418672561646	-0.0005303025245666504
chr17:41209079:T>A	-0.7360115647315979	-0.7367696166038513	-0.000758051872253418
chr17:41209078:C>T	-0.735811173915863	-0.7361443042755127	-0.0003331303596496582
chr17:41209078:C>G	-0.735811173915863	-0.7360550165176392	-0.00024384260177612305
chr17:41209078:C>A	-0.735811173915863	-0.7359069585800171	-9.578466415405273e-05
chr17:41209077:C>T	-0.7357209324836731	-0.7358648180961609	-0.00014388561248779297
chr17:41209077:C>G	-0.7357209324836731	-0.7366695404052734	-0.0009486079216003418
chr17:41209077:C>A	-0.7357209324836731	-0.7375866174697876	-0.001865684986114502
chr17:41209076:T>G	-0.7357223033905029	-0.737109363079071	-0.0013870596885681152
chr17:41209076:T>C	-0.7357223033905029	-0.7365433573722839	-0.0008210539817810059
chr17:41209076:T>A	-0.7357223033905029	-0.7377898693084717	-0.00206756591796875
chr17:41209075:G>T	-0.735920250415802	-0.7365336418151855	-0.0006133913993835449
chr17:41209075:G>C	-0.735920250415802	-0.7366122007369995	-0.0006919503211975098
chr17:41209075:G>A	-0.735920250415802	-0.7362257838249207	-0.00030553340911865234
chr17:41209074:T>G	-0.7359963655471802	-0.7364288568496704	-0.0004324913024902344
chr17:41209074:T>C	-0.7359963655471802	-0.7368650436401367	-0.000868678092956543
chr17:41209074:T>A	-0.7359963655471802	-0.742048978805542	-0.006052613258361816
chr17:41209073:C>T	-0.7357761859893799	-0.7365675568580627	-0.0007913708686828613
chr17:41209073:C>G	-0.7357761859893799	-0.7367585301399231	-0.0009823441505432129
chr17:41209073:C>A	-0.7357761859893799	-0.7366126179695129	-0.0008364319801330566
chr17:41209072:T>G	-0.7352240085601807	-0.7361634373664856	-0.0009394288063049316
chr17:41209072:T>C	-0.7352240085601807	-0.7353764772415161	-0.00015246868133544922
chr17:41209072:T>A	-0.7352240085601807	-0.7363547086715698	-0.0011307001113891602
chr17:41209071:T>G	-0.7352317571640015	-0.7354743480682373	-0.00024259090423583984
chr17:41209071:T>C	-0.7352317571640015	-0.7362338304519653	-0.0010020732879638672
chr17:41209071:T>A	-0.7352317571640015	-0.7368527054786682	-0.001620948314666748
chr17:41209070:T>G	-0.7353521585464478	-0.7361204624176025	-0.0007683038711547852
chr17:41209070:T>C	-0.7353521585464478	-0.7364879250526428	-0.0011357665061950684
chr17:41209070:T>A	-0.7353521585464478	-0.7360751628875732	-0.0007230043411254883
chr17:41209069:C>T	-0.7352946996688843	-0.7365158200263977	-0.0012211203575134277
chr17:41209069:C>G	-0.7352946996688843	-0.7369354367256165	-0.0016407370567321777
chr17:41209069:C>A	-0.7352946996688843	-0.7366700768470764	-0.0013753771781921387
chr17:41209068:C>T	-0.7350944876670837	-0.7409701347351074	-0.005875647068023682
chr17:41209068:C>G	-0.7350944876670837	-0.7422502040863037	-0.007155716419219971
chr17:41209068:C>A	-0.7350944876670837	-0.7419812679290771	-0.006886780261993408
chr17:41209067:A>T	-0.7347683310508728	-0.7410901784896851	-0.006321847438812256
chr17:41209067:A>G	-0.7347683310508728	-0.7390780448913574	-0.004309713840484619
chr17:41209067:A>C	-0.7347683310508728	-0.7415676712989807	-0.00679934024810791
chr17:41209066:T>G	-0.7345484495162964	-0.7367898225784302	-0.002241373062133789
chr17:41209066:T>C	-0.7345484495162964	-0.7352200746536255	-0.0006716251373291016
chr17:41209066:T>A	-0.7345484495162964	-0.7364385724067688	-0.0018901228904724121
chr17:41209065:T>G	-0.7343332767486572	-0.7347483038902283	-0.0004150271415710449
chr17:41209065:T>C	-0.7343332767486572	-0.7349885106086731	-0.0006552338600158691
chr17:41209065:T>A	-0.7343332767486572	-0.734917938709259	-0.0005846619606018066
chr17:41209064:T>G	-0.734043300151825	-0.734218955039978	-0.00017565488815307617
chr17:41209064:T>C	-0.734043300151825	-0.734083354473114	-4.00543212890625e-05
chr17:41209064:T>A	-0.734043300151825	-0.7341189980506897	-7.56978988647461e-05
chr17:41209063:C>T	-0.7338830232620239	-0.7341820001602173	-0.0002989768981933594
chr17:41209063:C>G	-0.7338830232620239	-0.7340993881225586	-0.00021636486053466797
chr17:41209063:C>A	-0.7338830232620239	-0.7344546914100647	-0.0005716681480407715
chr17:41209062:G>T	-0.7338488698005676	-0.7337039113044739	0.00014495849609375
chr17:41209062:G>C	-0.7338488698005676	-0.7338582873344421	-9.417533874511719e-06
chr17:41209062:G>A	-0.7338488698005676	-0.7338170409202576	3.1828880310058594e-05
chr17:41209061:A>T	-0.733863890171051	-0.7338621020317078	1.7881393432617188e-06
chr17:41209061:A>G	-0.733863890171051	-0.7337563633918762	0.00010752677917480469
chr17:41209061:A>C	-0.733863890171051	-0.7341505885124207	-0.0002866983413696289
chr17:41209060:G>T	-0.7333516478538513	-0.7336553931236267	-0.0003037452697753906
chr17:41209060:G>C	-0.7333516478538513	-0.7333779335021973	-2.6285648345947266e-05
chr17:41209060:G>A	-0.7333516478538513	-0.7334772348403931	-0.00012558698654174805
chr17:41209059:G>C	-0.7332696318626404	-0.7335528135299683	-0.00028318166732788086
chr17:41209059:G>A	-0.7332696318626404	-0.7330875992774963	0.00018203258514404297
chr17:41203156:G>T	-0.8824182152748108	-0.8825727701187134	-0.0001545548439025879
chr17:41203156:G>C	-0.8824182152748108	-0.8824600577354431	-4.184246063232422e-05
chr17:41203156:G>A	-0.8824182152748108	-0.8823652863502502	5.2928924560546875e-05
chr17:41203155:A>T	-0.8817408084869385	-0.881950318813324	-0.00020951032638549805
chr17:41203155:A>G	-0.8817408084869385	-0.8817353248596191	5.4836273193359375e-06
chr17:41203155:A>C	-0.8817408084869385	-0.882134735584259	-0.00039392709732055664
chr17:41203154:G>T	-0.8820260763168335	-0.8820253610610962	7.152557373046875e-07
chr17:41203154:G>C	-0.8820260763168335	-0.8820515871047974	-2.5510787963867188e-05
chr17:41203154:G>A	-0.8820260763168335	-0.8819752931594849	5.078315734863281e-05
chr17:41203153:A>T	-0.8818332552909851	-0.881963312625885	-0.00013005733489990234
chr17:41203153:A>G	-0.8818332552909851	-0.8817681670188904	6.508827209472656e-05
chr17:41203153:A>C	-0.8818332552909851	-0.8821550011634827	-0.0003217458724975586
chr17:41203152:G>T	-0.8821271061897278	-0.8822150826454163	-8.797645568847656e-05
chr17:41203152:G>C	-0.8821271061897278	-0.8821232914924622	3.814697265625e-06
chr17:41203152:G>A	-0.8821271061897278	-0.8821555972099304	-2.849102020263672e-05
chr17:41203151:A>T	-0.8820492029190063	-0.8821699619293213	-0.0001207590103149414
chr17:41203151:A>G	-0.8820492029190063	-0.8822636008262634	-0.00021439790725708008
chr17:41203151:A>C	-0.8820492029190063	-0.8822144865989685	-0.0001652836799621582
chr17:41203150:A>T	-0.8820345401763916	-0.8823094964027405	-0.00027495622634887695
chr17:41203150:A>G	-0.8820345401763916	-0.8819183111190796	0.00011622905731201172
chr17:41203150:A>C	-0.8820345401763916	-0.8822628855705261	-0.00022834539413452148
chr17:41203149:G>T	-0.8815625309944153	-0.8817534446716309	-0.00019091367721557617
chr17:41203149:G>C	-0.8815625309944153	-0.8818634748458862	-0.00030094385147094727
chr17:41203149:G>A	-0.8815625309944153	-0.8816136121749878	-5.1081180572509766e-05
chr17:41203148:G>T	-0.8813459277153015	-0.8818631172180176	-0.0005171895027160645
chr17:41203148:G>C	-0.8813459277153015	-0.8816978931427002	-0.00035196542739868164
chr17:41203148:G>A	-0.8813459277153015	-0.8815118670463562	-0.0001659393310546875
chr17:41203147:A>T	-0.8817598819732666	-0.8819034099578857	-0.00014352798461914062
chr17:41203147:A>G	-0.8817598819732666	-0.8816366195678711	0.0001232624053955078
chr17:41203147:A>C	-0.8817598819732666	-0.8820626735687256	-0.0003027915954589844
chr17:41203146:G>T	-0.8814446330070496	-0.8817729949951172	-0.00032836198806762695
chr17:41203146:G>C	-0.8814446330070496	-0.8818919062614441	-0.00044727325439453125
chr17:41203146:G>A	-0.8814446330070496	-0.881474494934082	-2.9861927032470703e-05
chr17:41203145:A>T	-0.8815380334854126	-0.8817588090896606	-0.00022077560424804688
chr17:41203145:A>G	-0.8815380334854126	-0.8813020586967468	0.00023597478866577148
chr17:41203145:A>C	-0.8815380334854126	-0.881908655166626	-0.0003706216812133789
chr17:41203144:G>T	-0.8812035918235779	-0.8819267749786377	-0.0007231831550598145
chr17:41203144:G>C	-0.8812035918235779	-0.8816870450973511	-0.00048345327377319336
chr17:41203144:G>A	-0.8812035918235779	-0.881472647190094	-0.0002690553665161133
chr17:41203143:A>T	-0.8817634582519531	-0.8820986747741699	-0.0003352165222167969
chr17:41203143:A>G	-0.8817634582519531	-0.8817301988601685	3.325939178466797e-05
chr17:41203143:A>C	-0.8817634582519531	-0.8822611570358276	-0.0004976987838745117
chr17:41203142:A>T	-0.8817726373672485	-0.8819044828414917	-0.00013184547424316406
chr17:41203142:A>G	-0.8817726373672485	-0.8814870715141296	0.0002855658531188965
chr17:41203142:A>C	-0.8817726373672485	-0.881743311882019	2.9325485229492188e-05
chr17:41203141:G>T	-0.8820889592170715	-0.8825846910476685	-0.0004957318305969238
chr17:41203141:G>C	-0.8820889592170715	-0.882778525352478	-0.0006895661354064941
chr17:41203141:G>A	-0.8820889592170715	-0.8821762204170227	-8.726119995117188e-05
chr17:41203140:A>T	-0.8823716044425964	-0.8826885223388672	-0.00031691789627075195
chr17:41203140:A>G	-0.8823716044425964	-0.8824341893196106	-6.258487701416016e-05
chr17:41203140:A>C	-0.8823716044425964	-0.8829955458641052	-0.0006239414215087891
chr17:41203139:A>T	-0.8823822140693665	-0.8827088475227356	-0.0003266334533691406
chr17:41203139:A>G	-0.8823822140693665	-0.8820029497146606	0.00037926435470581055
chr17:41203139:A>C	-0.8823822140693665	-0.8821086287498474	0.00027358531951904297
chr17:41203138:G>T	-0.8822607398033142	-0.8825534582138062	-0.00029271841049194336
chr17:41203138:G>C	-0.8822607398033142	-0.8824067711830139	-0.00014603137969970703
chr17:41203138:G>A	-0.8822607398033142	-0.8823608756065369	-0.00010013580322265625
chr17:41203137:G>T	-0.8825846314430237	-0.8829984664916992	-0.0004138350486755371
chr17:41203137:G>C	-0.8825846314430237	-0.883297860622406	-0.0007132291793823242
chr17:41203137:G>A	-0.8825846314430237	-0.8827151656150818	-0.00013053417205810547
chr17:41203136:T>G	-0.882645845413208	-0.8837360143661499	-0.0010901689529418945
chr17:41203136:T>C	-0.882645845413208	-0.8834183812141418	-0.0007725358009338379
chr17:41203136:T>A	-0.882645845413208	-0.8837227821350098	-0.0010769367218017578
chr17:41203135:C>T	-0.8826709985733032	-0.8830950856208801	-0.0004240870475769043
chr17:41203135:C>G	-0.8826709985733032	-0.8830907940864563	-0.00041979551315307617
chr17:41203135:C>A	-0.8826709985733032	-0.8837047219276428	-0.0010337233543395996
chr17:41203134:T>G	-0.8826974630355835	-0.8829281330108643	-0.00023066997528076172
chr17:41203134:T>C	-0.8826974630355835	-0.8829638957977295	-0.0002664327621459961
chr17:41203134:T>A	-0.8826974630355835	-0.8833268284797668	-0.0006293654441833496
chr17:41203133:A>T	-0.8825424313545227	-0.8833279013633728	-0.0007854700088500977
chr17:41203133:A>G	-0.8825424313545227	-0.8830432891845703	-0.0005008578300476074
chr17:41203133:A>C	-0.8825424313545227	-0.8833016753196716	-0.0007592439651489258
chr17:41203132:G>T	-0.8824613690376282	-0.8832877278327942	-0.0008263587951660156
chr17:41203132:G>C	-0.8824613690376282	-0.8830803632736206	-0.0006189942359924316
chr17:41203132:G>A	-0.8824613690376282	-0.8828320503234863	-0.0003706812858581543
chr17:41203131:A>T	-0.8823080658912659	-0.8835889101028442	-0.0012808442115783691
chr17:41203131:A>G	-0.8823080658912659	-0.8827283978462219	-0.0004203319549560547
chr17:41203131:A>C	-0.8823080658912659	-0.8835844397544861	-0.0012763738632202148
chr17:41203130:A>T	-0.8820070624351501	-0.8827383518218994	-0.0007312893867492676
chr17:41203130:A>G	-0.8820070624351501	-0.8823419213294983	-0.00033485889434814453
chr17:41203130:A>C	-0.8820070624351501	-0.8835568428039551	-0.0015497803688049316
chr17:41203129:G>T	-0.8819510340690613	-0.8824622631072998	-0.0005112290382385254
chr17:41203129:G>C	-0.8819510340690613	-0.88265061378479	-0.0006995797157287598
chr17:41203129:G>A	-0.8819510340690613	-0.8820540308952332	-0.000102996826171875
chr17:41203128:T>G	-0.8817134499549866	-0.8819068670272827	-0.00019341707229614258
chr17:41203128:T>C	-0.8817134499549866	-0.8822021484375	-0.0004886984825134277
chr17:41203128:T>A	-0.8817134499549866	-0.8828420042991638	-0.001128554344177246
chr17:41203127:C>T	-0.8817808628082275	-0.8814186453819275	0.00036221742630004883
chr17:41203127:C>G	-0.8817808628082275	-0.8824006915092468	-0.0006198287010192871
chr17:41203127:C>A	-0.8817808628082275	-0.8824860453605652	-0.0007051825523376465
chr17:41203126:C>T	-0.8823548555374146	-0.8823763728141785	-2.1517276763916016e-05
chr17:41203126:C>G	-0.8823548555374146	-0.8829751014709473	-0.0006202459335327148
chr17:41203126:C>A	-0.8823548555374146	-0.8829719424247742	-0.0006170868873596191
chr17:41203125:C>G	-0.8823080658912659	-0.8835811018943787	-0.001273036003112793
chr17:41203124:C>G	-0.8821385502815247	-0.88365238904953	-0.001513838768005371
chr17:41203124:C>A	-0.8821385502815247	-0.8835296630859375	-0.0013911128044128418
chr17:41203122:G>T	-0.8823803067207336	-0.8825440406799316	-0.00016373395919799805
chr17:41203122:G>C	-0.8823803067207336	-0.8824480772018433	-6.777048110961914e-05
chr17:41203121:A>T	-0.882189929485321	-0.8841403126716614	-0.001950383186340332
chr17:41203121:A>G	-0.882189929485321	-0.8839271068572998	-0.0017371773719787598
chr17:41203120:T>G	-0.8817368745803833	-0.8825697898864746	-0.0008329153060913086
chr17:41203120:T>C	-0.8817368745803833	-0.8819887638092041	-0.0002518892288208008
chr17:41203120:T>A	-0.8817368745803833	-0.8823577761650085	-0.0006209015846252441
chr17:41203119:C>T	-0.8819066286087036	-0.8833768963813782	-0.0014702677726745605
chr17:41203119:C>G	-0.8819066286087036	-0.883015513420105	-0.0011088848114013672
chr17:41203119:C>A	-0.8819066286087036	-0.8847593069076538	-0.0028526782989501953
chr17:41203118:T>G	-0.8817417621612549	-0.8837003707885742	-0.001958608627319336
chr17:41203118:T>C	-0.8817417621612549	-0.8838591575622559	-0.0021173954010009766
chr17:41203118:T>A	-0.8817417621612549	-0.8839783668518066	-0.002236604690551758
chr17:41203117:T>G	-0.8817245960235596	-0.8828549385070801	-0.0011303424835205078
chr17:41203117:T>C	-0.8817245960235596	-0.8819469213485718	-0.00022232532501220703
chr17:41203117:T>A	-0.8817245960235596	-0.8830537796020508	-0.001329183578491211
chr17:41203116:T>G	-0.8815374970436096	-0.8829866051673889	-0.0014491081237792969
chr17:41203116:T>C	-0.8815374970436096	-0.8819641470909119	-0.0004266500473022461
chr17:41203116:T>A	-0.8815374970436096	-0.8841049075126648	-0.0025674104690551758
chr17:41203115:A>T	-0.8812888264656067	-0.8848404884338379	-0.003551661968231201
chr17:41203115:A>G	-0.8812888264656067	-0.884084939956665	-0.0027961134910583496
chr17:41203115:A>C	-0.8812888264656067	-0.8849101066589355	-0.0036212801933288574
chr17:41203114:G>T	-0.8817574977874756	-0.8823646903038025	-0.0006071925163269043
chr17:41203114:G>C	-0.8817574977874756	-0.882889986038208	-0.0011324882507324219
chr17:41203114:G>A	-0.8817574977874756	-0.8820763826370239	-0.00031888484954833984
chr17:41203113:A>T	-0.8817911148071289	-0.8838515281677246	-0.002060413360595703
chr17:41203113:A>G	-0.8817911148071289	-0.8836067914962769	-0.0018156766891479492
chr17:41203113:A>C	-0.8817911148071289	-0.8851647973060608	-0.0033736824989318848
chr17:41203112:C>T	-0.8815114498138428	-0.8838021159172058	-0.002290666103363037
chr17:41203112:C>G	-0.8815114498138428	-0.8832978010177612	-0.001786351203918457
chr17:41203112:C>A	-0.8815114498138428	-0.8845580816268921	-0.0030466318130493164
chr17:41203111:A>T	-0.881203830242157	-0.8829436302185059	-0.001739799976348877
chr17:41203111:A>G	-0.881203830242157	-0.8814589977264404	-0.00025516748428344727
chr17:41203111:A>C	-0.881203830242157	-0.8841232061386108	-0.0029193758964538574
chr17:41203110:A>T	-0.8811532855033875	-0.8836715221405029	-0.0025182366371154785
chr17:41203110:A>G	-0.8811532855033875	-0.8840118646621704	-0.002858579158782959
chr17:41203110:A>C	-0.8811532855033875	-0.8850343227386475	-0.0038810372352600098
chr17:41203109:C>T	-0.8807111382484436	-0.8838289380073547	-0.003117799758911133
chr17:41203109:C>G	-0.8807111382484436	-0.8831971287727356	-0.002485990524291992
chr17:41203109:C>A	-0.8807111382484436	-0.883715808391571	-0.0030046701431274414
chr17:41203108:G>T	-0.8807930946350098	-0.8835398554801941	-0.002746760845184326
chr17:41203108:G>C	-0.8807930946350098	-0.8841055631637573	-0.0033124685287475586
chr17:41203108:G>A	-0.8807930946350098	-0.881497859954834	-0.0007047653198242188
chr17:41203107:A>T	-0.8807730674743652	-0.883847713470459	-0.00307464599609375
chr17:41203107:A>C	-0.8807730674743652	-0.8849893808364868	-0.004216313362121582
chr17:41203106:T>G	-0.8807474970817566	-0.8836046457290649	-0.0028571486473083496
chr17:41203106:T>C	-0.8807474970817566	-0.8828988671302795	-0.0021513700485229492
chr17:41203106:T>A	-0.8807474970817566	-0.8822538256645203	-0.0015063285827636719
chr17:41203105:A>T	-0.8806986808776855	-0.8859190940856934	-0.0052204132080078125
chr17:41203105:A>G	-0.8806986808776855	-0.8810207843780518	-0.00032210350036621094
chr17:41203105:A>C	-0.8806986808776855	-0.8859906792640686	-0.005291998386383057
chr17:41203104:C>T	-0.8806047439575195	-0.8850459456443787	-0.004441201686859131
chr17:41203104:C>G	-0.8806047439575195	-0.8856925368309021	-0.005087792873382568
chr17:41203104:C>A	-0.8806047439575195	-0.8870683908462524	-0.00646364688873291
chr17:41203103:C>T	-0.8807916641235352	-0.8849098682403564	-0.004118204116821289
chr17:41203103:C>G	-0.8807916641235352	-0.8843321204185486	-0.0035404562950134277
chr17:41203103:C>A	-0.8807916641235352	-0.8859522342681885	-0.00516057014465332
chr17:41203102:C>T	-0.880840539932251	-0.8810287117958069	-0.0001881718635559082
chr17:41203102:C>G	-0.880840539932251	-0.8812490105628967	-0.00040847063064575195
chr17:41203102:C>A	-0.880840539932251	-0.8811885118484497	-0.00034797191619873047
chr17:41203101:G>T	-0.8809651136398315	-0.8845818042755127	-0.0036166906356811523
chr17:41203101:G>C	-0.8809651136398315	-0.8843934535980225	-0.003428339958190918
chr17:41203101:G>A	-0.8809651136398315	-0.883792519569397	-0.0028274059295654297
chr17:41203100:G>T	-0.8809763193130493	-0.8859279155731201	-0.004951596260070801
chr17:41203100:G>C	-0.8809763193130493	-0.8861926198005676	-0.0052163004875183105
chr17:41203100:G>A	-0.8809763193130493	-0.8859165906906128	-0.0049402713775634766
chr17:41203099:G>T	-0.8808780312538147	-0.8812843561172485	-0.0004063248634338379
chr17:41203099:G>C	-0.8808780312538147	-0.8815217614173889	-0.0006437301635742188
chr17:41203099:G>A	-0.8808780312538147	-0.8808590173721313	1.901388168334961e-05
chr17:41203098:A>T	-0.8807457089424133	-0.8839001655578613	-0.003154456615447998
chr17:41203098:A>G	-0.8807457089424133	-0.8831450343132019	-0.0023993253707885742
chr17:41203098:A>C	-0.8807457089424133	-0.8844584226608276	-0.0037127137184143066
chr17:41203097:A>T	-0.8809236288070679	-0.882375955581665	-0.001452326774597168
chr17:41203097:A>G	-0.8809236288070679	-0.8855220079421997	-0.004598379135131836
chr17:41203097:A>C	-0.8809236288070679	-0.8857102394104004	-0.0047866106033325195
chr17:41203096:G>T	-0.8804829716682434	-0.8831808567047119	-0.002697885036468506
chr17:41203096:G>A	-0.8804829716682434	-0.880651593208313	-0.00016862154006958008
chr17:41203095:T>G	-0.880535900592804	-0.8828168511390686	-0.0022809505462646484
chr17:41203095:T>C	-0.880535900592804	-0.8812444806098938	-0.0007085800170898438
chr17:41203095:T>A	-0.880535900592804	-0.8811593651771545	-0.0006234645843505859
chr17:41203094:G>T	-0.880492627620697	-0.8816304802894592	-0.001137852668762207
chr17:41203094:G>C	-0.880492627620697	-0.8816439509391785	-0.0011513233184814453
chr17:41203094:G>A	-0.880492627620697	-0.8818084001541138	-0.001315772533416748
chr17:41203093:G>T	-0.880476176738739	-0.8813080191612244	-0.0008318424224853516
chr17:41203093:G>C	-0.880476176738739	-0.8813451528549194	-0.0008689761161804199
chr17:41203093:G>A	-0.880476176738739	-0.8808940052986145	-0.0004178285598754883
chr17:41203092:T>G	-0.8807093501091003	-0.8810769319534302	-0.000367581844329834
chr17:41203092:T>C	-0.8807093501091003	-0.8813367486000061	-0.0006273984909057617
chr17:41203092:T>A	-0.8807093501091003	-0.8832906484603882	-0.002581298351287842
chr17:41203091:T>G	-0.8805527091026306	-0.882997453212738	-0.002444744110107422
chr17:41203091:T>C	-0.8805527091026306	-0.8813934922218323	-0.0008407831192016602
chr17:41203091:T>A	-0.8805527091026306	-0.8848360180854797	-0.004283308982849121
chr17:41203090:G>T	-0.8806453943252563	-0.8819375038146973	-0.001292109489440918
chr17:41203090:G>C	-0.8806453943252563	-0.881955623626709	-0.0013102293014526367
chr17:41203090:G>A	-0.8806453943252563	-0.8807483911514282	-0.000102996826171875
chr17:41203089:T>G	-0.880578875541687	-0.8819749355316162	-0.0013960599899291992
chr17:41203089:T>C	-0.880578875541687	-0.8813924193382263	-0.0008135437965393066
chr17:41203089:T>A	-0.880578875541687	-0.881589949131012	-0.0010110735893249512
chr17:41203088:A>T	-0.8805827498435974	-0.8829346895217896	-0.0023519396781921387
chr17:41203088:A>G	-0.8805827498435974	-0.8817073106765747	-0.001124560832977295
chr17:41203088:A>C	-0.8805827498435974	-0.8828393220901489	-0.0022565722465515137
chr17:41203087:C>T	-0.8805078864097595	-0.8813875317573547	-0.0008796453475952148
chr17:41203087:C>G	-0.8805078864097595	-0.881434977054596	-0.0009270906448364258
chr17:41203087:C>A	-0.8805078864097595	-0.8814974427223206	-0.0009895563125610352
chr17:41203086:G>T	-0.8808865547180176	-0.8825010657310486	-0.0016145110130310059
chr17:41203086:G>C	-0.8808865547180176	-0.8826350569725037	-0.001748502254486084
chr17:41203086:G>A	-0.8808865547180176	-0.8822686076164246	-0.0013820528984069824
chr17:41203085:G>T	-0.8805920481681824	-0.8830173015594482	-0.002425253391265869
chr17:41203085:G>C	-0.8805920481681824	-0.8822992444038391	-0.0017071962356567383
chr17:41203085:G>A	-0.8805920481681824	-0.8832672238349915	-0.002675175666809082
chr17:41203084:G>T	-0.8807355165481567	-0.8812796473503113	-0.000544130802154541
chr17:41203084:G>C	-0.8807355165481567	-0.8814393877983093	-0.0007038712501525879
chr17:41203084:G>A	-0.8807355165481567	-0.8809581995010376	-0.00022268295288085938
chr17:41203083:T>G	-0.8805444240570068	-0.8815653920173645	-0.001020967960357666
chr17:41203083:T>C	-0.8805444240570068	-0.8813778758049011	-0.0008334517478942871
chr17:41203083:T>A	-0.8805444240570068	-0.8814859986305237	-0.0009415745735168457
chr17:41203082:G>T	-0.8806688785552979	-0.8815089464187622	-0.0008400678634643555
chr17:41203082:G>C	-0.8806688785552979	-0.8816545605659485	-0.0009856820106506348
chr17:41203082:G>A	-0.8806688785552979	-0.8807746767997742	-0.00010579824447631836
chr17:41203081:T>G	-0.880530059337616	-0.8813431859016418	-0.0008131265640258789
chr17:41203081:T>C	-0.880530059337616	-0.8810796737670898	-0.000549614429473877
chr17:41203081:T>A	-0.880530059337616	-0.8811283707618713	-0.0005983114242553711
chr17:41203080:C>T	-0.8805028796195984	-0.881804883480072	-0.0013020038604736328
chr17:41203080:C>A	-0.8805028796195984	-0.8824962377548218	-0.0019933581352233887
chr17:41203079:C>T	-0.8805460333824158	-0.8875240087509155	-0.006977975368499756
chr17:41203079:C>G	-0.8805460333824158	-0.8890693783760071	-0.008523344993591309
chr17:41203079:C>A	-0.8805460333824158	-0.8886572122573853	-0.008111178874969482
chr17:41203078:A>T	-0.8806912302970886	-0.8892325758934021	-0.008541345596313477
chr17:41203078:A>G	-0.8806912302970886	-0.8863919973373413	-0.0057007670402526855
chr17:41203078:A>C	-0.8806912302970886	-0.8891267776489258	-0.008435547351837158
chr17:41203077:T>G	-0.8806954622268677	-0.881236732006073	-0.0005412697792053223
chr17:41203077:T>C	-0.8806954622268677	-0.8809092044830322	-0.00021374225616455078
chr17:41203077:T>A	-0.8806954622268677	-0.8815922737121582	-0.0008968114852905273
chr17:41203076:T>G	-0.8804855942726135	-0.8811436891555786	-0.0006580948829650879
chr17:41203076:T>C	-0.8804855942726135	-0.8807433843612671	-0.00025779008865356445
chr17:41203076:T>A	-0.8804855942726135	-0.8808521032333374	-0.00036650896072387695
chr17:41203075:C>T	-0.8805825114250183	-0.8810438513755798	-0.00046133995056152344
chr17:41203075:C>G	-0.8805825114250183	-0.8806341290473938	-5.161762237548828e-05
chr17:41203075:C>A	-0.8805825114250183	-0.8808855414390564	-0.00030303001403808594
chr17:41203074:T>G	-0.8804531097412109	-0.8807592391967773	-0.00030612945556640625
chr17:41203074:T>C	-0.8804531097412109	-0.8804253935813904	2.771615982055664e-05
chr17:41203074:T>A	-0.8804531097412109	-0.8806882500648499	-0.00023514032363891602
chr17:41203073:C>T	-0.8804136514663696	-0.8803820610046387	3.159046173095703e-05
chr17:41203073:C>G	-0.8804136514663696	-0.8803250193595886	8.863210678100586e-05
chr17:41203073:C>A	-0.8804136514663696	-0.8805851936340332	-0.00017154216766357422
chr17:41203072:G>T	-0.8801947832107544	-0.8801608681678772	3.3915042877197266e-05
chr17:41203072:G>C	-0.8801947832107544	-0.8801401853561401	5.459785461425781e-05
chr17:41203072:G>A	-0.8801947832107544	-0.8803401589393616	-0.00014537572860717773
chr17:41203071:G>T	-0.8800243735313416	-0.8801330924034119	-0.0001087188720703125
chr17:41203071:G>C	-0.8800243735313416	-0.8805207014083862	-0.0004963278770446777
chr17:41203071:G>A	-0.8800243735313416	-0.8799931406974792	3.123283386230469e-05
chr17:41203070:A>T	-0.8800865411758423	-0.8800824880599976	4.0531158447265625e-06
chr17:41203070:A>G	-0.8800865411758423	-0.8801762461662292	-8.970499038696289e-05
chr17:41203070:A>C	-0.8800865411758423	-0.8802808523178101	-0.00019431114196777344
chr17:41203069:C>T	-0.8800839185714722	-0.8803027868270874	-0.00021886825561523438
chr17:41203069:C>G	-0.8800839185714722	-0.8803682327270508	-0.0002843141555786133
chr17:41203069:C>A	-0.8800839185714722	-0.8801041841506958	-2.0265579223632812e-05
chr17:41203068:C>T	-0.8800953030586243	-0.8801504969596863	-5.519390106201172e-05
chr17:41203068:C>A	-0.8800953030586243	-0.8803480863571167	-0.00025278329849243164
chr17:41203067:C>T	-0.8799142837524414	-0.8800374269485474	-0.00012314319610595703
chr17:41203067:C>G	-0.8799142837524414	-0.8800216913223267	-0.0001074075698852539
chr17:41203066:T>G	-0.8798648118972778	-0.8801448941230774	-0.00028008222579956055
chr17:41203066:T>C	-0.8798648118972778	-0.879567563533783	0.00029724836349487305
chr17:41203066:T>A	-0.8798648118972778	-0.8799796104431152	-0.00011479854583740234
chr17:41203065:C>T	-0.8797539472579956	-0.8797961473464966	-4.220008850097656e-05
chr17:41203065:C>G	-0.8797539472579956	-0.879790723323822	-3.6776065826416016e-05
chr17:41203065:C>A	-0.8797539472579956	-0.8799535632133484	-0.0001996159553527832
chr17:41203064:T>G	-0.8795667290687561	-0.8795778751373291	-1.1146068572998047e-05
chr17:41203064:T>C	-0.8795667290687561	-0.8795320391654968	3.4689903259277344e-05
chr17:41203064:T>A	-0.8795667290687561	-0.8796787261962891	-0.00011199712753295898
chr17:41203063:T>G	-0.879565417766571	-0.8794772028923035	8.821487426757812e-05
chr17:41203063:T>C	-0.879565417766571	-0.8794692158699036	9.620189666748047e-05
chr17:41203063:T>A	-0.879565417766571	-0.8796427249908447	-7.730722427368164e-05
chr17:41203062:G>T	-0.8795806169509888	-0.8795967698097229	-1.615285873413086e-05
chr17:41203062:G>C	-0.8795806169509888	-0.8795774579048157	3.159046173095703e-06
chr17:41203062:G>A	-0.8795806169509888	-0.8795825839042664	-1.9669532775878906e-06
chr17:41203061:G>T	-0.8795569539070129	-0.8796098828315735	-5.2928924560546875e-05
chr17:41203061:G>C	-0.8795569539070129	-0.8798607587814331	-0.000303804874420166
chr17:41203061:G>A	-0.8795569539070129	-0.8797779083251953	-0.00022095441818237305
chr17:41203060:G>T	-0.8796645402908325	-0.8796266913414001	3.784894943237305e-05
chr17:41203060:G>C	-0.8796645402908325	-0.8797590136528015	-9.447336196899414e-05
chr17:41203060:G>A	-0.8796645402908325	-0.8795394897460938	0.00012505054473876953
chr17:41203059:G>T	-0.879528820514679	-0.8796933889389038	-0.00016456842422485352
chr17:41203059:G>C	-0.879528820514679	-0.8799159526824951	-0.0003871321678161621
chr17:41203059:G>A	-0.879528820514679	-0.8794527649879456	7.605552673339844e-05
chr17:41203058:T>G	-0.8795197010040283	-0.8796861171722412	-0.00016641616821289062
chr17:41203058:T>C	-0.8795197010040283	-0.8795306086540222	-1.0907649993896484e-05
chr17:41203058:T>A	-0.8795197010040283	-0.8796108961105347	-9.119510650634766e-05
chr17:41203057:C>T	-0.87917560338974	-0.8794822096824646	-0.0003066062927246094
chr17:41203057:C>G	-0.87917560338974	-0.8793217539787292	-0.0001461505889892578
chr17:41203057:C>A	-0.87917560338974	-0.8795040845870972	-0.00032848119735717773
chr17:41201224:T>G	-0.900897741317749	-0.9009265303611755	-2.8789043426513672e-05
chr17:41201224:T>C	-0.900897741317749	-0.900946319103241	-4.857778549194336e-05
chr17:41201224:T>A	-0.900897741317749	-0.9010133147239685	-0.00011557340621948242
chr17:41201223:A>T	-0.9007796049118042	-0.901323676109314	-0.0005440711975097656
chr17:41201223:A>G	-0.9007796049118042	-0.9012086391448975	-0.0004290342330932617
chr17:41201223:A>C	-0.9007796049118042	-0.9017564654350281	-0.000976860523223877
chr17:41201222:C>T	-0.9007350206375122	-0.9009813666343689	-0.00024634599685668945
chr17:41201222:C>G	-0.9007350206375122	-0.9011339545249939	-0.00039893388748168945
chr17:41201222:C>A	-0.9007350206375122	-0.9012022018432617	-0.0004671812057495117
chr17:41201221:A>T	-0.9009262323379517	-0.9009460210800171	-1.9788742065429688e-05
chr17:41201221:A>G	-0.9009262323379517	-0.9010716676712036	-0.00014543533325195312
chr17:41201221:A>C	-0.9009262323379517	-0.9012546539306641	-0.00032842159271240234
chr17:41201220:G>T	-0.900882363319397	-0.901110053062439	-0.0002276897430419922
chr17:41201220:G>C	-0.900882363319397	-0.9011363387107849	-0.00025397539138793945
chr17:41201220:G>A	-0.900882363319397	-0.9006491303443909	0.00023323297500610352
chr17:41201219:G>T	-0.9007694721221924	-0.9012634754180908	-0.0004940032958984375
chr17:41201219:G>C	-0.9007694721221924	-0.9011514782905579	-0.0003820061683654785
chr17:41201219:G>A	-0.9007694721221924	-0.900958776473999	-0.00018930435180664062
chr17:41201218:T>G	-0.9006509184837341	-0.9007396101951599	-8.869171142578125e-05
chr17:41201218:T>C	-0.9006509184837341	-0.9009772539138794	-0.00032633543014526367
chr17:41201218:T>A	-0.9006509184837341	-0.9008796811103821	-0.00022876262664794922
chr17:41201217:A>T	-0.9006996750831604	-0.8999717831611633	0.0007278919219970703
chr17:41201217:A>G	-0.9006996750831604	-0.9005309343338013	0.00016874074935913086
chr17:41201217:A>C	-0.9006996750831604	-0.9020528793334961	-0.0013532042503356934
chr17:41201216:A>T	-0.9007125496864319	-0.9012831449508667	-0.0005705952644348145
chr17:41201216:A>G	-0.9007125496864319	-0.9009167551994324	-0.00020420551300048828
chr17:41201216:A>C	-0.9007125496864319	-0.9010866284370422	-0.00037407875061035156
chr17:41201215:A>T	-0.9007031321525574	-0.9012701511383057	-0.000567018985748291
chr17:41201215:A>G	-0.9007031321525574	-0.9011627435684204	-0.0004596114158630371
chr17:41201215:A>C	-0.9007031321525574	-0.9011819362640381	-0.0004788041114807129
chr17:41201214:A>T	-0.9008147120475769	-0.901783287525177	-0.0009685754776000977
chr17:41201214:A>G	-0.9008147120475769	-0.9011871814727783	-0.000372469425201416
chr17:41201214:A>C	-0.9008147120475769	-0.903415322303772	-0.0026006102561950684
chr17:41201213:T>G	-0.9009844660758972	-0.9043800234794617	-0.003395557403564453
chr17:41201213:T>C	-0.9009844660758972	-0.9039255976676941	-0.002941131591796875
chr17:41201213:T>A	-0.9009844660758972	-0.9046913981437683	-0.0037069320678710938
chr17:41201212:C>T	-0.9009950757026672	-0.9049455523490906	-0.00395047664642334
chr17:41201212:C>G	-0.9009950757026672	-0.9053413271903992	-0.004346251487731934
chr17:41201212:C>A	-0.9009950757026672	-0.9058655500411987	-0.004870474338531494
chr17:41201211:T>G	-0.9007982611656189	-0.9016144871711731	-0.0008162260055541992
chr17:41201211:T>C	-0.9007982611656189	-0.9013646841049194	-0.0005664229393005371
chr17:41201211:T>A	-0.9007982611656189	-0.9016717076301575	-0.0008734464645385742
chr17:41201210:A>T	-0.9007434248924255	-0.9011448621749878	-0.00040143728256225586
chr17:41201210:A>G	-0.9007434248924255	-0.9009148478507996	-0.00017142295837402344
chr17:41201210:A>C	-0.9007434248924255	-0.9011523723602295	-0.0004089474678039551
chr17:41201209:G>T	-0.9006675481796265	-0.9015082716941833	-0.0008407235145568848
chr17:41201209:G>C	-0.9006675481796265	-0.9016987681388855	-0.0010312199592590332
chr17:41201209:G>A	-0.9006675481796265	-0.9021915793418884	-0.0015240311622619629
chr17:41201208:T>G	-0.9006804823875427	-0.9028974175453186	-0.002216935157775879
chr17:41201208:T>C	-0.9006804823875427	-0.9022068977355957	-0.0015264153480529785
chr17:41201208:T>A	-0.9006804823875427	-0.9041152000427246	-0.0034347176551818848
chr17:41201207:T>G	-0.9008035659790039	-0.9017927050590515	-0.0009891390800476074
chr17:41201207:T>C	-0.9008035659790039	-0.9009419083595276	-0.00013834238052368164
chr17:41201207:T>A	-0.9008035659790039	-0.901565432548523	-0.000761866569519043
chr17:41201206:G>C	-0.9009806513786316	-0.9020700454711914	-0.0010893940925598145
chr17:41201205:A>G	-0.9009960293769836	-0.9042461514472961	-0.0032501220703125
chr17:41201205:A>C	-0.9009960293769836	-0.9054647088050842	-0.004468679428100586
chr17:41201203:C>T	-0.9009067416191101	-0.9021725654602051	-0.0012658238410949707
chr17:41201203:C>G	-0.9009067416191101	-0.9021393060684204	-0.0012325644493103027
chr17:41201203:C>A	-0.9009067416191101	-0.906749427318573	-0.005842685699462891
chr17:41201202:T>G	-0.9007221460342407	-0.9020310640335083	-0.0013089179992675781
chr17:41201202:T>A	-0.9007221460342407	-0.9025290608406067	-0.0018069148063659668
chr17:41201201:T>G	-0.900757372379303	-0.9015045166015625	-0.0007471442222595215
chr17:41201201:T>C	-0.900757372379303	-0.9006291627883911	0.00012820959091186523
chr17:41201201:T>A	-0.900757372379303	-0.901585042476654	-0.0008276700973510742
chr17:41201200:A>T	-0.9007101655006409	-0.9038357138633728	-0.0031255483627319336
chr17:41201200:A>G	-0.9007101655006409	-0.9037287831306458	-0.003018617630004883
chr17:41201200:A>C	-0.9007101655006409	-0.9058360457420349	-0.005125880241394043
chr17:41201199:C>T	-0.9007481932640076	-0.9039692878723145	-0.0032210946083068848
chr17:41201199:C>G	-0.9007481932640076	-0.9038050174713135	-0.003056824207305908
chr17:41201199:C>A	-0.9007481932640076	-0.9042482972145081	-0.0035001039505004883
chr17:41201198:C>T	-0.9005905389785767	-0.9036042094230652	-0.0030136704444885254
chr17:41201198:C>G	-0.9005905389785767	-0.9036210179328918	-0.0030304789543151855
chr17:41201198:C>A	-0.9005905389785767	-0.9038392305374146	-0.0032486915588378906
chr17:41201197:T>G	-0.9005246162414551	-0.9011394381523132	-0.0006148219108581543
chr17:41201197:T>C	-0.9005246162414551	-0.9013495445251465	-0.0008249282836914062
chr17:41201197:T>A	-0.9005246162414551	-0.9009969234466553	-0.0004723072052001953
chr17:41201196:A>T	-0.9005194902420044	-0.9049277305603027	-0.00440824031829834
chr17:41201196:A>G	-0.9005194902420044	-0.9022906422615051	-0.0017711520195007324
chr17:41201196:A>C	-0.9005194902420044	-0.9058831334114075	-0.005363643169403076
chr17:41201195:C>T	-0.9008132815361023	-0.9014859199523926	-0.0006726384162902832
chr17:41201195:C>G	-0.9008132815361023	-0.9019903540611267	-0.001177072525024414
chr17:41201195:C>A	-0.9008132815361023	-0.9020269513130188	-0.001213669776916504
chr17:41201194:C>T	-0.9005899429321289	-0.9009511470794678	-0.0003612041473388672
chr17:41201194:C>G	-0.9005899429321289	-0.9012858271598816	-0.0006958842277526855
chr17:41201194:C>A	-0.9005899429321289	-0.9014687538146973	-0.0008788108825683594
chr17:41201193:A>T	-0.900505781173706	-0.9057915806770325	-0.005285799503326416
chr17:41201193:A>G	-0.900505781173706	-0.9023417234420776	-0.001835942268371582
chr17:41201193:A>C	-0.900505781173706	-0.9059669375419617	-0.005461156368255615
chr17:41201192:T>G	-0.9004518985748291	-0.900952935218811	-0.0005010366439819336
chr17:41201192:T>C	-0.9004518985748291	-0.9004716873168945	-1.9788742065429688e-05
chr17:41201192:T>A	-0.9004518985748291	-0.9007900953292847	-0.0003381967544555664
chr17:41201191:G>T	-0.9003007411956787	-0.9011764526367188	-0.0008757114410400391
chr17:41201191:G>C	-0.9003007411956787	-0.9009554982185364	-0.000654757022857666
chr17:41201191:G>A	-0.9003007411956787	-0.9035708904266357	-0.0032701492309570312
chr17:41201190:T>G	-0.900165319442749	-0.9067456722259521	-0.006580352783203125
chr17:41201190:T>C	-0.900165319442749	-0.9011502265930176	-0.0009849071502685547
chr17:41201190:T>A	-0.900165319442749	-0.9036219120025635	-0.003456592559814453
chr17:41201189:C>T	-0.8997719883918762	-0.9002948999404907	-0.000522911548614502
chr17:41201189:C>G	-0.8997719883918762	-0.9006989002227783	-0.0009269118309020996
chr17:41201189:C>A	-0.8997719883918762	-0.9005330801010132	-0.0007610917091369629
chr17:41201188:G>T	-0.8997655510902405	-0.9005650877952576	-0.0007995367050170898
chr17:41201188:G>C	-0.8997655510902405	-0.9004625082015991	-0.0006969571113586426
chr17:41201188:G>A	-0.8997655510902405	-0.8997108340263367	5.4717063903808594e-05
chr17:41201187:A>T	-0.8996558785438538	-0.9030799865722656	-0.0034241080284118652
chr17:41201187:A>G	-0.8996558785438538	-0.9040862917900085	-0.004430413246154785
chr17:41201187:A>C	-0.8996558785438538	-0.9032090902328491	-0.0035532116889953613
chr17:41201186:C>T	-0.8992733955383301	-0.8993820548057556	-0.00010865926742553711
chr17:41201186:C>G	-0.8992733955383301	-0.8995040655136108	-0.00023066997528076172
chr17:41201186:C>A	-0.8992733955383301	-0.8994647264480591	-0.0001913309097290039
chr17:41201185:A>T	-0.8992502093315125	-0.9016687273979187	-0.00241851806640625
chr17:41201185:A>G	-0.8992502093315125	-0.9022165536880493	-0.0029663443565368652
chr17:41201185:A>C	-0.8992502093315125	-0.9038184285163879	-0.004568219184875488
chr17:41201184:C>T	-0.8991848826408386	-0.9020856022834778	-0.00290071964263916
chr17:41201184:C>G	-0.8991848826408386	-0.90135657787323	-0.0021716952323913574
chr17:41201184:C>A	-0.8991848826408386	-0.9022095203399658	-0.0030246376991271973
chr17:41201183:A>T	-0.8988781571388245	-0.9070547819137573	-0.008176624774932861
chr17:41201183:A>G	-0.8988781571388245	-0.8994172811508179	-0.0005391240119934082
chr17:41201183:A>C	-0.8988781571388245	-0.9030778408050537	-0.004199683666229248
chr17:41201182:C>T	-0.8989980816841125	-0.9008621573448181	-0.0018640756607055664
chr17:41201182:C>G	-0.8989980816841125	-0.902612030506134	-0.0036139488220214844
chr17:41201182:C>A	-0.8989980816841125	-0.901279866695404	-0.002281785011291504
chr17:41201181:C>T	-0.8984910249710083	-0.901028573513031	-0.002537548542022705
chr17:41201181:C>G	-0.8984910249710083	-0.9011343717575073	-0.0026433467864990234
chr17:41201181:C>A	-0.8984910249710083	-0.9031149744987488	-0.0046239495277404785
chr17:41201180:A>T	-0.8984915018081665	-0.8981618881225586	0.00032961368560791016
chr17:41201180:A>G	-0.8984915018081665	-0.8986300826072693	-0.0001385807991027832
chr17:41201180:A>C	-0.8984915018081665	-0.8978917002677917	0.0005998015403747559
chr17:41201179:C>T	-0.8985174894332886	-0.8987429738044739	-0.00022548437118530273
chr17:41201179:C>G	-0.8985174894332886	-0.9005231857299805	-0.0020056962966918945
chr17:41201179:C>A	-0.8985174894332886	-0.8990628123283386	-0.0005453228950500488
chr17:41201178:G>T	-0.8983144760131836	-0.9009630680084229	-0.002648591995239258
chr17:41201178:G>C	-0.8983144760131836	-0.8993836641311646	-0.001069188117980957
chr17:41201178:G>A	-0.8983144760131836	-0.8992604613304138	-0.0009459853172302246
chr17:41201177:A>T	-0.8983231782913208	-0.8986959457397461	-0.00037276744842529297
chr17:41201177:A>G	-0.8983231782913208	-0.8986926674842834	-0.0003694891929626465
chr17:41201177:A>C	-0.8983231782913208	-0.8986774682998657	-0.0003542900085449219
chr17:41201176:A>T	-0.8980985879898071	-0.8984036445617676	-0.0003050565719604492
chr17:41201176:A>G	-0.8980985879898071	-0.8990654945373535	-0.0009669065475463867
chr17:41201176:A>C	-0.8980985879898071	-0.8985154628753662	-0.00041687488555908203
chr17:41201175:G>T	-0.8979443311691284	-0.9000158905982971	-0.002071559429168701
chr17:41201175:G>C	-0.8979443311691284	-0.8982726335525513	-0.00032830238342285156
chr17:41201175:G>A	-0.8979443311691284	-0.8997309803962708	-0.001786649227142334
chr17:41201174:A>T	-0.8976772427558899	-0.8982068300247192	-0.0005295872688293457
chr17:41201174:A>G	-0.8976772427558899	-0.898066520690918	-0.00038927793502807617
chr17:41201174:A>C	-0.8976772427558899	-0.8984928131103516	-0.0008155703544616699
chr17:41201173:C>T	-0.8976011872291565	-0.900341808795929	-0.002740621566772461
chr17:41201173:C>G	-0.8976011872291565	-0.8991907238960266	-0.0015895366668701172
chr17:41201173:C>A	-0.8976011872291565	-0.8993546962738037	-0.0017535090446472168
chr17:41201172:A>T	-0.8976042866706848	-0.9002646207809448	-0.0026603341102600098
chr17:41201172:A>G	-0.8976042866706848	-0.8984352350234985	-0.0008309483528137207
chr17:41201172:A>C	-0.8976042866706848	-0.8997519016265869	-0.0021476149559020996
chr17:41201171:C>T	-0.8971362709999084	-0.8975507020950317	-0.000414431095123291
chr17:41201171:C>G	-0.8971362709999084	-0.8979480862617493	-0.0008118152618408203
chr17:41201171:C>A	-0.8971362709999084	-0.8979195952415466	-0.0007833242416381836
chr17:41201170:C>T	-0.8968577980995178	-0.8979470729827881	-0.0010892748832702637
chr17:41201170:C>G	-0.8968577980995178	-0.8973649740219116	-0.0005071759223937988
chr17:41201170:C>A	-0.8968577980995178	-0.8976831436157227	-0.000825345516204834
chr17:41201169:A>T	-0.8968678712844849	-0.8987492322921753	-0.0018813610076904297
chr17:41201169:A>G	-0.8968678712844849	-0.898478090763092	-0.0016102194786071777
chr17:41201169:A>C	-0.8968678712844849	-0.8993805646896362	-0.002512693405151367
chr17:41201168:C>T	-0.8966900110244751	-0.8967038989067078	-1.3887882232666016e-05
chr17:41201168:C>G	-0.8966900110244751	-0.8971769213676453	-0.000486910343170166
chr17:41201168:C>A	-0.8966900110244751	-0.8969586491584778	-0.00026863813400268555
chr17:41201167:T>G	-0.8963531851768494	-0.8972079157829285	-0.0008547306060791016
chr17:41201167:T>C	-0.8963531851768494	-0.8971608281135559	-0.000807642936706543
chr17:41201167:T>A	-0.8963531851768494	-0.9050968289375305	-0.008743643760681152
chr17:41201166:T>G	-0.8960983157157898	-0.8978962302207947	-0.0017979145050048828
chr17:41201166:T>C	-0.8960983157157898	-0.8967918753623962	-0.0006935596466064453
chr17:41201166:T>A	-0.8960983157157898	-0.8998598456382751	-0.0037615299224853516
chr17:41201165:C>T	-0.8960958123207092	-0.8965380191802979	-0.00044220685958862305
chr17:41201165:C>G	-0.8960958123207092	-0.8972600698471069	-0.001164257526397705
chr17:41201165:C>A	-0.8960958123207092	-0.8969396948814392	-0.0008438825607299805
chr17:41201164:C>T	-0.8962207436561584	-0.8973338007926941	-0.0011130571365356445
chr17:41201164:C>G	-0.8962207436561584	-0.8973420262336731	-0.0011212825775146484
chr17:41201164:C>A	-0.8962207436561584	-0.9041275382041931	-0.007906794548034668
chr17:41201163:T>G	-0.8960521817207336	-0.8978595733642578	-0.00180739164352417
chr17:41201163:T>C	-0.8960521817207336	-0.8968090415000916	-0.0007568597793579102
chr17:41201163:T>A	-0.8960521817207336	-0.8979111313819885	-0.0018589496612548828
chr17:41201162:C>T	-0.8961189985275269	-0.8958787322044373	0.0002402663230895996
chr17:41201162:C>G	-0.8961189985275269	-0.8963741660118103	-0.00025516748428344727
chr17:41201162:C>A	-0.8961189985275269	-0.8963661193847656	-0.00024712085723876953
chr17:41201161:G>T	-0.8955890536308289	-0.8961678147315979	-0.000578761100769043
chr17:41201161:G>C	-0.8955890536308289	-0.8959420323371887	-0.0003529787063598633
chr17:41201161:G>A	-0.8955890536308289	-0.8961634039878845	-0.0005743503570556641
chr17:41201160:A>T	-0.8955585956573486	-0.8956097364425659	-5.1140785217285156e-05
chr17:41201160:A>G	-0.8955585956573486	-0.8947194218635559	0.0008391737937927246
chr17:41201160:A>C	-0.8955585956573486	-0.8960610628128052	-0.000502467155456543
chr17:41201159:A>T	-0.8955473303794861	-0.8957982659339905	-0.00025093555450439453
chr17:41201159:A>G	-0.8955473303794861	-0.8956993818283081	-0.00015205144882202148
chr17:41201159:A>C	-0.8955473303794861	-0.8956649899482727	-0.0001176595687866211
chr17:41201158:A>T	-0.8954282999038696	-0.8960177302360535	-0.0005894303321838379
chr17:41201158:A>G	-0.8954282999038696	-0.895356297492981	7.200241088867188e-05
chr17:41201158:A>C	-0.8954282999038696	-0.8962562084197998	-0.0008279085159301758
chr17:41201157:G>T	-0.8953033685684204	-0.898779571056366	-0.0034762024879455566
chr17:41201157:G>C	-0.8953033685684204	-0.8986301422119141	-0.0033267736434936523
chr17:41201157:G>A	-0.8953033685684204	-0.8972146511077881	-0.0019112825393676758
chr17:41201156:T>G	-0.894907534122467	-0.8953675627708435	-0.00046002864837646484
chr17:41201156:T>C	-0.894907534122467	-0.8952345252037048	-0.00032699108123779297
chr17:41201156:T>A	-0.894907534122467	-0.8952838778495789	-0.0003763437271118164
chr17:41201155:A>T	-0.8946921825408936	-0.8955124020576477	-0.0008202195167541504
chr17:41201155:A>G	-0.8946921825408936	-0.8947877287864685	-9.554624557495117e-05
chr17:41201155:A>C	-0.8946921825408936	-0.8954022526741028	-0.0007100701332092285
chr17:41201154:G>T	-0.8942771553993225	-0.8977735042572021	-0.0034963488578796387
chr17:41201154:G>C	-0.8942771553993225	-0.8998437523841858	-0.005566596984863281
chr17:41201154:G>A	-0.8942771553993225	-0.8947006464004517	-0.0004234910011291504
chr17:41201153:T>G	-0.8941526412963867	-0.8946632742881775	-0.0005106329917907715
chr17:41201153:T>C	-0.8941526412963867	-0.894660472869873	-0.0005078315734863281
chr17:41201153:T>A	-0.8941526412963867	-0.894599437713623	-0.0004467964172363281
chr17:41201152:A>T	-0.8943305611610413	-0.8952862024307251	-0.0009556412696838379
chr17:41201152:A>G	-0.8943305611610413	-0.8947852849960327	-0.0004547238349914551
chr17:41201152:A>C	-0.8943305611610413	-0.8948273062705994	-0.0004967451095581055
chr17:41201151:A>T	-0.8944277763366699	-0.894964337348938	-0.0005365610122680664
chr17:41201151:A>G	-0.8944277763366699	-0.8954731225967407	-0.0010453462600708008
chr17:41201151:A>C	-0.8944277763366699	-0.8952925205230713	-0.0008647441864013672
chr17:41201150:G>T	-0.8941510319709778	-0.8976438045501709	-0.0034927725791931152
chr17:41201150:G>C	-0.8941510319709778	-0.8979403972625732	-0.003789365291595459
chr17:41201150:G>A	-0.8941510319709778	-0.8943222761154175	-0.00017124414443969727
chr17:41201149:T>G	-0.8941859602928162	-0.8951290845870972	-0.0009431242942810059
chr17:41201149:T>C	-0.8941859602928162	-0.8948034644126892	-0.0006175041198730469
chr17:41201149:T>A	-0.8941859602928162	-0.894744873046875	-0.0005589127540588379
chr17:41201148:G>T	-0.894179105758667	-0.8945187330245972	-0.0003396272659301758
chr17:41201148:G>C	-0.894179105758667	-0.8943346738815308	-0.00015556812286376953
chr17:41201148:G>A	-0.894179105758667	-0.8955993056297302	-0.0014201998710632324
chr17:41201147:G>T	-0.8941476941108704	-0.894743800163269	-0.0005961060523986816
chr17:41201147:G>C	-0.8941476941108704	-0.8947256803512573	-0.0005779862403869629
chr17:41201147:G>A	-0.8941476941108704	-0.8943232297897339	-0.0001755356788635254
chr17:41201146:G>T	-0.8939427733421326	-0.8943830728530884	-0.00044029951095581055
chr17:41201146:G>C	-0.8939427733421326	-0.8944316506385803	-0.0004888772964477539
chr17:41201146:G>A	-0.8939427733421326	-0.8945980072021484	-0.0006552338600158691
chr17:41201145:A>T	-0.8940122723579407	-0.894483745098114	-0.00047147274017333984
chr17:41201145:A>G	-0.8940122723579407	-0.8946099281311035	-0.0005976557731628418
chr17:41201145:A>C	-0.8940122723579407	-0.8947203159332275	-0.0007080435752868652
chr17:41201144:A>T	-0.8936712741851807	-0.8939333558082581	-0.0002620816230773926
chr17:41201144:A>G	-0.8936712741851807	-0.8939317464828491	-0.00026047229766845703
chr17:41201144:A>C	-0.8936712741851807	-0.8938367366790771	-0.00016546249389648438
chr17:41201143:C>T	-0.8932499885559082	-0.8928391337394714	0.0004108548164367676
chr17:41201143:C>G	-0.8932499885559082	-0.8935630321502686	-0.00031304359436035156
chr17:41201143:C>A	-0.8932499885559082	-0.8941649794578552	-0.0009149909019470215
chr17:41201142:C>T	-0.8932155966758728	-0.8932989239692688	-8.33272933959961e-05
chr17:41201142:C>G	-0.8932155966758728	-0.8938491940498352	-0.0006335973739624023
chr17:41201142:C>A	-0.8932155966758728	-0.8936258554458618	-0.00041025876998901367
chr17:41201141:G>T	-0.8930082321166992	-0.8936280012130737	-0.0006197690963745117
chr17:41201141:G>C	-0.8930082321166992	-0.893567681312561	-0.0005594491958618164
chr17:41201141:G>A	-0.8930082321166992	-0.8933748006820679	-0.00036656856536865234
chr17:41201140:T>G	-0.8929783701896667	-0.8930475115776062	-6.914138793945312e-05
chr17:41201140:T>C	-0.8929783701896667	-0.8935892581939697	-0.0006108880043029785
chr17:41201140:T>A	-0.8929783701896667	-0.8941223621368408	-0.0011439919471740723
chr17:41201139:G>T	-0.8928986191749573	-0.8927045464515686	0.00019407272338867188
chr17:41201139:G>C	-0.8928986191749573	-0.8927589654922485	0.00013965368270874023
chr17:41201139:G>A	-0.8928986191749573	-0.8933956027030945	-0.000496983528137207
chr17:41201138:T>G	-0.892559289932251	-0.892937183380127	-0.00037789344787597656
chr17:41201138:T>C	-0.892559289932251	-0.8928340673446655	-0.0002747774124145508
chr17:41201138:T>A	-0.892559289932251	-0.892815351486206	-0.0002560615539550781
chr17:41201137:C>T	-0.8924980163574219	-0.9030885100364685	-0.01059049367904663
chr17:41201137:C>G	-0.8924980163574219	-0.904617190361023	-0.012119174003601074
chr17:41201137:C>A	-0.8924980163574219	-0.9045887589454651	-0.012090742588043213
chr17:41201136:A>T	-0.8923665881156921	-0.904805064201355	-0.012438476085662842
chr17:41201136:A>G	-0.8923665881156921	-0.9021767377853394	-0.009810149669647217
chr17:41201136:A>C	-0.8923665881156921	-0.9041795134544373	-0.011812925338745117
chr17:41201135:T>G	-0.892467200756073	-0.9018227458000183	-0.009355545043945312
chr17:41201135:T>C	-0.892467200756073	-0.8920311331748962	0.0004360675811767578
chr17:41201135:T>A	-0.892467200756073	-0.9012880325317383	-0.008820831775665283
chr17:41201134:T>G	-0.8923442959785461	-0.8927948474884033	-0.00045055150985717773
chr17:41201134:T>C	-0.8923442959785461	-0.8927878141403198	-0.00044351816177368164
chr17:41201134:T>A	-0.8923442959785461	-0.8968838453292847	-0.004539549350738525
chr17:41201133:C>T	-0.8923302888870239	-0.9024291038513184	-0.010098814964294434
chr17:41201133:C>G	-0.8923302888870239	-0.9023621082305908	-0.010031819343566895
chr17:41201133:C>A	-0.8923302888870239	-0.902556300163269	-0.010226011276245117
chr17:41201132:A>T	-0.891925036907196	-0.8949386477470398	-0.00301361083984375
chr17:41201132:A>G	-0.891925036907196	-0.8930421471595764	-0.001117110252380371
chr17:41201132:A>C	-0.891925036907196	-0.89555823802948	-0.0036332011222839355
chr17:41201131:T>G	-0.8919596672058105	-0.8917354345321655	0.00022423267364501953
chr17:41201131:T>C	-0.8919596672058105	-0.8917979001998901	0.00016176700592041016
chr17:41201131:T>A	-0.8919596672058105	-0.891935408115387	2.4259090423583984e-05
chr17:41201130:A>T	-0.8918390274047852	-0.8918206095695496	1.8417835235595703e-05
chr17:41201130:A>G	-0.8918390274047852	-0.8918095827102661	2.944469451904297e-05
chr17:41201130:A>C	-0.8918390274047852	-0.89173823595047	0.00010079145431518555
chr17:41201129:A>T	-0.8918460011482239	-0.891690731048584	0.00015527009963989258
chr17:41201129:A>G	-0.8918460011482239	-0.8920664191246033	-0.00022041797637939453
chr17:41201129:A>C	-0.8918460011482239	-0.8916510343551636	0.00019496679306030273
chr17:41201128:C>T	-0.8915296196937561	-0.8915071487426758	2.2470951080322266e-05
chr17:41201128:C>G	-0.8915296196937561	-0.8916246891021729	-9.506940841674805e-05
chr17:41201127:C>T	-0.8911118507385254	-0.8910773396492004	3.451108932495117e-05
chr17:41201127:C>G	-0.8911118507385254	-0.8913390040397644	-0.00022715330123901367
chr17:41201126:C>T	-0.8908876776695251	-0.8908817768096924	5.900859832763672e-06
chr17:41201126:C>G	-0.8908876776695251	-0.8910617232322693	-0.00017404556274414062
chr17:41201126:C>A	-0.8908876776695251	-0.8910451531410217	-0.00015747547149658203
chr17:41201125:A>T	-0.8906689882278442	-0.8908265829086304	-0.0001575946807861328
chr17:41201125:A>G	-0.8906689882278442	-0.8911033272743225	-0.0004343390464782715
chr17:41201125:A>C	-0.8906689882278442	-0.8907538652420044	-8.487701416015625e-05
chr17:41201124:C>T	-0.8907031416893005	-0.8907381296157837	-3.49879264831543e-05
chr17:41201124:C>G	-0.8907031416893005	-0.8907078504562378	-4.708766937255859e-06
chr17:41201124:C>A	-0.8907031416893005	-0.8906055092811584	9.763240814208984e-05
chr17:41201123:G>T	-0.8903916478157043	-0.8905038833618164	-0.00011223554611206055
chr17:41201123:G>C	-0.8903916478157043	-0.8904780745506287	-8.64267349243164e-05
chr17:41201122:G>T	-0.8904558420181274	-0.8904018402099609	5.4001808166503906e-05
chr17:41201122:G>C	-0.8904558420181274	-0.8908358216285706	-0.00037997961044311523
chr17:41201122:G>A	-0.8904558420181274	-0.8903934359550476	6.240606307983398e-05
chr17:41201121:G>T	-0.8902750611305237	-0.8902587890625	1.627206802368164e-05
chr17:41201121:G>C	-0.8902750611305237	-0.8906986713409424	-0.00042361021041870117
chr17:41201121:G>A	-0.8902750611305237	-0.8902422785758972	3.2782554626464844e-05
chr17:41201120:A>T	-0.8900905847549438	-0.8901367783546448	-4.6193599700927734e-05
chr17:41201120:A>G	-0.8900905847549438	-0.8903934955596924	-0.00030291080474853516
chr17:41201120:A>C	-0.8900905847549438	-0.8903775811195374	-0.00028699636459350586
chr17:41199734:A>T	-0.9124485850334167	-0.9134870171546936	-0.0010384321212768555
chr17:41199734:A>G	-0.9124485850334167	-0.9125222563743591	-7.367134094238281e-05
chr17:41199734:A>C	-0.9124485850334167	-0.9130411744117737	-0.0005925893783569336
chr17:41199733:G>T	-0.9124899506568909	-0.9129942059516907	-0.0005042552947998047
chr17:41199733:G>C	-0.9124899506568909	-0.9128909707069397	-0.0004010200500488281
chr17:41199733:G>A	-0.9124899506568909	-0.9121102690696716	0.0003796815872192383
chr17:41199732:G>T	-0.9125539660453796	-0.9130846858024597	-0.0005307197570800781
chr17:41199732:G>C	-0.9125539660453796	-0.9131500720977783	-0.0005961060523986816
chr17:41199732:G>A	-0.9125539660453796	-0.9126576781272888	-0.00010371208190917969
chr17:41199731:A>T	-0.9129108786582947	-0.9155451655387878	-0.002634286880493164
chr17:41199731:A>G	-0.9129108786582947	-0.9129499197006226	-3.904104232788086e-05
chr17:41199731:A>C	-0.9129108786582947	-0.9135000705718994	-0.0005891919136047363
chr17:41199730:C>T	-0.9129592180252075	-0.9216508269309998	-0.008691608905792236
chr17:41199730:C>G	-0.9129592180252075	-0.9134712815284729	-0.0005120635032653809
chr17:41199730:C>A	-0.9129592180252075	-0.9131919741630554	-0.0002327561378479004
chr17:41199729:C>T	-0.9132319688796997	-0.914009153842926	-0.0007771849632263184
chr17:41199729:C>G	-0.9132319688796997	-0.9138090014457703	-0.0005770325660705566
chr17:41199729:C>A	-0.9132319688796997	-0.9132706522941589	-3.8683414459228516e-05
chr17:41199728:C>T	-0.9131683111190796	-0.9140830636024475	-0.0009147524833679199
chr17:41199728:C>G	-0.9131683111190796	-0.9137253165245056	-0.0005570054054260254
chr17:41199728:C>A	-0.9131683111190796	-0.9132164716720581	-4.8160552978515625e-05
chr17:41199727:C>T	-0.9135645031929016	-0.9135391116142273	2.5391578674316406e-05
chr17:41199727:C>G	-0.9135645031929016	-0.9135487079620361	1.5795230865478516e-05
chr17:41199727:C>A	-0.9135645031929016	-0.9135708808898926	-6.377696990966797e-06
chr17:41199726:T>G	-0.9136812686920166	-0.9136021733283997	7.909536361694336e-05
chr17:41199726:T>C	-0.9136812686920166	-0.9138237237930298	-0.0001424551010131836
chr17:41199726:T>A	-0.9136812686920166	-0.9134837985038757	0.00019747018814086914
chr17:41199725:A>T	-0.9139207005500793	-0.914376437664032	-0.0004557371139526367
chr17:41199725:A>G	-0.9139207005500793	-0.9139309525489807	-1.0251998901367188e-05
chr17:41199725:A>C	-0.9139207005500793	-0.9153502583503723	-0.0014295578002929688
chr17:41199724:G>T	-0.9140980839729309	-0.9140612483024597	3.6835670471191406e-05
chr17:41199724:G>C	-0.9140980839729309	-0.9137758612632751	0.0003222227096557617
chr17:41199724:G>A	-0.9140980839729309	-0.913706362247467	0.0003917217254638672
chr17:41199723:G>T	-0.914276123046875	-0.9162508249282837	-0.0019747018814086914
chr17:41199723:G>C	-0.914276123046875	-0.9182252883911133	-0.003949165344238281
chr17:41199723:G>A	-0.914276123046875	-0.9141327142715454	0.00014340877532958984
chr17:41199722:T>G	-0.9144653677940369	-0.919966995716095	-0.0055016279220581055
chr17:41199722:T>C	-0.9144653677940369	-0.919514000415802	-0.005048632621765137
chr17:41199722:T>A	-0.9144653677940369	-0.9209337830543518	-0.006468415260314941
chr17:41199721:C>T	-0.9146891832351685	-0.9212135672569275	-0.006524384021759033
chr17:41199721:C>G	-0.9146891832351685	-0.9192585349082947	-0.004569351673126221
chr17:41199721:C>A	-0.9146891832351685	-0.9198129177093506	-0.005123734474182129
chr17:41199720:C>T	-0.9149137139320374	-0.9160457849502563	-0.0011320710182189941
chr17:41199720:C>G	-0.9149137139320374	-0.9167611598968506	-0.0018474459648132324
chr17:41199720:C>A	-0.9149137139320374	-0.9169318675994873	-0.002018153667449951
chr17:41199719:C>T	-0.9147519469261169	-0.915560245513916	-0.0008082985877990723
chr17:41199719:C>G	-0.9147519469261169	-0.9167214035987854	-0.001969456672668457
chr17:41199719:C>A	-0.9147519469261169	-0.9168930649757385	-0.002141118049621582
chr17:41199718:A>T	-0.9148637056350708	-0.9154984354972839	-0.0006347298622131348
chr17:41199718:A>G	-0.9148637056350708	-0.9153791666030884	-0.0005154609680175781
chr17:41199718:A>C	-0.9148637056350708	-0.9155822396278381	-0.000718533992767334
chr17:41199717:C>T	-0.9149061441421509	-0.9149917364120483	-8.559226989746094e-05
chr17:41199717:C>G	-0.9149061441421509	-0.9153031706809998	-0.00039702653884887695
chr17:41199717:C>A	-0.9149061441421509	-0.9150038957595825	-9.775161743164062e-05
chr17:41199716:A>T	-0.9151939153671265	-0.9150989055633545	9.500980377197266e-05
chr17:41199716:A>G	-0.9151939153671265	-0.9142516851425171	0.000942230224609375
chr17:41199716:A>C	-0.9151939153671265	-0.9156636595726013	-0.0004697442054748535
chr17:41199715:G>T	-0.9154740571975708	-0.9154637455940247	1.0311603546142578e-05
chr17:41199715:G>C	-0.9154740571975708	-0.9154785871505737	-4.5299530029296875e-06
chr17:41199715:G>A	-0.9154740571975708	-0.9151350259780884	0.0003390312194824219
chr17:41199714:G>T	-0.9153905510902405	-0.9159188270568848	-0.0005282759666442871
chr17:41199714:G>C	-0.9153905510902405	-0.9168922901153564	-0.0015017390251159668
chr17:41199714:G>A	-0.9153905510902405	-0.9155543446540833	-0.00016379356384277344
chr17:41199713:T>G	-0.9157083034515381	-0.9176350235939026	-0.001926720142364502
chr17:41199713:T>C	-0.9157083034515381	-0.9152363538742065	0.00047194957733154297
chr17:41199713:T>A	-0.9157083034515381	-0.9168811440467834	-0.0011728405952453613
chr17:41199712:G>T	-0.9156938791275024	-0.9161376953125	-0.0004438161849975586
chr17:41199712:G>C	-0.9156938791275024	-0.9162773489952087	-0.0005834698677062988
chr17:41199712:G>A	-0.9156938791275024	-0.9155674576759338	0.00012642145156860352
chr17:41199711:G>T	-0.9159097075462341	-0.9170283675193787	-0.0011186599731445312
chr17:41199711:G>C	-0.9159097075462341	-0.9168521165847778	-0.0009424090385437012
chr17:41199711:G>A	-0.9159097075462341	-0.9173075556755066	-0.001397848129272461
chr17:41199710:G>T	-0.915844202041626	-0.9183107018470764	-0.0024664998054504395
chr17:41199710:G>C	-0.915844202041626	-0.9182649254798889	-0.0024207234382629395
chr17:41199710:G>A	-0.915844202041626	-0.9174376726150513	-0.001593470573425293
chr17:41199709:T>G	-0.9161210060119629	-0.9166017770767212	-0.0004807710647583008
chr17:41199709:T>C	-0.9161210060119629	-0.916422426700592	-0.0003014206886291504
chr17:41199709:T>A	-0.9161210060119629	-0.9165399670600891	-0.0004189610481262207
chr17:41199708:T>G	-0.916062593460083	-0.9177550673484802	-0.0016924738883972168
chr17:41199708:T>C	-0.916062593460083	-0.916373074054718	-0.00031048059463500977
chr17:41199708:T>A	-0.916062593460083	-0.9194208979606628	-0.003358304500579834
chr17:41199707:A>T	-0.916150689125061	-0.9208002686500549	-0.0046495795249938965
chr17:41199707:A>G	-0.916150689125061	-0.9182759523391724	-0.002125263214111328
chr17:41199707:A>C	-0.916150689125061	-0.9205264449119568	-0.004375755786895752
chr17:41199706:A>T	-0.9164336323738098	-0.9167624711990356	-0.0003288388252258301
chr17:41199706:A>G	-0.9164336323738098	-0.916226863861084	0.00020676851272583008
chr17:41199706:A>C	-0.9164336323738098	-0.9177066683769226	-0.001273036003112793
chr17:41199705:C>G	-0.916213870048523	-0.9181770086288452	-0.0019631385803222656
chr17:41199704:A>G	-0.9164333939552307	-0.9185448288917542	-0.0021114349365234375
chr17:41199704:A>C	-0.9164333939552307	-0.9222425222396851	-0.005809128284454346
chr17:41199702:C>T	-0.9164981245994568	-0.9169155359268188	-0.00041741132736206055
chr17:41199701:A>T	-0.9166203141212463	-0.9217115640640259	-0.005091249942779541
chr17:41199701:A>G	-0.9166203141212463	-0.9187158346176147	-0.002095520496368408
chr17:41199700:A>T	-0.9167517423629761	-0.9172249436378479	-0.00047320127487182617
chr17:41199700:A>G	-0.9167517423629761	-0.9168880581855774	-0.00013631582260131836
chr17:41199700:A>C	-0.9167517423629761	-0.9170716404914856	-0.0003198981285095215
chr17:41199699:C>T	-0.917155921459198	-0.918121337890625	-0.000965416431427002
chr17:41199699:C>G	-0.917155921459198	-0.9190341830253601	-0.0018782615661621094
chr17:41199699:C>A	-0.917155921459198	-0.9192982316017151	-0.00214231014251709
chr17:41199698:A>T	-0.9173176884651184	-0.9228427410125732	-0.005525052547454834
chr17:41199698:A>G	-0.9173176884651184	-0.9187917709350586	-0.0014740824699401855
chr17:41199698:A>C	-0.9173176884651184	-0.9255450963973999	-0.008227407932281494
chr17:41199697:C>T	-0.9175739884376526	-0.9176746606826782	-0.00010067224502563477
chr17:41199697:C>G	-0.9175739884376526	-0.9181488156318665	-0.0005748271942138672
chr17:41199697:C>A	-0.9175739884376526	-0.9180986285209656	-0.0005246400833129883
chr17:41199696:G>T	-0.9177528619766235	-0.91928631067276	-0.0015334486961364746
chr17:41199696:G>C	-0.9177528619766235	-0.9205425381660461	-0.0027896761894226074
chr17:41199696:G>A	-0.9177528619766235	-0.9238902926445007	-0.006137430667877197
chr17:41199695:T>G	-0.9176939129829407	-0.9227653741836548	-0.005071461200714111
chr17:41199695:T>C	-0.9176939129829407	-0.9188246130943298	-0.0011307001113891602
chr17:41199695:T>A	-0.9176939129829407	-0.9234821796417236	-0.005788266658782959
chr17:41199694:C>T	-0.9179012775421143	-0.9180541038513184	-0.00015282630920410156
chr17:41199694:C>G	-0.9179012775421143	-0.9205489754676819	-0.002647697925567627
chr17:41199694:C>A	-0.9179012775421143	-0.920444905757904	-0.002543628215789795
chr17:41199693:G>T	-0.9179484844207764	-0.9215373396873474	-0.003588855266571045
chr17:41199693:G>C	-0.9179484844207764	-0.9222568273544312	-0.004308342933654785
chr17:41199693:G>A	-0.9179484844207764	-0.920621395111084	-0.002672910690307617
chr17:41199692:G>T	-0.9181046485900879	-0.9238724708557129	-0.005767822265625
chr17:41199692:G>C	-0.9181046485900879	-0.9238877296447754	-0.0057830810546875
chr17:41199692:G>A	-0.9181046485900879	-0.9252610802650452	-0.007156431674957275
chr17:41199691:T>G	-0.9182493090629578	-0.9186877608299255	-0.00043845176696777344
chr17:41199691:T>C	-0.9182493090629578	-0.9183754324913025	-0.00012612342834472656
chr17:41199691:T>A	-0.9182493090629578	-0.9186800718307495	-0.00043076276779174805
chr17:41199690:C>T	-0.9183816909790039	-0.9193193316459656	-0.0009376406669616699
chr17:41199690:C>G	-0.9183816909790039	-0.9199732542037964	-0.0015915632247924805
chr17:41199690:C>A	-0.9183816909790039	-0.922012448310852	-0.0036307573318481445
chr17:41199689:T>G	-0.9185290932655334	-0.920445442199707	-0.001916348934173584
chr17:41199689:T>C	-0.9185290932655334	-0.9207547903060913	-0.0022256970405578613
chr17:41199689:T>A	-0.9185290932655334	-0.922722578048706	-0.004193484783172607
chr17:41199688:A>T	-0.9185657501220703	-0.9189954996109009	-0.0004297494888305664
chr17:41199688:A>G	-0.9185657501220703	-0.9185746312141418	-8.881092071533203e-06
chr17:41199688:A>C	-0.9185657501220703	-0.9190990924835205	-0.0005333423614501953
chr17:41199687:C>T	-0.9186670184135437	-0.9191510677337646	-0.00048404932022094727
chr17:41199687:C>G	-0.9186670184135437	-0.9202864766120911	-0.0016194581985473633
chr17:41199687:C>A	-0.9186670184135437	-0.9196170568466187	-0.0009500384330749512
chr17:41199686:G>T	-0.918816089630127	-0.919825553894043	-0.0010094642639160156
chr17:41199686:G>C	-0.918816089630127	-0.9200054407119751	-0.0011893510818481445
chr17:41199686:G>A	-0.918816089630127	-0.9204760193824768	-0.0016599297523498535
chr17:41199685:G>T	-0.9191130995750427	-0.9198129177093506	-0.0006998181343078613
chr17:41199685:G>C	-0.9191130995750427	-0.9195281863212585	-0.0004150867462158203
chr17:41199685:G>A	-0.9191130995750427	-0.9192203283309937	-0.00010722875595092773
chr17:41199684:A>T	-0.9191007614135742	-0.9265289306640625	-0.007428169250488281
chr17:41199684:A>G	-0.9191007614135742	-0.9255149960517883	-0.006414234638214111
chr17:41199684:A>C	-0.9191007614135742	-0.926065981388092	-0.006965219974517822
chr17:41199683:C>T	-0.9192249178886414	-0.9314740896224976	-0.012249171733856201
chr17:41199683:C>G	-0.9192249178886414	-0.9263944029808044	-0.007169485092163086
chr17:41199683:C>A	-0.9192249178886414	-0.9251680970191956	-0.005943179130554199
chr17:41199682:C>T	-0.9192299246788025	-0.9317300319671631	-0.012500107288360596
chr17:41199682:C>G	-0.9192299246788025	-0.9236205220222473	-0.004390597343444824
chr17:41199682:C>A	-0.9192299246788025	-0.9239200353622437	-0.004690110683441162
chr17:41199681:T>G	-0.9193393588066101	-0.9218108654022217	-0.0024715065956115723
chr17:41199681:T>C	-0.9193393588066101	-0.9199508428573608	-0.0006114840507507324
chr17:41199681:T>A	-0.9193393588066101	-0.9200747609138489	-0.0007354021072387695
chr17:41199680:G>T	-0.9195498824119568	-0.9207190871238708	-0.0011692047119140625
chr17:41199680:G>C	-0.9195498824119568	-0.9205841422080994	-0.0010342597961425781
chr17:41199680:G>A	-0.9195498824119568	-0.9208752512931824	-0.001325368881225586
chr17:41199679:T>G	-0.9196057915687561	-0.9203273057937622	-0.0007215142250061035
chr17:41199679:T>C	-0.9196057915687561	-0.9199576377868652	-0.00035184621810913086
chr17:41199679:T>A	-0.9196057915687561	-0.9203247427940369	-0.0007189512252807617
chr17:41199678:C>T	-0.9199469685554504	-0.9203106760978699	-0.0003637075424194336
chr17:41199678:C>G	-0.9199469685554504	-0.9209004044532776	-0.0009534358978271484
chr17:41199678:C>A	-0.9199469685554504	-0.9324329495429993	-0.012485980987548828
chr17:41199677:T>G	-0.919898509979248	-0.9212655425071716	-0.001367032527923584
chr17:41199677:T>C	-0.919898509979248	-0.9213230013847351	-0.0014244914054870605
chr17:41199677:T>A	-0.919898509979248	-0.9217463731765747	-0.0018478631973266602
chr17:41199676:C>T	-0.9200366735458374	-0.9203072190284729	-0.00027054548263549805
chr17:41199676:C>G	-0.9200366735458374	-0.9204797744750977	-0.0004431009292602539
chr17:41199676:C>A	-0.9200366735458374	-0.9204376339912415	-0.00040096044540405273
chr17:41199675:C>T	-0.9203086495399475	-0.9209102988243103	-0.000601649284362793
chr17:41199675:C>G	-0.9203086495399475	-0.9212471842765808	-0.0009385347366333008
chr17:41199675:C>A	-0.9203086495399475	-0.9228830933570862	-0.002574443817138672
chr17:41199674:T>G	-0.9198912382125854	-0.9218915700912476	-0.0020003318786621094
chr17:41199674:T>C	-0.9198912382125854	-0.9214672446250916	-0.0015760064125061035
chr17:41199674:T>A	-0.9198912382125854	-0.9233974814414978	-0.0035062432289123535
chr17:41199673:G>T	-0.9201674461364746	-0.9207687377929688	-0.0006012916564941406
chr17:41199673:G>C	-0.9201674461364746	-0.9207550287246704	-0.0005875825881958008
chr17:41199673:G>A	-0.9201674461364746	-0.9204758405685425	-0.0003083944320678711
chr17:41199672:T>G	-0.9203258156776428	-0.9207220673561096	-0.0003962516784667969
chr17:41199672:T>C	-0.9203258156776428	-0.9209655523300171	-0.0006397366523742676
chr17:41199672:T>A	-0.9203258156776428	-0.9215092658996582	-0.0011834502220153809
chr17:41199671:T>G	-0.920447051525116	-0.9206783771514893	-0.00023132562637329102
chr17:41199671:T>C	-0.920447051525116	-0.9200678467750549	0.00037920475006103516
chr17:41199671:T>A	-0.920447051525116	-0.9217793941497803	-0.0013323426246643066
chr17:41199670:A>T	-0.9206019639968872	-0.9213884472846985	-0.0007864832878112793
chr17:41199670:A>G	-0.9206019639968872	-0.9206357598304749	-3.3795833587646484e-05
chr17:41199670:A>C	-0.9206019639968872	-0.9212601780891418	-0.0006582140922546387
chr17:41199669:C>T	-0.9206945300102234	-0.9217537641525269	-0.0010592341423034668
chr17:41199669:C>G	-0.9206945300102234	-0.9220563769340515	-0.001361846923828125
chr17:41199669:C>A	-0.9206945300102234	-0.9222012162208557	-0.0015066862106323242
chr17:41199668:C>T	-0.9209349751472473	-0.9212998747825623	-0.0003648996353149414
chr17:41199668:C>G	-0.9209349751472473	-0.9226182699203491	-0.0016832947731018066
chr17:41199668:C>A	-0.9209349751472473	-0.9233850240707397	-0.0024500489234924316
chr17:41199667:G>T	-0.9209364652633667	-0.9217599630355835	-0.0008234977722167969
chr17:41199667:G>C	-0.9209364652633667	-0.9216147065162659	-0.0006782412528991699
chr17:41199667:G>A	-0.9209364652633667	-0.92144376039505	-0.0005072951316833496
chr17:41199666:A>T	-0.9211463332176208	-0.9239242076873779	-0.00277787446975708
chr17:41199666:A>G	-0.9211463332176208	-0.9230602383613586	-0.001913905143737793
chr17:41199666:A>C	-0.9211463332176208	-0.9239029884338379	-0.002756655216217041
chr17:41199665:A>T	-0.9212927222251892	-0.9218316078186035	-0.0005388855934143066
chr17:41199665:A>G	-0.9212927222251892	-0.9237085580825806	-0.0024158358573913574
chr17:41199665:A>C	-0.9212927222251892	-0.9237204194068909	-0.00242769718170166
chr17:41199664:G>T	-0.9214245676994324	-0.9233655333518982	-0.0019409656524658203
chr17:41199664:G>C	-0.9214245676994324	-0.9232448935508728	-0.0018203258514404297
chr17:41199664:G>A	-0.9214245676994324	-0.9217387437820435	-0.000314176082611084
chr17:41199663:G>T	-0.9214734435081482	-0.9220454692840576	-0.0005720257759094238
chr17:41199663:G>C	-0.9214734435081482	-0.9224829077720642	-0.0010094642639160156
chr17:41199663:G>A	-0.9214734435081482	-0.9219168424606323	-0.00044339895248413086
chr17:41199662:T>G	-0.9216381907463074	-0.9225427508354187	-0.0009045600891113281
chr17:41199662:T>C	-0.9216381907463074	-0.922295868396759	-0.0006576776504516602
chr17:41199662:T>A	-0.9216381907463074	-0.9229909181594849	-0.0013527274131774902
chr17:41199661:A>T	-0.921829104423523	-0.9220616817474365	-0.00023257732391357422
chr17:41199661:A>G	-0.921829104423523	-0.9218770265579224	-4.792213439941406e-05
chr17:41199661:A>C	-0.921829104423523	-0.9223834872245789	-0.0005543828010559082
chr17:41199660:C>T	-0.9220829606056213	-0.9297425746917725	-0.007659614086151123
chr17:41199660:C>G	-0.9220829606056213	-0.9267857074737549	-0.004702746868133545
chr17:41199660:C>A	-0.9220829606056213	-0.9317305088043213	-0.009647548198699951
chr17:41199659:C>T	-0.9218367338180542	-0.9313055276870728	-0.009468793869018555
chr17:41199659:C>G	-0.9218367338180542	-0.9348308444023132	-0.012994110584259033
chr17:41199659:C>A	-0.9218367338180542	-0.9339666962623596	-0.01212996244430542
chr17:41199658:A>T	-0.9223558306694031	-0.9336045384407043	-0.01124870777130127
chr17:41199658:A>G	-0.9223558306694031	-0.932562530040741	-0.01020669937133789
chr17:41199657:T>G	-0.9222406148910522	-0.9325902462005615	-0.010349631309509277
chr17:41199657:T>C	-0.9222406148910522	-0.9231157898902893	-0.0008751749992370605
chr17:41199657:T>A	-0.9222406148910522	-0.9323827028274536	-0.010142087936401367
chr17:41199656:T>G	-0.9227410554885864	-0.9235045909881592	-0.0007635354995727539
chr17:41199656:T>C	-0.9227410554885864	-0.925309956073761	-0.0025689005851745605
chr17:41199656:T>A	-0.9227410554885864	-0.9239267110824585	-0.0011856555938720703
chr17:41199655:C>T	-0.9228766560554504	-0.9237198233604431	-0.0008431673049926758
chr17:41199655:C>G	-0.9228766560554504	-0.9240309596061707	-0.0011543035507202148
chr17:41199655:C>A	-0.9228766560554504	-0.9239811897277832	-0.0011045336723327637
chr17:41199654:C>T	-0.9229643940925598	-0.9227620363235474	0.00020235776901245117
chr17:41199654:C>G	-0.9229643940925598	-0.922796905040741	0.00016748905181884766
chr17:41199654:C>A	-0.9229643940925598	-0.9227564334869385	0.0002079606056213379
chr17:41199653:A>T	-0.9232450127601624	-0.9229565858840942	0.00028842687606811523
chr17:41199653:A>G	-0.9232450127601624	-0.9233641028404236	-0.00011909008026123047
chr17:41199653:A>C	-0.9232450127601624	-0.9230203032493591	0.00022470951080322266
chr17:41199652:C>T	-0.923334538936615	-0.9236082434654236	-0.00027370452880859375
chr17:41199652:C>G	-0.923334538936615	-0.9231374859809875	0.0001970529556274414
chr17:41199652:C>A	-0.923334538936615	-0.9231254458427429	0.0002090930938720703
chr17:41199651:G>T	-0.9235764145851135	-0.9235061407089233	7.027387619018555e-05
chr17:41199651:G>C	-0.9235764145851135	-0.9235332608222961	4.315376281738281e-05
chr17:41199650:G>T	-0.9233095049858093	-0.9234027862548828	-9.328126907348633e-05
chr17:41199650:G>C	-0.9233095049858093	-0.9238578677177429	-0.0005483627319335938
chr17:41199650:G>A	-0.9233095049858093	-0.9235658049583435	-0.0002562999725341797
chr17:41199649:A>T	-0.9232771396636963	-0.9234512448310852	-0.00017410516738891602
chr17:41199649:A>G	-0.9232771396636963	-0.9235550165176392	-0.0002778768539428711
chr17:41199649:A>C	-0.9232771396636963	-0.9238585829734802	-0.0005814433097839355
chr17:41199648:C>T	-0.9235862493515015	-0.9237720370292664	-0.00018578767776489258
chr17:41199648:C>G	-0.9235862493515015	-0.9236056804656982	-1.9431114196777344e-05
chr17:41199648:C>A	-0.9235862493515015	-0.9235466122627258	3.9637088775634766e-05
chr17:41199647:G>T	-0.9236838817596436	-0.9238499402999878	-0.00016605854034423828
chr17:41199647:G>C	-0.9236838817596436	-0.9236228466033936	6.103515625e-05
chr17:41199647:G>A	-0.9236838817596436	-0.9238770008087158	-0.00019311904907226562
chr17:41199646:T>G	-0.9238304495811462	-0.9236042499542236	0.00022619962692260742
chr17:41199646:T>C	-0.9238304495811462	-0.9238467216491699	-1.627206802368164e-05
chr17:41199646:T>A	-0.9238304495811462	-0.9238191843032837	1.1265277862548828e-05
chr17:41199645:A>T	-0.9237987995147705	-0.9239476323127747	-0.0001488327980041504
chr17:41199645:A>G	-0.9237987995147705	-0.9241625666618347	-0.000363767147064209
chr17:41199645:A>C	-0.9237987995147705	-0.9240041971206665	-0.0002053976058959961
chr17:41199644:C>T	-0.9238448143005371	-0.9241915345191956	-0.00034672021865844727
chr17:41199644:C>G	-0.9238448143005371	-0.9239581227302551	-0.00011330842971801758
chr17:41199644:C>A	-0.9238448143005371	-0.9238119125366211	3.2901763916015625e-05
chr17:41199643:A>T	-0.9240654706954956	-0.9238897562026978	0.00017571449279785156
chr17:41199643:A>G	-0.9240654706954956	-0.9240666627883911	-1.1920928955078125e-06
chr17:41199643:A>C	-0.9240654706954956	-0.9239047169685364	0.00016075372695922852
chr17:41199642:T>G	-0.9242802262306213	-0.9239305853843689	0.0003496408462524414
chr17:41199642:T>C	-0.9242802262306213	-0.9239743947982788	0.0003058314323425293
chr17:41199642:T>A	-0.9242802262306213	-0.9240268468856812	0.00025337934494018555
chr17:41199641:G>T	-0.9243044257164001	-0.9245924353599548	-0.0002880096435546875
chr17:41199641:G>C	-0.9243044257164001	-0.9243987202644348	-9.429454803466797e-05
chr17:41199641:G>A	-0.9243044257164001	-0.9242762923240662	2.8133392333984375e-05
chr17:41199640:G>T	-0.9244680404663086	-0.9244908690452576	-2.282857894897461e-05
chr17:41199640:G>C	-0.9244680404663086	-0.9247822761535645	-0.0003142356872558594
chr17:41199640:G>A	-0.9244680404663086	-0.9245998859405518	-0.00013184547424316406
chr17:41199639:A>T	-0.9246212840080261	-0.9247457981109619	-0.00012451410293579102
chr17:41199639:A>G	-0.9246212840080261	-0.9248678684234619	-0.000246584415435791
chr17:41199639:A>C	-0.9246212840080261	-0.9249017834663391	-0.0002804994583129883
chr17:41199638:C>T	-0.9244567155838013	-0.9250598549842834	-0.0006031394004821777
chr17:41199638:C>G	-0.9244567155838013	-0.9249852895736694	-0.0005285739898681641
chr17:41199638:C>A	-0.9244567155838013	-0.9248542785644531	-0.00039756298065185547
chr17:41199637:A>T	-0.9247692823410034	-0.9246357679367065	0.000133514404296875
chr17:41199637:A>G	-0.9247692823410034	-0.9252138733863831	-0.00044459104537963867
chr17:41199637:A>C	-0.9247692823410034	-0.9246180653572083	0.00015121698379516602
chr17:41199636:C>T	-0.924910306930542	-0.925198495388031	-0.00028818845748901367
chr17:41199636:C>G	-0.924910306930542	-0.9250818490982056	-0.00017154216766357422
chr17:41199636:C>A	-0.924910306930542	-0.9250741600990295	-0.00016385316848754883
chr17:41199635:G>C	-0.9251611828804016	-0.9251533150672913	7.867813110351562e-06
chr17:41199635:G>A	-0.9251611828804016	-0.9251378774642944	2.3305416107177734e-05
chr17:41197829:G>T	-0.972253680229187	-0.9728385806083679	-0.0005849003791809082
chr17:41197829:G>C	-0.972253680229187	-0.9726907014846802	-0.00043702125549316406
chr17:41197829:G>A	-0.972253680229187	-0.9722997546195984	-4.607439041137695e-05
chr17:41197828:A>T	-0.9721255302429199	-0.975501298904419	-0.0033757686614990234
chr17:41197828:A>G	-0.9721255302429199	-0.9724502563476562	-0.0003247261047363281
chr17:41197828:A>C	-0.9721255302429199	-0.972651481628418	-0.0005259513854980469
chr17:41197827:C>T	-0.9719161987304688	-0.9720718264579773	-0.00015562772750854492
chr17:41197827:C>G	-0.9719161987304688	-0.97218918800354	-0.00027298927307128906
chr17:41197827:C>A	-0.9719161987304688	-0.9721569418907166	-0.00024074316024780273
chr17:41197826:A>T	-0.971851110458374	-0.9722490906715393	-0.0003979802131652832
chr17:41197826:A>G	-0.971851110458374	-0.9720262289047241	-0.00017511844635009766
chr17:41197826:A>C	-0.971851110458374	-0.9723762273788452	-0.0005251169204711914
chr17:41197825:G>T	-0.9720274209976196	-0.9727331399917603	-0.000705718994140625
chr17:41197825:G>C	-0.9720274209976196	-0.9725127220153809	-0.00048530101776123047
chr17:41197825:G>A	-0.9720274209976196	-0.9722773432731628	-0.0002499222755432129
chr17:41197824:A>T	-0.97202068567276	-0.9723853468894958	-0.00036466121673583984
chr17:41197824:A>G	-0.97202068567276	-0.9718217849731445	0.00019890069961547852
chr17:41197824:A>C	-0.97202068567276	-0.9725372195243835	-0.0005165338516235352
chr17:41197823:G>T	-0.972130298614502	-0.9723747372627258	-0.00024443864822387695
chr17:41197823:G>C	-0.972130298614502	-0.9723002314567566	-0.00016993284225463867
chr17:41197823:G>A	-0.972130298614502	-0.9723513722419739	-0.00022107362747192383
chr17:41197822:G>T	-0.9719322919845581	-0.9725399017333984	-0.000607609748840332
chr17:41197822:G>C	-0.9719322919845581	-0.9729307889938354	-0.0009984970092773438
chr17:41197822:G>A	-0.9719322919845581	-0.972143292427063	-0.0002110004425048828
chr17:41197821:T>G	-0.9721829295158386	-0.9767773151397705	-0.004594385623931885
chr17:41197821:T>C	-0.9721829295158386	-0.9748625159263611	-0.002679586410522461
chr17:41197821:T>A	-0.9721829295158386	-0.9768743515014648	-0.004691421985626221
chr17:41197820:C>T	-0.9713934063911438	-0.9754424095153809	-0.0040490031242370605
chr17:41197820:C>G	-0.9713934063911438	-0.9760159254074097	-0.004622519016265869
chr17:41197820:C>A	-0.9713934063911438	-0.9760728478431702	-0.004679441452026367
chr17:41197819:G>T	-0.9708114266395569	-0.9709258675575256	-0.00011444091796875
chr17:41197819:G>C	-0.9708114266395569	-0.9712015986442566	-0.00039017200469970703
chr17:41197819:G>A	-0.9708114266395569	-0.9717404246330261	-0.0009289979934692383
chr17:41197818:T>G	-0.9705181121826172	-0.9708963632583618	-0.0003782510757446289
chr17:41197818:T>C	-0.9705181121826172	-0.9708933234214783	-0.000375211238861084
chr17:41197818:T>A	-0.9705181121826172	-0.9709652066230774	-0.0004470944404602051
chr17:41197817:T>G	-0.9706226587295532	-0.971452534198761	-0.0008298754692077637
chr17:41197817:T>C	-0.9706226587295532	-0.9709758162498474	-0.00035315752029418945
chr17:41197817:T>A	-0.9706226587295532	-0.9713907241821289	-0.0007680654525756836
chr17:41197816:A>T	-0.9706344604492188	-0.9715415239334106	-0.0009070634841918945
chr17:41197816:A>G	-0.9706344604492188	-0.9712859988212585	-0.0006515383720397949
chr17:41197816:A>C	-0.9706344604492188	-0.9715920686721802	-0.0009576082229614258
chr17:41197815:A>T	-0.9707550406455994	-0.971106231212616	-0.00035119056701660156
chr17:41197815:A>G	-0.9707550406455994	-0.9711942076683044	-0.0004391670227050781
chr17:41197815:A>C	-0.9707550406455994	-0.9713782668113708	-0.0006232261657714844
chr17:41197814:C>T	-0.9706735610961914	-0.9719831347465515	-0.0013095736503601074
chr17:41197814:C>G	-0.9706735610961914	-0.9725434184074402	-0.0018698573112487793
chr17:41197814:C>A	-0.9706735610961914	-0.9729241728782654	-0.0022506117820739746
chr17:41197813:C>T	-0.9707187414169312	-0.9713323712348938	-0.0006136298179626465
chr17:41197813:C>G	-0.9707187414169312	-0.9721423983573914	-0.001423656940460205
chr17:41197813:C>A	-0.9707187414169312	-0.9730093479156494	-0.0022906064987182617
chr17:41197812:C>T	-0.9704768061637878	-0.9708300232887268	-0.00035321712493896484
chr17:41197812:C>G	-0.9704768061637878	-0.9711799025535583	-0.0007030963897705078
chr17:41197812:C>A	-0.9704768061637878	-0.9709934592247009	-0.0005166530609130859
chr17:41197811:G>T	-0.9706469178199768	-0.9711553454399109	-0.000508427619934082
chr17:41197811:G>C	-0.9706469178199768	-0.9712416529655457	-0.0005947351455688477
chr17:41197811:G>A	-0.9706469178199768	-0.9713656306266785	-0.0007187128067016602
chr17:41197810:T>G	-0.9704873561859131	-0.9715864658355713	-0.0010991096496582031
chr17:41197810:T>C	-0.9704873561859131	-0.9712551236152649	-0.0007677674293518066
chr17:41197810:T>A	-0.9704873561859131	-0.9716227054595947	-0.0011353492736816406
chr17:41197809:C>T	-0.9698696136474609	-0.9702509045600891	-0.00038129091262817383
chr17:41197809:C>G	-0.9698696136474609	-0.9706210494041443	-0.0007514357566833496
chr17:41197809:C>A	-0.9698696136474609	-0.9706081748008728	-0.0007385611534118652
chr17:41197808:T>G	-0.9697186946868896	-0.9704238772392273	-0.0007051825523376465
chr17:41197808:T>C	-0.9697186946868896	-0.9704568982124329	-0.0007382035255432129
chr17:41197808:T>A	-0.9697186946868896	-0.9702820777893066	-0.0005633831024169922
chr17:41197807:A>T	-0.9698296785354614	-0.9702622890472412	-0.00043261051177978516
chr17:41197807:A>G	-0.9698296785354614	-0.9701493382453918	-0.0003196597099304199
chr17:41197807:A>C	-0.9698296785354614	-0.9702038168907166	-0.00037413835525512695
chr17:41197806:C>T	-0.9695789813995361	-0.9700866341590881	-0.000507652759552002
chr17:41197806:C>G	-0.9695789813995361	-0.9702754616737366	-0.0006964802742004395
chr17:41197806:C>A	-0.9695789813995361	-0.9703147411346436	-0.0007357597351074219
chr17:41197805:A>T	-0.9696178436279297	-0.970636248588562	-0.0010184049606323242
chr17:41197805:A>G	-0.9696178436279297	-0.9707318544387817	-0.0011140108108520508
chr17:41197805:A>C	-0.9696178436279297	-0.9708651304244995	-0.0012472867965698242
chr17:41197804:C>T	-0.9695894122123718	-0.9701517224311829	-0.0005623102188110352
chr17:41197804:C>G	-0.9695894122123718	-0.9706708192825317	-0.0010814070701599121
chr17:41197804:C>A	-0.9695894122123718	-0.9707413911819458	-0.0011519789695739746
chr17:41197803:A>T	-0.9696344137191772	-0.9707764387130737	-0.0011420249938964844
chr17:41197803:A>G	-0.9696344137191772	-0.9698710441589355	-0.00023663043975830078
chr17:41197803:A>C	-0.9696344137191772	-0.9706019759178162	-0.000967562198638916
chr17:41197802:C>T	-0.9695398211479187	-0.9698358178138733	-0.00029599666595458984
chr17:41197802:C>G	-0.9695398211479187	-0.9702574014663696	-0.0007175803184509277
chr17:41197802:C>A	-0.9695398211479187	-0.9704930186271667	-0.0009531974792480469
chr17:41197801:T>G	-0.9695879220962524	-0.9705525040626526	-0.0009645819664001465
chr17:41197801:T>C	-0.9695879220962524	-0.9704115986824036	-0.000823676586151123
chr17:41197801:T>A	-0.9695879220962524	-0.9706999659538269	-0.0011120438575744629
chr17:41197800:C>T	-0.9696018695831299	-0.9697896838188171	-0.00018781423568725586
chr17:41197800:C>G	-0.9696018695831299	-0.9702703356742859	-0.0006684660911560059
chr17:41197800:C>A	-0.9696018695831299	-0.9699777364730835	-0.0003758668899536133
chr17:41197799:C>T	-0.9695689678192139	-0.9700608849525452	-0.0004919171333312988
chr17:41197799:C>G	-0.9695689678192139	-0.9707883596420288	-0.0012193918228149414
chr17:41197799:C>A	-0.9695689678192139	-0.9700872302055359	-0.0005182623863220215
chr17:41197798:G>T	-0.9693178534507751	-0.9704569578170776	-0.0011391043663024902
chr17:41197798:G>C	-0.9693178534507751	-0.9705983400344849	-0.0012804865837097168
chr17:41197798:G>A	-0.9693178534507751	-0.969490647315979	-0.00017279386520385742
chr17:41197797:T>G	-0.9693605303764343	-0.9698084592819214	-0.00044792890548706055
chr17:41197797:T>C	-0.9693605303764343	-0.9696773886680603	-0.00031685829162597656
chr17:41197797:T>A	-0.9693605303764343	-0.9697344899177551	-0.0003739595413208008
chr17:41197796:G>T	-0.9693381190299988	-0.9706077575683594	-0.0012696385383605957
chr17:41197796:G>C	-0.9693381190299988	-0.9709341526031494	-0.0015960335731506348
chr17:41197796:G>A	-0.9693381190299988	-0.970328152179718	-0.0009900331497192383
chr17:41197795:G>T	-0.9693105816841125	-0.9709774851799011	-0.0016669034957885742
chr17:41197795:G>C	-0.9693105816841125	-0.9708312153816223	-0.0015206336975097656
chr17:41197795:G>A	-0.9693105816841125	-0.9709186553955078	-0.0016080737113952637
chr17:41197794:A>T	-0.9692932367324829	-0.9696434736251831	-0.0003502368927001953
chr17:41197794:A>G	-0.9692932367324829	-0.9696803092956543	-0.0003870725631713867
chr17:41197794:A>C	-0.9692932367324829	-0.9700096249580383	-0.0007163882255554199
chr17:41197793:C>G	-0.9694493412971497	-0.9704742431640625	-0.0010249018669128418
chr17:41197792:A>G	-0.969188392162323	-0.9701598286628723	-0.0009714365005493164
chr17:41197792:A>C	-0.969188392162323	-0.97282475233078	-0.0036363601684570312
chr17:41197790:C>T	-0.9682976007461548	-0.969358503818512	-0.0010609030723571777
chr17:41197790:C>G	-0.9682976007461548	-0.9698830246925354	-0.0015854239463806152
chr17:41197789:A>T	-0.9680058360099792	-0.972267210483551	-0.004261374473571777
chr17:41197789:A>G	-0.9680058360099792	-0.9698878526687622	-0.001882016658782959
chr17:41197788:C>T	-0.968002438545227	-0.9684249758720398	-0.00042253732681274414
chr17:41197788:C>G	-0.968002438545227	-0.9686298966407776	-0.0006274580955505371
chr17:41197788:C>A	-0.968002438545227	-0.9686396718025208	-0.0006372332572937012
chr17:41197787:T>G	-0.9679498672485352	-0.9731305241584778	-0.005180656909942627
chr17:41197787:T>C	-0.9679498672485352	-0.9690479040145874	-0.001098036766052246
chr17:41197787:T>A	-0.9679498672485352	-0.969139814376831	-0.0011899471282958984
chr17:41197786:G>T	-0.9676717519760132	-0.9696357846260071	-0.0019640326499938965
chr17:41197786:G>C	-0.9676717519760132	-0.968993604183197	-0.0013218522071838379
chr17:41197786:G>A	-0.9676717519760132	-0.9697211980819702	-0.0020494461059570312
chr17:41197785:G>T	-0.9675040245056152	-0.9678910374641418	-0.00038701295852661133
chr17:41197785:G>C	-0.9675040245056152	-0.9680181741714478	-0.0005141496658325195
chr17:41197785:G>A	-0.9675040245056152	-0.9676194190979004	-0.00011539459228515625
chr17:41197784:G>T	-0.9676712155342102	-0.968172550201416	-0.0005013346672058105
chr17:41197784:G>C	-0.9676712155342102	-0.9726499319076538	-0.0049787163734436035
chr17:41197784:G>A	-0.9676712155342102	-0.9682415723800659	-0.0005703568458557129
chr17:41197783:C>T	-0.967776894569397	-0.9683871865272522	-0.0006102919578552246
chr17:41197783:C>G	-0.967776894569397	-0.9727838039398193	-0.005006909370422363
chr17:41197783:C>A	-0.967776894569397	-0.9721202850341797	-0.004343390464782715
chr17:41197782:T>G	-0.9676834344863892	-0.9683034420013428	-0.0006200075149536133
chr17:41197782:T>C	-0.9676834344863892	-0.9678680896759033	-0.00018465518951416016
chr17:41197782:T>A	-0.9676834344863892	-0.9683260321617126	-0.0006425976753234863
chr17:41197781:C>T	-0.9677226543426514	-0.9698235988616943	-0.0021009445190429688
chr17:41197781:C>G	-0.9677226543426514	-0.9694555997848511	-0.001732945442199707
chr17:41197781:C>A	-0.9677226543426514	-0.9712414145469666	-0.0035187602043151855
chr17:41197780:T>G	-0.96834397315979	-0.9718978404998779	-0.0035538673400878906
chr17:41197780:T>C	-0.96834397315979	-0.9718958139419556	-0.0035518407821655273
chr17:41197780:T>A	-0.96834397315979	-0.9751250147819519	-0.006781041622161865
chr17:41197779:C>T	-0.9682631492614746	-0.9686828851699829	-0.0004197359085083008
chr17:41197779:C>G	-0.9682631492614746	-0.9696052074432373	-0.0013420581817626953
chr17:41197779:C>A	-0.9682631492614746	-0.9693889617919922	-0.0011258125305175781
chr17:41197778:A>T	-0.9677879810333252	-0.9776450395584106	-0.00985705852508545
chr17:41197778:A>G	-0.9677879810333252	-0.9772357940673828	-0.009447813034057617
chr17:41197778:A>C	-0.9677879810333252	-0.9802640676498413	-0.012476086616516113
chr17:41197777:C>T	-0.9675829410552979	-0.975663423538208	-0.008080482482910156
chr17:41197777:C>G	-0.9675829410552979	-0.9799559712409973	-0.012373030185699463
chr17:41197777:C>A	-0.9675829410552979	-0.9790127277374268	-0.011429786682128906
chr17:41197776:C>T	-0.9677351713180542	-0.9705047607421875	-0.0027695894241333008
chr17:41197776:C>G	-0.9677351713180542	-0.9790667295455933	-0.011331558227539062
chr17:41197776:C>A	-0.9677351713180542	-0.9789474606513977	-0.011212289333343506
chr17:41197775:C>T	-0.9676859378814697	-0.9687188863754272	-0.0010329484939575195
chr17:41197775:C>G	-0.9676859378814697	-0.9694973230361938	-0.001811385154724121
chr17:41197775:C>A	-0.9676859378814697	-0.9697767496109009	-0.0020908117294311523
chr17:41197774:A>T	-0.967721700668335	-0.9767225980758667	-0.009000897407531738
chr17:41197774:A>G	-0.967721700668335	-0.9704887270927429	-0.002767026424407959
chr17:41197774:A>C	-0.967721700668335	-0.9781489372253418	-0.010427236557006836
chr17:41197773:C>T	-0.967661440372467	-0.967836856842041	-0.0001754164695739746
chr17:41197773:C>G	-0.967661440372467	-0.9683057069778442	-0.0006442666053771973
chr17:41197773:C>A	-0.967661440372467	-0.9679833650588989	-0.00032192468643188477
chr17:41197772:A>G	-0.9674146175384521	-0.9678109288215637	-0.00039631128311157227
chr17:41197772:A>C	-0.9674146175384521	-0.9686250686645508	-0.0012104511260986328
chr17:41197771:A>T	-0.967563271522522	-0.971467137336731	-0.0039038658142089844
chr17:41197771:A>G	-0.967563271522522	-0.9709776639938354	-0.0034143924713134766
chr17:41197770:C>G	-0.9678559899330139	-0.9707190990447998	-0.0028631091117858887
chr17:41197770:C>A	-0.9678559899330139	-0.9702962040901184	-0.002440214157104492
chr17:41197769:C>T	-0.9679604768753052	-0.9690458178520203	-0.0010853409767150879
chr17:41197769:C>G	-0.9679604768753052	-0.9710676074028015	-0.003107130527496338
chr17:41197768:T>G	-0.9680588841438293	-0.9730356931686401	-0.004976809024810791
chr17:41197768:T>C	-0.9680588841438293	-0.9710265398025513	-0.002967655658721924
chr17:41197768:T>A	-0.9680588841438293	-0.9757536053657532	-0.007694721221923828
chr17:41197767:G>T	-0.9686871767044067	-0.9702116847038269	-0.001524507999420166
chr17:41197767:G>C	-0.9686871767044067	-0.9703230857849121	-0.001635909080505371
chr17:41197767:G>A	-0.9686871767044067	-0.9688557386398315	-0.0001685619354248047
chr17:41197766:T>G	-0.9681364297866821	-0.9702292084693909	-0.0020927786827087402
chr17:41197766:T>C	-0.9681364297866821	-0.9704084396362305	-0.00227200984954834
chr17:41197766:T>A	-0.9681364297866821	-0.9706974029541016	-0.0025609731674194336
chr17:41197765:C>T	-0.9680926203727722	-0.9689981341362	-0.0009055137634277344
chr17:41197765:C>G	-0.9680926203727722	-0.9702327251434326	-0.0021401047706604004
chr17:41197765:C>A	-0.9680926203727722	-0.9757207036018372	-0.007628083229064941
chr17:41197764:A>T	-0.9680032730102539	-0.9699796438217163	-0.0019763708114624023
chr17:41197764:A>G	-0.9680032730102539	-0.9681856036186218	-0.00018233060836791992
chr17:41197764:A>C	-0.9680032730102539	-0.9695895910263062	-0.001586318016052246
chr17:41197763:C>T	-0.9677935838699341	-0.967762291431427	3.129243850708008e-05
chr17:41197763:C>G	-0.9677935838699341	-0.9693667888641357	-0.0015732049942016602
chr17:41197763:C>A	-0.9677935838699341	-0.9691721796989441	-0.0013785958290100098
chr17:41197762:A>T	-0.9679694175720215	-0.9760562777519226	-0.008086860179901123
chr17:41197762:A>G	-0.9679694175720215	-0.9703202843666077	-0.0023508667945861816
chr17:41197762:A>C	-0.9679694175720215	-0.9764431715011597	-0.008473753929138184
chr17:41197761:T>G	-0.9678726196289062	-0.9685717821121216	-0.000699162483215332
chr17:41197761:T>C	-0.9678726196289062	-0.9680364727973938	-0.00016385316848754883
chr17:41197761:T>A	-0.9678726196289062	-0.9682804346084595	-0.00040781497955322266
chr17:41197760:C>T	-0.9677331447601318	-0.9692344665527344	-0.001501321792602539
chr17:41197760:C>G	-0.9677331447601318	-0.972960352897644	-0.005227208137512207
chr17:41197760:C>A	-0.9677331447601318	-0.9691860675811768	-0.0014529228210449219
chr17:41197759:G>T	-0.9677331447601318	-0.9705159068107605	-0.002782762050628662
chr17:41197759:G>C	-0.9677331447601318	-0.9699978828430176	-0.002264738082885742
chr17:41197759:G>A	-0.9677331447601318	-0.9694791436195374	-0.0017459988594055176
chr17:41197758:T>G	-0.9676762223243713	-0.9673694372177124	0.00030678510665893555
chr17:41197758:T>C	-0.9676762223243713	-0.9678413271903992	-0.00016510486602783203
chr17:41197758:T>A	-0.9676762223243713	-0.9674965739250183	0.00017964839935302734
chr17:41197757:G>T	-0.9677342176437378	-0.9690200686454773	-0.001285851001739502
chr17:41197757:G>C	-0.9677342176437378	-0.9693241119384766	-0.0015898942947387695
chr17:41197757:G>A	-0.9677342176437378	-0.9693669676780701	-0.0016327500343322754
chr17:41197756:A>T	-0.9676752090454102	-0.9701672196388245	-0.0024920105934143066
chr17:41197756:A>G	-0.9676752090454102	-0.9713150858879089	-0.0036398768424987793
chr17:41197756:A>C	-0.9676752090454102	-0.9702743291854858	-0.0025991201400756836
chr17:41197755:G>T	-0.9676883816719055	-0.9677865505218506	-9.816884994506836e-05
chr17:41197755:G>C	-0.9676883816719055	-0.9677513837814331	-6.300210952758789e-05
chr17:41197755:G>A	-0.9676883816719055	-0.9678137898445129	-0.00012540817260742188
chr17:41197754:A>T	-0.9676417112350464	-0.9739546179771423	-0.006312906742095947
chr17:41197754:A>G	-0.9676417112350464	-0.9711604118347168	-0.00351870059967041
chr17:41197754:A>C	-0.9676417112350464	-0.9756656289100647	-0.00802391767501831
chr17:41197753:T>G	-0.9677092432975769	-0.9726589918136597	-0.004949748516082764
chr17:41197753:T>C	-0.9677092432975769	-0.9702170491218567	-0.002507805824279785
chr17:41197753:T>A	-0.9677092432975769	-0.9695369005203247	-0.0018276572227478027
chr17:41197752:G>T	-0.9677547216415405	-0.9779757857322693	-0.01022106409072876
chr17:41197752:G>C	-0.9677547216415405	-0.9765029549598694	-0.008748233318328857
chr17:41197752:G>A	-0.9677547216415405	-0.9682441353797913	-0.0004894137382507324
chr17:41197751:G>T	-0.9677159190177917	-0.9687228798866272	-0.0010069608688354492
chr17:41197751:G>C	-0.9677159190177917	-0.9687145352363586	-0.0009986162185668945
chr17:41197751:G>A	-0.9677159190177917	-0.9721577167510986	-0.004441797733306885
chr17:41197750:T>G	-0.9676127433776855	-0.9715874791145325	-0.003974735736846924
chr17:41197750:T>C	-0.9676127433776855	-0.9686826467514038	-0.0010699033737182617
chr17:41197750:T>A	-0.9676127433776855	-0.9754661321640015	-0.007853388786315918
chr17:41197749:C>T	-0.9674504399299622	-0.9679635763168335	-0.0005131363868713379
chr17:41197749:C>G	-0.9674504399299622	-0.9686330556869507	-0.0011826157569885254
chr17:41197749:C>A	-0.9674504399299622	-0.9687970876693726	-0.0013466477394104004
chr17:41197748:A>T	-0.9675819277763367	-0.9699512720108032	-0.0023693442344665527
chr17:41197748:A>G	-0.9675819277763367	-0.9690541625022888	-0.0014722347259521484
chr17:41197748:A>C	-0.9675819277763367	-0.9708037972450256	-0.003221869468688965
chr17:41197747:C>T	-0.967859148979187	-0.9712380170822144	-0.0033788681030273438
chr17:41197747:C>G	-0.967859148979187	-0.9699097871780396	-0.002050638198852539
chr17:41197747:C>A	-0.967859148979187	-0.9718643426895142	-0.0040051937103271484
chr17:41197746:G>T	-0.9678294062614441	-0.9756501317024231	-0.007820725440979004
chr17:41197746:G>C	-0.9678294062614441	-0.9719916582107544	-0.004162251949310303
chr17:41197746:G>A	-0.9678294062614441	-0.9683152437210083	-0.000485837459564209
chr17:41197745:G>T	-0.9678866267204285	-0.9688446521759033	-0.0009580254554748535
chr17:41197745:G>C	-0.9678866267204285	-0.9694708585739136	-0.0015842318534851074
chr17:41197745:G>A	-0.9678866267204285	-0.9729711413383484	-0.005084514617919922
chr17:41197744:T>G	-0.9679062366485596	-0.9709967970848083	-0.0030905604362487793
chr17:41197744:T>C	-0.9679062366485596	-0.9687172770500183	-0.0008110404014587402
chr17:41197744:T>A	-0.9679062366485596	-0.9723025560379028	-0.004396319389343262
chr17:41197743:C>T	-0.9679471254348755	-0.9683064818382263	-0.0003593564033508301
chr17:41197743:C>G	-0.9679471254348755	-0.9692819714546204	-0.001334846019744873
chr17:41197743:C>A	-0.9679471254348755	-0.9692153930664062	-0.0012682676315307617
chr17:41197742:C>T	-0.9678946733474731	-0.9705540537834167	-0.0026593804359436035
chr17:41197742:C>G	-0.9678946733474731	-0.9688094854354858	-0.0009148120880126953
chr17:41197742:C>A	-0.9678946733474731	-0.9740378260612488	-0.006143152713775635
chr17:41197741:T>G	-0.9678590893745422	-0.9719088673591614	-0.004049777984619141
chr17:41197741:T>C	-0.9678590893745422	-0.971226155757904	-0.0033670663833618164
chr17:41197741:T>A	-0.9678590893745422	-0.9724143743515015	-0.0045552849769592285
chr17:41197740:C>T	-0.9678688049316406	-0.9679446816444397	-7.587671279907227e-05
chr17:41197740:C>G	-0.9678688049316406	-0.9683296084403992	-0.0004608035087585449
chr17:41197740:C>A	-0.9678688049316406	-0.9687028527259827	-0.000834047794342041
chr17:41197739:G>T	-0.9677525758743286	-0.9696943163871765	-0.0019417405128479004
chr17:41197739:G>C	-0.9677525758743286	-0.9699975252151489	-0.0022449493408203125
chr17:41197739:G>A	-0.9677525758743286	-0.9681129455566406	-0.0003603696823120117
chr17:41197738:A>T	-0.9675590991973877	-0.9719176292419434	-0.004358530044555664
chr17:41197738:A>G	-0.9675590991973877	-0.9717391729354858	-0.0041800737380981445
chr17:41197738:A>C	-0.9675590991973877	-0.9717414975166321	-0.004182398319244385
chr17:41197737:C>T	-0.967518150806427	-0.9676146507263184	-9.649991989135742e-05
chr17:41197737:C>G	-0.967518150806427	-0.9680280089378357	-0.0005098581314086914
chr17:41197737:C>A	-0.967518150806427	-0.9675807952880859	-6.264448165893555e-05
chr17:41197736:C>T	-0.9669520854949951	-0.969028651714325	-0.002076566219329834
chr17:41197736:C>G	-0.9669520854949951	-0.970146119594574	-0.0031940340995788574
chr17:41197736:C>A	-0.9669520854949951	-0.9726758003234863	-0.005723714828491211
chr17:41197735:T>G	-0.966491162776947	-0.9711366295814514	-0.0046454668045043945
chr17:41197735:T>C	-0.966491162776947	-0.9693225622177124	-0.002831399440765381
chr17:41197735:T>A	-0.966491162776947	-0.9723350405693054	-0.0058438777923583984
chr17:41197734:G>T	-0.9668786525726318	-0.9681472182273865	-0.0012685656547546387
chr17:41197734:G>C	-0.9668786525726318	-0.9678800106048584	-0.0010013580322265625
chr17:41197734:G>A	-0.9668786525726318	-0.9668033123016357	7.534027099609375e-05
chr17:41197733:T>G	-0.9667072892189026	-0.9693676829338074	-0.002660393714904785
chr17:41197733:T>C	-0.9667072892189026	-0.9669943451881409	-0.00028705596923828125
chr17:41197733:T>A	-0.9667072892189026	-0.9676986932754517	-0.0009914040565490723
chr17:41197732:G>T	-0.966934084892273	-0.9682644605636597	-0.0013303756713867188
chr17:41197732:G>C	-0.966934084892273	-0.96773761510849	-0.000803530216217041
chr17:41197732:G>A	-0.966934084892273	-0.9683716893196106	-0.0014376044273376465
chr17:41197731:G>T	-0.9668750762939453	-0.9668993353843689	-2.4259090423583984e-05
chr17:41197731:G>C	-0.9668750762939453	-0.9669764041900635	-0.00010132789611816406
chr17:41197731:G>A	-0.9668750762939453	-0.9668853282928467	-1.0251998901367188e-05
chr17:41197730:A>T	-0.9657645225524902	-0.9696598052978516	-0.003895282745361328
chr17:41197730:A>G	-0.9657645225524902	-0.9680025577545166	-0.002238035202026367
chr17:41197730:A>C	-0.9657645225524902	-0.9704272747039795	-0.004662752151489258
chr17:41197729:T>G	-0.965442955493927	-0.9695318341255188	-0.004088878631591797
chr17:41197729:T>C	-0.965442955493927	-0.9683270454406738	-0.002884089946746826
chr17:41197729:T>A	-0.965442955493927	-0.9667587876319885	-0.0013158321380615234
chr17:41197728:G>T	-0.9655992984771729	-0.9739372134208679	-0.008337914943695068
chr17:41197728:G>C	-0.9655992984771729	-0.9736111164093018	-0.008011817932128906
chr17:41197728:G>A	-0.9655992984771729	-0.9658011198043823	-0.00020182132720947266
chr17:41197727:G>T	-0.9656738638877869	-0.966741144657135	-0.0010672807693481445
chr17:41197727:G>C	-0.9656738638877869	-0.967099130153656	-0.0014252662658691406
chr17:41197727:G>A	-0.9656738638877869	-0.9658254384994507	-0.00015157461166381836
chr17:41197726:A>T	-0.9653270840644836	-0.9687724709510803	-0.0034453868865966797
chr17:41197726:A>G	-0.9653270840644836	-0.969395101070404	-0.00406801700592041
chr17:41197726:A>C	-0.9653270840644836	-0.9687860012054443	-0.0034589171409606934
chr17:41197725:C>T	-0.9655137062072754	-0.965532124042511	-1.8417835235595703e-05
chr17:41197725:C>G	-0.9655137062072754	-0.9654129147529602	0.00010079145431518555
chr17:41197725:C>A	-0.9655137062072754	-0.9654557108879089	5.799531936645508e-05
chr17:41197724:T>G	-0.9651562571525574	-0.9652497172355652	-9.34600830078125e-05
chr17:41197724:T>C	-0.9651562571525574	-0.9651090502738953	4.7206878662109375e-05
chr17:41197724:T>A	-0.9651562571525574	-0.9653314352035522	-0.00017517805099487305
chr17:41197723:A>T	-0.9651065468788147	-0.9683043360710144	-0.003197789192199707
chr17:41197723:A>G	-0.9651065468788147	-0.9661580324172974	-0.001051485538482666
chr17:41197723:A>C	-0.9651065468788147	-0.9680644869804382	-0.002957940101623535
chr17:41197722:T>G	-0.9651505947113037	-0.9649055600166321	0.00024503469467163086
chr17:41197722:T>C	-0.9651505947113037	-0.9648962020874023	0.0002543926239013672
chr17:41197722:T>A	-0.9651505947113037	-0.9651620984077454	-1.150369644165039e-05
